Area,Perimeter,MajorAxisLength,MinorAxisLength,AspectRation,Eccentricity,ConvexArea,EquivDiameter,Extent,Solidity,roundness,Compactness,ShapeFactor1,ShapeFactor2,ShapeFactor3,ShapeFactor4,Class
28395,610.291,208.178116708527,173.888747041636,1.19719142411602,0.549812187138347,28715,190.141097274511,0.763922518159806,0.988855998607,0.958027126250128,0.913357754795763,0.00733150613518321,0.00314728916733569,0.834222388245556,0.998723889013168,SEKER
28734,638.018,200.524795663648,182.734419351024,1.09735646068106,0.41178525136724,29172,191.272750485845,0.783968132707629,0.984985602632661,0.887033636552887,0.953860842260513,0.00697865927694188,0.00356362371210096,0.909850506397935,0.998430331449707,SEKER
29380,624.11,212.826129860206,175.931142612714,1.20971265632436,0.562727316750412,29690,193.41090409881,0.778113247523704,0.989558773997979,0.947849473016411,0.908774238510331,0.00724391184003426,0.00304773321721317,0.825870616580033,0.999066137363272,SEKER
30008,645.884,210.557998960925,182.516515695305,1.15363805932189,0.498615976402717,30724,195.467061824781,0.782681272822118,0.976695742741831,0.903936374317338,0.928328834759944,0.00701672883767412,0.00321456207939006,0.861794425446755,0.99419884850682,SEKER
30140,620.134,201.847882166738,190.279278786648,1.06079801990978,0.333679657773177,30417,195.896502976234,0.77309803519212,0.990893250484926,0.98487706935091,0.970515523241471,0.00669701002543921,0.00366497196445168,0.941900380852666,0.999166058960777,SEKER
30279,634.927,212.560556425386,181.510181599753,1.17106684898868,0.520400660291264,30600,196.347702240276,0.775688484693224,0.989509803921569,0.943851783250593,0.923725951522894,0.00702006527379987,0.0031527787389953,0.853269633516877,0.999235781060337,SEKER
30477,670.033,211.05015532184,184.039050112943,1.1467683363521,0.489477894457261,30970,196.988633187028,0.762401500938086,0.984081369066839,0.853079868774835,0.933373552303864,0.00692489927886079,0.00324201624537651,0.871186188140334,0.999048735626615,SEKER
30519,629.727,212.996755056346,182.737203764065,1.16559053476242,0.513759557963588,30847,197.124320330528,0.770681818181818,0.989366875222874,0.96710924399015,0.925480391841559,0.0069791524970132,0.00315828514636252,0.856513955683206,0.998344559636264,SEKER
30685,635.681,213.534145164516,183.157146295974,1.16585210832808,0.514080860347291,31044,197.659696018684,0.771561478501383,0.988435768586522,0.954239807502237,0.925658497690839,0.00695890973324153,0.00315154951881169,0.856843654347261,0.998952980928295,SEKER
30834,631.934,217.227812764409,180.897468573821,1.20083390042444,0.553642224684321,31120,198.13901211615,0.783682805947389,0.990809768637532,0.970278230120595,0.912125429956056,0.00704507403400173,0.00300803981211981,0.83197279997252,0.999061142438045,SEKER
30917,640.765,213.560089393098,184.439870859033,1.15788461788895,0.504102365412161,31280,198.405511527722,0.770805285464971,0.988395140664962,0.94625817993264,0.92903834275195,0.00690752949487654,0.00317422029479992,0.86311224230329,0.999384388874617,SEKER
31091,638.558,210.486254870828,188.32684762014,1.1176646215381,0.446621923566855,31458,198.963038490472,0.786377317449478,0.988333651217496,0.958172835629964,0.945254304669785,0.00677000594612036,0.00333398366836809,0.893505700496759,0.998639710587848,SEKER
31107,640.594,214.648548507602,184.969252585646,1.16045529463451,0.507365875296869,31423,199.014226923797,0.761046141801634,0.989943671832734,0.952581756919709,0.927163161863865,0.00690032945985154,0.00314538825697802,0.859631528717401,0.997563958934867,SEKER
31158,642.626,216.484836208562,183.64431215612,1.17882679657687,0.529514250950734,31492,199.17730225821,0.798759228876128,0.989394131843008,0.948119004016837,0.920051980298156,0.00694796958112082,0.00307105170823927,0.846495646450557,0.997871751221581,SEKER
31158,641.105,212.0669751385,187.192960068368,1.13287900923757,0.469924156725518,31474,199.17730225821,0.781313473256601,0.989959966956853,0.952623101345308,0.939218858231592,0.00680618060011876,0.00326700987845184,0.882132063657855,0.9993488982934,SEKER
31178,636.888,212.975925175588,186.56208823219,1.14158201804926,0.482352224460347,31520,199.241216935033,0.764110482072397,0.989149746192893,0.965899596025826,0.935510512612018,0.00683096815625081,0.00322742911256885,0.875179919207602,0.999089658325205,SEKER
31202,644.454,215.640694698434,184.471684245499,1.16896365737873,0.517871223251886,31573,199.317887493387,0.779192887823394,0.988249453647104,0.944079243407028,0.924305534129939,0.00691111770714807,0.00311164659191265,0.854340720423232,0.998693253193524,SEKER
31203,639.782,215.067736952165,184.874875944121,1.16331511166055,0.51094682922762,31558,199.321081459968,0.762984154929578,0.98875087141137,0.957948541785651,0.926782809382055,0.0068925339535354,0.0031366824591192,0.858926375766094,0.999202032732524,SEKER
31272,638.666,212.450318949182,187.535938994111,1.13285122888287,0.469883494214805,31593,199.541341688779,0.770322199231451,0.989839521412971,0.963425036380755,0.939237665896417,0.00679362749261901,0.00326124551720406,0.88216739303855,0.999364415284123,SEKER
31335,635.011,216.790092286783,184.163440299905,1.17716139497474,0.52758671006422,31599,199.742236730934,0.774277242401779,0.991645305231178,0.976510834463214,0.921362386186462,0.00691846472911387,0.00307546938589828,0.84890864667921,0.999302486731014,SEKER
31374,636.401,219.865394008333,182.008863698133,1.207992784203,0.560994520118261,31604,199.8664991351,0.769196822594881,0.992722440197443,0.973459862403212,0.909040279106065,0.0070078853193196,0.0029518837956689,0.826354229037234,0.998229945872614,SEKER
31530,638.857,213.785654347426,188.066482344252,1.13675574553522,0.475535641525624,31791,200.362778093886,0.768949370793093,0.991790129281872,0.970792738740304,0.937213391167368,0.00678038865675312,0.00322692069692609,0.878368940583439,0.998490939907905,SEKER
31573,674.103,217.307026058546,185.448250670846,1.17179334543439,0.521268390422128,32197,200.499356971346,0.756964756653081,0.980619312358294,0.873118506983121,0.922654736977205,0.00688268539760383,0.00307676654467165,0.851291763666475,0.997538023687478,SEKER
31637,656.711,229.719254636411,175.510445975356,1.30886371668537,0.645190802030003,32045,200.702465049103,0.761823348102485,0.987267904509284,0.921842181991718,0.87368586219194,0.00726109475096916,0.00260977519565463,0.763326985794073,0.999090995672673,SEKER
31675,657.431,236.752632109384,171.210559184609,1.38281559990762,0.690678219290455,32009,200.822963277326,0.74093567251462,0.989565434721485,0.920928960232452,0.848239622461906,0.00747443195294029,0.00238688873922109,0.719510457114316,0.994950284394336,SEKER
31682,646.721,210.045681626729,192.248415947661,1.09257431636738,0.402841973574384,32026,200.845152434156,0.773184303006638,0.989258727284082,0.951893863107529,0.956197484655159,0.00662981130063533,0.0034187812857825,0.914313629660853,0.998955588872088,SEKER
31703,656.305,215.708906739895,187.272449690278,1.15184538407356,0.496263280854626,32093,200.911705200914,0.777110501029513,0.987847817281027,0.924908560143662,0.931401990939466,0.00680405345676734,0.0031586108837337,0.867509668726,0.999237007561227,SEKER
31748,641.826,219.776518299812,184.115105311921,1.19369085946248,0.546072627557524,32020,201.054244089131,0.775589974104656,0.991505309181761,0.968482156016241,0.914812217631273,0.00692253112951405,0.00299069761657298,0.836881393527448,0.99897766990794,SEKER
31768,650.954,220.959494859984,183.292068076593,1.20550494726073,0.558465259169797,32173,201.117562279247,0.777674418604651,0.987411804929599,0.942104629800205,0.910201041175846,0.00695541094371645,0.00294477331458202,0.828465935357594,0.99871978371057,SEKER
31811,642.092,223.98468285222,180.91712284293,1.23805132058551,0.589564968712359,32052,201.253628930189,0.773877292852625,0.992480968426307,0.969600136066738,0.898515141157984,0.00704110788256328,0.00283088587217068,0.807329458890153,0.999515302726536,SEKER
31821,649.681,213.735645200693,189.969201915978,1.12510682281661,0.458286561004727,32168,201.285259154806,0.772354368932039,0.98921288236757,0.947378131655798,0.94174866792015,0.00671681107446947,0.00325898944568868,0.886890553529376,0.997846612867501,SEKER
31823,662.532,222.872688946637,181.894696257825,1.22528415358922,0.577858150317048,32274,201.291584603299,0.774847820793767,0.986025903203817,0.911039619618029,0.903168466063129,0.00700350969256943,0.00287455458764103,0.815713278090826,0.999480553517006,SEKER
31837,656.404,224.91255418413,180.439421864232,1.24647126365413,0.596968353593323,32238,201.335857178331,0.785245659037096,0.987561263105652,0.928537747530147,0.895173939528085,0.00706450212595815,0.00279827920223228,0.801336382010231,0.99884277269632,SEKER
31915,640.718,216.320361538156,188.065306942129,1.15024065339558,0.494138341379461,32184,201.582340670563,0.777655945419103,0.99164180959483,0.976946683198448,0.931869470063762,0.00677801540147754,0.00315284520289667,0.868380709236916,0.99884679438879,SEKER
31972,639.974,213.687480532895,190.644947293341,1.12086621526926,0.451705438552652,32246,201.762272797153,0.772270531400966,0.991502822055449,0.98096837706725,0.944193231601575,0.00668358190081618,0.0032766689712814,0.891500858602225,0.999253193290773,SEKER
31992,640.338,212.88736370737,191.487253659592,1.11175736054902,0.436968431674381,32258,201.825368859238,0.774212284013359,0.991753983507967,0.980466376243067,0.948038274064317,0.00665439371428389,0.00331582605174689,0.898776569090849,0.99922146617575,SEKER
31994,654.535,212.171396083836,192.422531787773,1.10263280558976,0.421302376628277,32391,201.831677380576,0.78974131121643,0.987743508999413,0.938453277390992,0.951267141122195,0.00663159955253598,0.00334971639083027,0.904909173778794,0.99778254108762,SEKER
32015,653.676,212.929989278447,191.810134583788,1.11010812718779,0.434206940282972,32375,201.897904953707,0.761880964279765,0.988880308880309,0.941538948867788,0.948189147230393,0.00665094453470082,0.00331621752056693,0.8990626589255,0.998056764524262,SEKER
32026,654.237,230.979067419152,176.931808304158,1.30546943273243,0.642831065083752,32349,201.932586918725,0.779448987538941,0.990015147299762,0.940247873362075,0.874246264715767,0.00721223591516742,0.00259887163247107,0.764306531369471,0.997778813940591,SEKER
32038,645.085,224.482321107924,181.940866806836,1.23382022438232,0.585751299809343,32308,201.970414997408,0.770514670514671,0.991642936733936,0.967478614801258,0.899716351829356,0.00700675201660292,0.00283216769253913,0.809489513749126,0.998764533489084,SEKER
32044,652.651,216.147146845467,188.970540325967,1.14381398535783,0.485443520101132,32395,201.989326380117,0.778069153069153,0.989164994597932,0.94535422940668,0.934499156375763,0.00674532351908212,0.00317320552276394,0.873288673267012,0.998879797737396,SEKER
32057,642.082,215.918285273981,189.303386911369,1.14059388369566,0.4809714696791,32301,202.030294969777,0.779804908900727,0.992446054301724,0.977128658233448,0.935679415541017,0.00673544889646508,0.00318459793704157,0.875495968667179,0.998585347061992,SEKER
32066,669.313,236.436655048021,173.230899314783,1.36486421292766,0.680580172001965,32481,202.058652973531,0.780878628482369,0.987223299775253,0.899489569384345,0.854599524479365,0.00737343775488123,0.00242605346984429,0.730340347240357,0.996815403205524,SEKER
32109,663.582,224.472352289152,182.364496199987,1.23089941828912,0.583080943792937,32567,202.194086317828,0.767625331707667,0.985936684373753,0.91632059983195,0.900752739728826,0.00699094809209731,0.00283882229412411,0.811355498128986,0.998697010672647,SEKER
32114,648.566,222.657507373999,183.829036100673,1.21122055632202,0.564236126931391,32393,202.209828494129,0.760670803922498,0.991387028061618,0.959391599713714,0.908165329249268,0.0069333470565485,0.00290925891879081,0.824764265250432,0.998971432191153,SEKER
32167,654.893,217.960517017149,188.204715944682,1.15810337654458,0.504381753098667,32521,202.376620278865,0.760593019956493,0.989114725869438,0.942496457059229,0.928501285684425,0.00677590440566883,0.00310654086442238,0.862114637517631,0.998417872677674,SEKER
32213,658.216,221.481114338168,185.295432369925,1.1952864218261,0.547784366560733,32585,202.521271610055,0.76290735126942,0.988583704158355,0.934338332357564,0.91439521701537,0.00687551964542788,0.00296497525270657,0.836118612900586,0.999401225036144,SEKER
32218,653.595,222.756071381096,184.404683949012,1.20797404171517,0.560975566460154,32566,202.536988355899,0.75443156539047,0.989314008475097,0.947743902155772,0.909232179846598,0.00691402543240103,0.00291480783016974,0.826703156868597,0.998635953701248,SEKER
32233,665.493,221.233683701027,185.592372872437,1.1920408165323,0.544289509536922,32710,202.584131277473,0.775204425204425,0.985417303576888,0.914584019736575,0.915702020996241,0.00686357719421173,0.00297678162378273,0.8385101912566,0.999538373056174,SEKER
32251,644.051,220.980962776812,186.027783501276,1.1878922525317,0.539747142543915,32514,202.640688306307,0.764060649135276,0.991911176723873,0.977040421644609,0.9170051834328,0.00685191041446192,0.00298867438291836,0.840898506442622,0.998896820968673,SEKER
32258,654.808,220.804030078904,186.277755809551,1.18534834779013,0.53691890750618,32612,202.662678443928,0.775805675805676,0.989145099963204,0.945408163831568,0.917839580969183,0.00684493862232326,0.00299651495954581,0.842429496393685,0.998572411679922,SEKER
32262,652.419,222.698656271345,184.512992892548,1.20695379105923,0.559941517597533,32563,202.675243165626,0.781313571636152,0.990756379940423,0.952462641652081,0.910087409412469,0.0069028162008352,0.00292104667882256,0.8282590927711,0.999670451999354,SEKER
32279,646.556,218.181603796504,188.553141772327,1.15713587026809,0.503143725687597,32623,202.728634545065,0.790183598531212,0.989455292278454,0.970325943687563,0.929173821337145,0.00675924296900474,0.00310789031015091,0.863363990258273,0.999029442225635,SEKER
32323,649.59,217.371457379769,189.591319048293,1.14652642573999,0.489149967062039,32615,202.866758746904,0.784843628593629,0.991047064234248,0.962593367623502,0.933272294312663,0.00672497779846453,0.00314705338997045,0.870997175331621,0.998621278262591,SEKER
32338,653.602,221.411341343968,186.136272979216,1.18951205909603,0.541530904990862,32672,202.913825053015,0.782490865535848,0.989777179236043,0.951253517768984,0.916456328846243,0.00684678524781891,0.00297929541203475,0.839892202682334,0.999061903431366,SEKER
32355,657.166,221.279621000057,186.360409938842,1.18737462035351,0.53917432775905,32720,202.967153672475,0.783793604651163,0.988844743276284,0.941458315972127,0.917242865633898,0.00683911670530234,0.00298618801014348,0.841334474556285,0.99897920231659,SEKER
32368,675.385,221.658064937458,186.17622928518,1.19058198669352,0.542701939342946,32806,203.007924929023,0.759099437148218,0.986648783759069,0.891708502338534,0.915860765031501,0.00684806181838416,0.00297211255833939,0.838800940924086,0.998661290685795,SEKER
32376,643.009,219.130013730037,188.300427392052,1.16372552502919,0.511456520670891,32608,203.033010863617,0.784302325581395,0.99288518155054,0.984008731460785,0.926541314024415,0.00676828557357417,0.00307692983967631,0.85847880659409,0.999033699930142,SEKER
32433,653.76,219.83669711196,188.00923682406,1.16928668413076,0.518261407847297,32775,203.211658510026,0.76932017647896,0.989565217391304,0.953586943724989,0.9243755077276,0.00677817954281009,0.00305271703844801,0.854470079286658,0.999120485698042,SEKER
32465,653.85,225.202449417725,183.692094560686,1.22597790588819,0.578509867521597,32767,203.311883124984,0.765034404750683,0.990783410138249,0.954265043453442,0.902796055951696,0.00693677651063377,0.0028424712305333,0.815040718641939,0.99922191345425,SEKER
32514,649.012,221.445489897254,187.134423177447,1.18334984091768,0.534673643692279,32843,203.465256389191,0.784983099951714,0.98998264470359,0.970006873650654,0.918805149220218,0.00681077350978821,0.00299412469071594,0.844202902233588,0.99898737006036,SEKER
32518,651.651,221.262785372889,187.256110603346,1.18160515381833,0.532696426660149,32811,203.477771551828,0.758915235250187,0.991070067965012,0.962284651111448,0.919620401636505,0.00680431715889321,0.00300191714379021,0.845701683106086,0.999285467350991,SEKER
32518,655.131,220.821199193386,187.665586505827,1.17667390865256,0.527019604549459,32842,203.477771551828,0.79403218323444,0.990134583764692,0.952088655357595,0.921459408313561,0.00679073741292164,0.0030199623917195,0.849087441169578,0.999099038188805,SEKER
32525,663.914,225.077855560317,184.214734173858,1.22182330620684,0.574579253881493,33000,203.499671234406,0.769057977868155,0.985606060606061,0.927264249095811,0.904130131895053,0.00692014928701975,0.0028524562955169,0.817451295400567,0.998781044409387,SEKER
32578,657.571,227.037573996575,182.842305722646,1.24171248606419,0.59281399771747,32901,203.66540670517,0.781922043010753,0.990182669219781,0.946779790962294,0.897055950343453,0.00696904579767251,0.00278375625875933,0.804709378046596,0.999217682373403,SEKER
32581,649.583,224.424177897585,184.92347131983,1.21360569480895,0.566603091116333,32851,203.674783925297,0.772061611374408,0.991781072113482,0.970297634580016,0.90754385660819,0.00688819182645054,0.00288240817574908,0.823635851667267,0.999569160032213,SEKER
32615,664.789,218.146746288941,191.00227698353,1.14211594612431,0.48309517204947,33016,203.78102892943,0.808562857922007,0.987854373637024,0.927383996993245,0.934146543077554,0.00668854043504342,0.00314174667092942,0.872629763943744,0.996644368462838,SEKER
32622,657.009,235.270869763519,177.158189532593,1.32802706092361,0.658024287867092,32902,203.802896025426,0.779311992355471,0.991489879034709,0.94968113253043,0.866247896436466,0.00721203083083559,0.00250499065095953,0.750385418080603,0.99653214133352,SEKER
32698,653.049,225.014190639487,185.143724263941,1.21534873263491,0.568317851857586,32994,204.040159365137,0.767684830840749,0.991028671879736,0.963472927514416,0.906787962062559,0.00688158880174589,0.002870063235328,0.822264408141568,0.999338006325646,SEKER
32705,654.454,223.875867501602,186.149929796842,1.20266425964239,0.555543832848451,33021,204.061998692955,0.779469946136613,0.990430332212834,0.959545923206473,0.911496182997459,0.00684531012082561,0.00291468957964839,0.830825291618938,0.999203884237062,SEKER
32713,660.043,215.416320785902,193.486462096994,1.11334053272376,0.439591560128493,33020,204.086955063084,0.799516081728419,0.990702604482132,0.943595320689673,0.947407115294304,0.00658503716522185,0.00327253696973076,0.897580242110275,0.999312464913372,SEKER
32729,656.679,214.265720692008,194.793825044591,1.09996156522395,0.416528465712701,33066,204.13685865036,0.769153036285016,0.989808262263352,0.953753937226312,0.952727566458439,0.00654666261395117,0.00332716736971274,0.90768981588982,0.998423910624001,SEKER
32774,660.614,222.870051301159,187.479247653151,1.18877184590309,0.540717402508646,33120,204.277147128968,0.790153816481026,0.989553140096618,0.943721321119155,0.916575133968688,0.00680020904684077,0.00296056302098385,0.840109976209718,0.998699087180431,SEKER
32775,649.807,220.02509946298,189.809403781021,1.15918966647626,0.505764487610189,33062,204.280263556456,0.772630834512023,0.991319339422902,0.975402340828814,0.928440728148955,0.00671319906828315,0.00307698955771222,0.862002185685762,0.999224026126888,SEKER
32795,651.03,225.210252085729,185.600231202765,1.2134157949388,0.566415511021873,33091,204.342582125189,0.775992617481425,0.991054969629204,0.972334053139782,0.907341385361995,0.00686721305338401,0.00287106592696996,0.823268389590625,0.998966867403093,SEKER
32796,654.824,223.145368688528,187.419262114213,1.19062131699432,0.542744878080534,33111,204.345697554743,0.800820452714087,0.990486545256863,0.961128742472966,0.915751461729746,0.0068040422212626,0.00295159825464349,0.838600739660167,0.998455917086599,SEKER
32799,653.729,219.905549413948,190.112339602128,1.15671370871649,0.502601593364647,33087,204.355043558432,0.746177996177996,0.991295675038535,0.964439445502009,0.929285523275979,0.00670464189194633,0.00308426748512245,0.86357158377031,0.998905089405132,SEKER
32829,658.101,221.599499993417,189.002627541416,1.17246782690817,0.52207126255298,33154,204.448480097336,0.789785166117353,0.990197261265609,0.952538233225274,0.922603526196624,0.00675011422807327,0.00301683338571389,0.851197266550445,0.998001409382572,SEKER
32836,669.19,218.406003761023,191.758772774643,1.13896225242167,0.478674896169862,33225,204.470275812705,0.802914710485133,0.98829194883371,0.921427619698948,0.93619347587365,0.00665141928861685,0.00315178460198459,0.876458224268386,0.998252833266218,SEKER
32849,664.105,230.72230757754,181.743685501681,1.26949284064896,0.616038377882255,33245,204.510747407087,0.746568181818182,0.98808843435103,0.935962647337584,0.886393472544288,0.007023723936118,0.00267456645410917,0.785693388169121,0.997432131225923,SEKER
32870,655.512,220.358162919771,190.020659766901,1.15965370918134,0.50635283368871,33198,204.576107684756,0.781242572610163,0.990119886740165,0.961276389025118,0.928379983632551,0.00670392950775086,0.00307193678753494,0.861889394009576,0.999493232667258,SEKER
32885,659.728,227.067403663747,184.559693246439,1.23031957666156,0.582547094512749,33225,204.622780815372,0.785669915902141,0.989766741911211,0.949462631936475,0.901154359955551,0.00690489291968212,0.00280888179712709,0.812079180466898,0.999116913527703,SEKER
32920,671.612,219.093133833251,191.462212480656,1.14431527242164,0.486132629246483,33376,204.731643408345,0.777974713458584,0.98633748801534,0.917134004436038,0.934450294385598,0.00665531998278405,0.00313021035884333,0.873197352677331,0.999213066506813,SEKER
32925,656.646,225.128170216913,186.461528278006,1.20737061578331,0.560364526908099,33252,204.747190482324,0.768683024770621,0.990166005052328,0.959562001189692,0.909469438165153,0.00683760577727905,0.00288560086194828,0.827134658956439,0.998658082519951,SEKER
32934,668.197,221.408730830372,189.601811051501,1.1677564133089,0.516407504501626,33401,204.775172240943,0.776708645818593,0.986018382683153,0.926926508208133,0.924873971649417,0.00672280108187199,0.00303431213397512,0.855391863434566,0.998889334417966,SEKER
32947,668.231,209.693292722529,200.249599312651,1.04715961201567,0.296720861081351,33336,204.815583587747,0.765319396051103,0.988330933525318,0.927198032842191,0.976738840468128,0.00636456407935561,0.00357324058471055,0.954018762479024,0.999009917173207,SEKER
32951,688.26,226.649046227471,185.521575459696,1.22168564850674,0.57444786808749,33524,204.828016244283,0.770801656179092,0.982907767569503,0.874124721476479,0.903723265787372,0.00687836624768508,0.00283013343216938,0.816715741125394,0.997769899842441,SEKER
32988,676.797,224.751709935168,187.177294457018,1.20074237950254,0.553546740934802,33461,204.942982562769,0.766699205131781,0.985864140342488,0.905000876844604,0.911863952545177,0.00681313538059803,0.00290567456750344,0.831495867951313,0.998412327030391,SEKER
33006,669.769,223.527749139746,188.24294120801,1.18744292723702,0.539249994326433,33458,204.998888810473,0.757018348623853,0.986490525434874,0.924597413774908,0.917107113543703,0.00677233682178227,0.00295527949567766,0.841085457712463,0.998740977962579,SEKER
33010,665.85,224.971259206432,186.890091494319,1.20376236860728,0.556677424230566,33374,205.011310350692,0.791587731709072,0.989093306166477,0.935626642704888,0.911277783099284,0.0068152456590861,0.00289910808350292,0.830427197970345,0.999637010784689,SEKER
33013,652.684,223.781853880398,188.029142329705,1.19014452285274,0.54222382295702,33289,205.020626011975,0.789784688995215,0.991708972934002,0.973842946411521,0.916162872265549,0.00677859794264071,0.00294584837625757,0.83935440851786,0.998953052029837,SEKER
33019,655.703,224.450211414497,187.502627162863,1.19705102168804,0.549663318002298,33340,205.039256064809,0.764328703703704,0.990371925614877,0.965071385531109,0.913517767582578,0.00679760778383649,0.00292014125430404,0.834514711689057,0.998956688241087,SEKER
33051,663.071,218.951371381023,192.47394174679,1.13756371067137,0.476689675487118,33423,205.138587771881,0.777926846490609,0.988869939861772,0.944657550199048,0.936913920556798,0.0066246519433912,0.00314877475648553,0.87780769453311,0.998562178248962,SEKER
33058,655.511,224.44587881024,187.878161189724,1.1946352752707,0.547087283438198,33320,205.16031017196,0.799274661508704,0.992136854741897,0.966777360039696,0.91407474826221,0.00678945728145199,0.00292375965485616,0.835532645410622,0.998156771847777,SEKER
33062,667.966,222.039143557775,189.781341162754,1.16997351898444,0.519088990364949,33439,205.172721939428,0.778662270372115,0.988725739406083,0.931172778173704,0.924038521550332,0.00671584125454525,0.00302023329562523,0.853847189308923,0.998978600750738,SEKER
33078,659.456,235.560077511721,178.931232760117,1.31648384621328,0.650391530940832,33333,205.222361502712,0.787721470756335,0.992349923499235,0.955822960677117,0.87121028176984,0.00712135188075824,0.00253066219440679,0.759007355061484,0.999220922095507,SEKER
33078,652.214,221.386902518904,190.354812125572,1.16302235833608,0.510582618449458,33327,205.222361502712,0.77241733607323,0.992528580430282,0.977167182774258,0.926985106922432,0.00669287449419262,0.00304848084787033,0.859301388455993,0.999386727323554,SEKER
33089,663.915,217.335822126728,194.207048851102,1.11909337695234,0.448903019458828,33466,205.256481738682,0.774410222804718,0.988734835355286,0.943340639820542,0.944420849403268,0.00656821971430771,0.00322321814617302,0.891930740787591,0.998153784715584,SEKER
33090,653.809,228.406675036144,184.688554788127,1.23671266634887,0.588365282366854,33352,205.259583297069,0.769355963729365,0.992144399136484,0.972758069244267,0.898658426968423,0.00690258915189315,0.00277696490977925,0.80758696836136,0.998753032950781,SEKER
33143,648.385,222.526309539847,189.737379264391,1.17281218072358,0.522480156774231,33377,205.423898880236,0.769979555803364,0.992989184168739,0.990685399616032,0.923144320799745,0.00671412695108612,0.00300779144937524,0.852195437024823,0.999465188899767,SEKER
33159,653.801,222.44402868829,189.980420019631,1.17087870773896,0.520175444011767,33415,205.473477762638,0.788111422731378,0.992338770013467,0.974810341281187,0.923708669431479,0.00670840582310353,0.00301258402471866,0.853237705982873,0.99903786257538,SEKER
33168,680.621,234.31554800769,180.582753928228,1.29755219095184,0.63722005194865,33542,205.501360627554,0.761240274494503,0.988849800250432,0.899742964189992,0.877028273944543,0.00706450639193468,0.002578196195846,0.769178593298145,0.998049368967265,SEKER
33171,654.338,222.253649008938,190.361453229385,1.16753494595948,0.516138042666578,33429,205.510654075184,0.790237278444826,0.992282150228843,0.973563187362105,0.924667176406717,0.00670023963730181,0.00302142531890551,0.85500938712397,0.998253338590635,SEKER
33194,664.658,232.308544254803,182.085601664036,1.27582050492621,0.621001572333122,33520,205.581889883178,0.7736988089411,0.99027446300716,0.944219534016819,0.884951909722653,0.00699851009986152,0.0026476711280204,0.783139882521771,0.999145920346777,SEKER
33236,660.788,210.858002487167,200.927367309907,1.04942400485417,0.303273094043191,33611,205.711909010679,0.768284789644013,0.988842938323763,0.956520581600019,0.975594507129028,0.00634426532937679,0.00354518159721961,0.95178464234033,0.998825651123482,SEKER
33248,660.068,230.96983467744,183.429248655006,1.25917669276315,0.607696024139773,33511,205.749042241646,0.787661983843074,0.992151830742144,0.958954568388314,0.890804821023422,0.00694687905069297,0.00269835903743175,0.79353322915857,0.999198547089552,SEKER
33251,658.962,217.452162976616,194.983482547544,1.11523376306295,0.442693502941374,33565,205.758324502288,0.757943925233645,0.99064501713094,0.962263101295507,0.94622339776135,0.00653971799274054,0.00323380266942387,0.895338718471033,0.998511968216407,SEKER
33276,704.493,234.788138398934,180.705496041287,1.29928609556673,0.638461899955089,33857,205.835660395878,0.759656652360515,0.982839590040464,0.842534348413973,0.876686794313852,0.00705578009372923,0.00257100344448637,0.768579735324297,0.998604963441218,SEKER
33316,670.587,229.218082946795,185.279361525868,1.23714849327561,0.588756561495935,33699,205.95933742464,0.782616866337797,0.988634677586872,0.931005952172734,0.898530058260921,0.00688012015088229,0.00276634426069941,0.807356265598374,0.998819587521652,SEKER
33319,668.601,225.017237808188,188.836510273636,1.19159815801576,0.54380889242355,33732,205.968610208038,0.79603879969419,0.987756433060595,0.936629385098983,0.915345918447426,0.00675342110532092,0.00292445262832313,0.837858150418362,0.998390228717008,SEKER
33325,674.433,223.825484177477,189.735706376687,1.17966980729031,0.530484184982245,33701,205.987154522556,0.798969072164949,0.988843061036764,0.920666620585032,0.920302508356125,0.00671644363623336,0.00297195042159907,0.846956706886575,0.99912925519612,SEKER
33330,653.776,224.360166693822,189.431387512528,1.18438749586303,0.53584201133043,33580,206.002606842785,0.790184921763869,0.992555092316855,0.979912348116995,0.918178168069874,0.00673147814862952,0.00295119598678292,0.843051148320149,0.99849923844335,SEKER
33333,679.262,220.531291441488,192.716705596529,1.14432887776316,0.48615130600508,33834,206.011877678587,0.77224075618571,0.985192410001773,0.907840654729255,0.93416166173972,0.00661600490329369,0.00310787641089705,0.872658010264314,0.998607761556791,SEKER
33338,659.103,232.26379452556,182.918509157086,1.26976649654463,0.616255392693031,33639,206.027328144547,0.776747437092265,0.991052052676952,0.964368085376664,0.887040223231496,0.00696693846438179,0.00266069437568774,0.786840357630582,0.99910352424851,SEKER
33344,661.508,225.318056087632,188.668525973394,1.19425354560414,0.54667767952588,33692,206.045867174397,0.76335248735148,0.989671138549211,0.957540958506441,0.914466735387866,0.00675737932124617,0.00291494060557489,0.836249410130941,0.998693823058246,SEKER
33382,659.434,222.870104411361,190.920248987046,1.16734660463638,0.51590865413751,33730,206.163242316251,0.781688326893806,0.989682774977765,0.964671717961635,0.925037670982224,0.00667635565308734,0.00301548313031485,0.855694692736218,0.998892294170996,SEKER
33399,664.701,221.559942483789,192.089887926348,1.15341804233204,0.498328414857876,33752,206.215730618713,0.761491108071135,0.98954136051197,0.949927944078231,0.930744647732527,0.00663372982675497,0.00307085798554993,0.866285599282746,0.99918944002514,SEKER
33421,654.804,219.544082329979,194.025390342122,1.1315224360217,0.467930880223371,33691,206.283636831897,0.763385107354957,0.991985990323825,0.979504999423077,0.939600077773211,0.00656904587923698,0.00315830620826164,0.882848306151425,0.998962666014093,SEKER
33423,659.036,224.16805278239,189.981079737973,1.17994935649155,0.530804973473392,33707,206.289809015577,0.772982723929786,0.991574450410894,0.967023472039447,0.920246245863731,0.00670699975413309,0.00296704594075162,0.84685315302629,0.999243832956209,SEKER
33427,665.61,228.223182029707,186.625865588569,1.2228914856467,0.575596241467215,33789,206.302152828957,0.754491693752257,0.989286454171476,0.948129346799019,0.903949156234722,0.00682751015734905,0.002812018234437,0.817124077057467,0.999254076550493,SEKER
33429,658.605,229.446090532674,185.698093366419,1.23558667928771,0.587351259444396,33713,206.308324458689,0.791743640756004,0.991575949930294,0.968463377126054,0.899158159460163,0.00686368394306363,0.00276746029300812,0.808485395723788,0.998953785354969,SEKER
33431,666.841,219.907407658935,193.680468452029,1.13541344368135,0.47360670860756,33788,206.314495903805,0.788708802227098,0.989434118621996,0.944745089733718,0.938188022405269,0.00657794883966781,0.00314361817239784,0.88019676538471,0.999387240502637,SEKER
33433,657.349,225.002512531217,189.566015425456,1.18693486290899,0.538686621315429,33708,206.320667164321,0.77680708194893,0.991841699299869,0.972284134638382,0.916970503321362,0.00672995281701365,0.00293503473300172,0.840834903961431,0.998016261462557,SEKER
33446,656.077,224.233933786844,190.256598567,1.17858689514981,0.529237524121514,33713,206.360775859203,0.7678145087236,0.992080206448551,0.976437439959996,0.92029235885131,0.00670435728597871,0.0029664714823037,0.846938025760108,0.998190058164914,SEKER
33447,664.412,226.118615379206,188.74064076551,1.19803882439996,0.550708724916241,33791,206.363860820535,0.770224525043178,0.989819774496168,0.952120900848396,0.912635434612305,0.00676050513885271,0.00289299856283538,0.83290343650999,0.997850653915112,SEKER
33459,655.414,219.129947440109,194.543100160034,1.12638252017085,0.46023357712343,33765,206.400876759993,0.786308516638466,0.990937361172812,0.978794213322714,0.94191085778636,0.00654920790938489,0.00317985819552085,0.887196064015837,0.999322138471814,SEKER
33468,659.987,224.459938905073,189.954346396386,1.18165202936016,0.532749760371282,33748,206.428634358697,0.792329545454546,0.991703212042195,0.965536869079133,0.919668050190454,0.00670670308668198,0.00295946521141082,0.845789322541111,0.99942866939186,SEKER
33498,657.523,227.938076908781,187.316054338338,1.21686353961455,0.569797937147565,33745,206.52113274321,0.781494960806271,0.992680397095866,0.973658914278652,0.90604051566978,0.00680452793924357,0.00282857851752301,0.82090941603516,0.998934737699456,SEKER
33534,657.067,218.844751825534,195.192853572502,1.12117194774371,0.452185632267984,33793,206.632076147797,0.783504672897196,0.992335690823543,0.976058643827526,0.944194797563739,0.0065260556994553,0.00319946196428444,0.891503815746431,0.999529069521371,SEKER
33538,658.284,227.518681443713,187.944051910939,1.21056601222755,0.563582376270599,33800,206.644399515999,0.760516111476451,0.992248520710059,0.972569006638046,0.908252448567051,0.00678390725277932,0.00284764583042445,0.824922510328044,0.99862315372456,SEKER
33539,662.418,223.683536249734,191.200602121603,1.16988928783536,0.518987647749282,33915,206.647480243221,0.764264880138547,0.98891346012089,0.960496359999724,0.9238385788595,0.00666935615998491,0.0029967329954702,0.85347771978914,0.998474441787465,SEKER
33547,653.512,213.754070948645,199.925701390225,1.06916754305355,0.353836994080826,33832,206.672124407794,0.783570410856516,0.991576022700402,0.987089243664287,0.96686871735625,0.00637177902490969,0.00343487158115992,0.93483511660212,0.999495364777669,SEKER
33560,669.259,227.936176758361,187.856592075965,1.21335202688116,0.566352488247581,33897,206.71216490887,0.739858906525573,0.990058117237514,0.941549974297553,0.906886163700156,0.0067919003801657,0.00283388468259818,0.822442513910786,0.997912291246892,SEKER
33576,666.339,224.588725300139,190.463017786809,1.17917235539935,0.529912303306771,33927,206.761434880946,0.761792399319342,0.989654257670882,0.950272923156273,0.920622505001672,0.00668896608589883,0.0029639106381945,0.847545796715554,0.999402573421896,SEKER
33583,657.754,221.711051228351,192.95040907747,1.14905717115807,0.49255959615,33868,206.782986802205,0.775302428663773,0.991584976969411,0.975444036138192,0.932668830248021,0.00660188342996013,0.0030814666088826,0.869871146916211,0.99953167934757,SEKER
33584,658.848,223.73518256806,191.354482397849,1.16921840431669,0.518178983972781,33884,206.786065464735,0.748056576456176,0.991146263723291,0.972236275997983,0.924244739210074,0.00666195755621904,0.00299867620305887,0.854228337957497,0.998779494228766,SEKER
33607,690.171,214.76529721499,199.524143201535,1.07638751766527,0.36999576273767,34162,206.856862056627,0.770802752293578,0.983753878578538,0.886596874986831,0.963176382493279,0.00639049296917278,0.00339263723232375,0.927708743792839,0.998574111847539,SEKER
33620,670.224,222.77608329063,192.226031831046,1.15892775379369,0.50543180142783,34012,206.896866805653,0.783244804771224,0.988474656003763,0.94051910592211,0.928721179354514,0.00662629635010796,0.00304082912691498,0.86252302898164,0.999601876573026,SEKER
33623,659.408,217.371862005668,197.083782733568,1.10294139370933,0.421848171005096,33918,206.906097572378,0.793238492934154,0.991302553216581,0.971712749833543,0.95185317760669,0.00646497522546078,0.00327360657224089,0.906024471719954,0.999291893573564,SEKER
33631,669.076,224.889400261303,190.753366029564,1.1789537712611,0.529660589693102,34009,206.930710937232,0.762884493240178,0.988885295068952,0.94405814021881,0.920144349608275,0.00668696738905484,0.00295687402527575,0.846665624116036,0.998179630548735,SEKER
33639,663.03,224.662906420846,190.853100482343,1.17715093887946,0.527574560003757,33919,206.955321374799,0.786251869857891,0.991745039653292,0.961582569463249,0.92118153669357,0.00667864402689872,0.00296653145716944,0.848575423545126,0.998901356536181,SEKER
33717,664.363,231.622525487449,185.65312622547,1.2476090771892,0.597950376397927,33985,207.195119946961,0.766225797654759,0.992114168015301,0.95994845705087,0.894537867208379,0.00686960659274101,0.00271335456250541,0.800197995869716,0.998334283195662,SEKER
33731,671.696,231.172012619896,186.126456220104,1.24201587090082,0.593081147784727,34073,207.238131345228,0.803214668412906,0.989962727085962,0.939493017174541,0.896467219351412,0.00685339932465375,0.00273038226561925,0.803653475371653,0.998150371116193,SEKER
33736,655.729,221.390268047897,194.135951562853,1.14038778632005,0.480682529309785,33988,207.253490395664,0.7868638335588,0.992585618453572,0.985949497491812,0.936145442268604,0.00656243384064197,0.00310898058334933,0.87636828908028,0.999399693185347,SEKER
33794,665.826,218.999893955056,196.577721811977,1.11406263098585,0.440779116703251,34127,207.431572270906,0.777731749976986,0.990242330119846,0.957917183150397,0.947176587736045,0.00648043717686738,0.00321742095547696,0.897143488355298,0.99947403500893,SEKER
33809,669.341,230.247497134597,187.16429975073,1.23018918373454,0.582426872760963,34143,207.477603051392,0.784067717996289,0.990217614152242,0.948303455379827,0.901106876875653,0.00681024274999546,0.00276979464644464,0.811993603552594,0.998905748352031,SEKER
33824,656.339,220.753864836952,195.281545449933,1.13043894817777,0.466327554951368,34079,207.523623621799,0.788438228438228,0.992517386073535,0.986684731174649,0.940067906738917,0.00652654519976798,0.0031441265542918,0.883727669280488,0.99900017693703,SEKER
33838,661.029,222.973513667261,193.483638341044,1.15241534415554,0.497013691962908,34146,207.566566948409,0.782128328402367,0.990979909799098,0.973135967242513,0.930902345908928,0.0065894412692021,0.00305242395541156,0.866579177618745,0.998659141213532,SEKER
33845,670.945,226.381604770418,190.521424480256,1.18822124801968,0.540110506534591,34159,207.588035280364,0.763926507764536,0.990807693433649,0.944779673047757,0.916982788821941,0.00668877544010689,0.00291723298716973,0.840857434995664,0.999124670817176,SEKER
33849,669.571,221.610480978111,194.671348914688,1.13838262391261,0.47785400559852,34239,207.600301901853,0.786271777003484,0.988609480417068,0.948773259318592,0.93678016033167,0.00654703184667525,0.00311010430130785,0.87755706879103,0.998995718603394,SEKER
33858,664.46,234.33500135413,184.139291588422,1.27259640966743,0.618486935361369,34142,207.627899150483,0.781254326457151,0.991681799543085,0.963681409327046,0.886030247085084,0.00692111174180784,0.00263117549436034,0.785049598749655,0.999051300779665,SEKER
33860,683.315,225.535015385215,191.521161344873,1.17759841158802,0.528093987489809,34319,207.634031374273,0.77518315018315,0.986625484425537,0.911286442202472,0.920628803556879,0.00666080966878959,0.00295151517575358,0.84755739393857,0.998082240831742,SEKER
33864,662.898,221.216425831431,195.063517829697,1.13407380474173,0.471666862437303,34167,207.646295278562,0.771600437477215,0.991131793836158,0.968399824424562,0.938656767905606,0.00653249544742001,0.00312813971318773,0.881076527934999,0.99920581030388,SEKER
33866,668.421,230.931158562343,186.860875068174,1.23584543034003,0.587584681491416,34171,207.652426959092,0.799933862433862,0.991074302771356,0.952518888353428,0.899196229091943,0.00681896765376314,0.0027498962000582,0.808553858413169,0.999247591103715,SEKER
33876,666.966,228.149173221578,189.164786775113,1.20608691031281,0.559059341899092,34211,207.683082646248,0.788272251308901,0.990207827891614,0.95696178998521,0.910295135913322,0.00673483212957781,0.00285256419246987,0.828637234467454,0.999408521889002,SEKER
33930,666.214,224.150968781285,192.860562160267,1.16224367631479,0.509611259891621,34251,207.848545226721,0.762729009778577,0.990628010860997,0.960652271511344,0.927270340863564,0.00660627671032377,0.00301274239580449,0.859830285045229,0.999332311497759,SEKER
33946,667.313,231.542539694339,187.028992099329,1.23800346189841,0.589522187399557,34246,207.897545886381,0.791226720742139,0.991239852829528,0.957942187668104,0.897880562944624,0.00682090790356268,0.0027346152359717,0.806189505313755,0.998065398524593,SEKER
33946,668.564,234.754844967483,184.293738484972,1.27380803546196,0.619435382533387,34280,207.897545886381,0.761530868628859,0.990256709451575,0.954360587455317,0.885594271399075,0.00691553776490552,0.00262388571017594,0.784277213534859,0.999018616630421,SEKER
33961,690.353,238.192498892404,181.654297214681,1.31124065075601,0.646827292438467,34379,207.943473518047,0.770405154031124,0.987841414817185,0.895463526043605,0.873005969898237,0.00701370686647636,0.00251302163685168,0.762139423477961,0.999348193608049,SEKER
33961,667.497,233.11383397158,185.73329780606,1.25509984868192,0.604309902971466,34279,207.943473518047,0.771192406385539,0.990723183290061,0.957837194660822,0.892025453724888,0.00686416283300199,0.0026808735399263,0.795709410093093,0.998694760202621,SEKER
33969,666.389,222.361832581153,194.769037195583,1.14166931142069,0.482473840558548,34260,207.967964107717,0.764705882352941,0.991506129597198,0.961251403316644,0.935268259366488,0.00654602233157151,0.00308959837673042,0.874726716978421,0.998648648654037,SEKER
33972,672.812,232.988269251825,185.915624727797,1.25319359033404,0.602708674654198,34349,207.977147335333,0.785661424606846,0.989024425747474,0.943069114436136,0.892650724447167,0.0068582441202115,0.00268608004013074,0.796825315856052,0.998576378446705,SEKER
33993,669.092,219.750574680408,197.092321362035,1.11496263863447,0.442251583619533,34299,208.041418578567,0.778228021978022,0.991078457097875,0.954174231415584,0.946716152533979,0.00646458314007025,0.00320331343930102,0.89627147346874,0.999309206991512,SEKER
33996,663.743,223.096358068568,194.380876450562,1.14772791512394,0.49077447889987,34285,208.050598563947,0.764693973952359,0.991570657722036,0.969700850948088,0.932559367464004,0.00656242964079798,0.00306161360023297,0.869666973844864,0.998141062743115,SEKER
34004,659.963,229.059750534421,189.1650396806,1.21089896378941,0.563915151416015,34277,208.07507654492,0.781970794526848,0.992035475683403,0.981071580724483,0.908387772445657,0.0067362589852494,0.00282933034392033,0.825168345128783,0.999195494068266,SEKER
34027,670.16,231.657705340033,187.412365714149,1.23608548698099,0.587801025225957,34334,208.145434705408,0.77850736707239,0.99105842604998,0.952086747878445,0.898504258254166,0.00680805552473132,0.0027370542821872,0.807309902100869,0.997904053482928,SEKER
34036,666.067,226.9280102067,191.110470591538,1.18741798659329,0.539222369212265,34369,208.172959686425,0.753842746400886,0.990311036108121,0.964078825789416,0.917352421575496,0.00666729375386943,0.00291255543259611,0.841535465370427,0.999254347936998,SEKER
34051,677.272,227.620945797896,190.664003626731,1.19383282354396,0.546225424350395,34502,208.218826569014,0.757901531339031,0.986928294011941,0.932853600767972,0.914761274886763,0.00668470663997814,0.00288730857039714,0.836788190032456,0.998985207614686,SEKER
34053,671.582,232.436144132938,186.791440323572,1.2443618601061,0.595136326097011,34362,208.224941389994,0.743986366913548,0.991007508294046,0.948783552484217,0.895837186452823,0.00682571709197246,0.00271171717236516,0.80252426463171,0.998630586717396,SEKER
34060,662.146,220.43837742334,196.882203013011,1.11964603224585,0.449779933921597,34367,208.246341849454,0.789083495505514,0.991067011959147,0.976218397502057,0.944691864835896,0.00647206040585261,0.00317967715520119,0.892442719487124,0.999219949880452,SEKER
34082,668.346,230.626946957561,188.391282903796,1.22419118020091,0.576827653379046,34364,208.313586123574,0.801740766878382,0.991793737632406,0.958809282221966,0.903249116686731,0.00676682550782116,0.00277840097423797,0.815858966795359,0.998767351438704,SEKER
34097,680.595,227.819142013653,190.810171228547,1.19395701259959,0.546359010060335,34502,208.35942204958,0.762250737726907,0.988261550055069,0.925014467241924,0.914582594807124,0.00668150107087583,0.00288366983043577,0.836461322724132,0.998698862034808,SEKER
34104,667.289,229.478735980193,189.544041710421,1.21068820686425,0.563704560873975,34421,208.380808698037,0.7984267453294,0.990790505795881,0.962470112304693,0.908061515189902,0.00672879239913772,0.00282213621957911,0.824575715368981,0.998304094263877,SEKER
34113,673.914,221.24236619821,196.510381834822,1.12585586640495,0.459431580717025,34492,208.408302592653,0.774661640475974,0.989011944798794,0.943888774499387,0.941990931365921,0.00648557342356903,0.00315003246953528,0.887346914775636,0.999024729536483,SEKER
34130,666.585,235.541347782227,184.778034452147,1.27472590819893,0.6201511211669,34392,208.460225611053,0.795515465118989,0.992381949290533,0.965239484592277,0.885026037143117,0.00690129937832485,0.00261176934966996,0.783271086421249,0.998455947004291,SEKER
34131,668.091,224.338018557635,193.804212679785,1.15754975320531,0.503674085490244,34473,208.463279503504,0.770625423346128,0.990079192411453,0.960920888529893,0.929237410777734,0.0065728522034993,0.00302301549839957,0.863482165588907,0.999523567674628,SEKER
34151,674.271,231.51360089504,188.035623022045,1.23122202683849,0.583377425712423,34580,208.524347960257,0.750455973806228,0.987593984962406,0.943939861986964,0.900700205750742,0.00677911630391613,0.00275216137418773,0.81126086063943,0.998842241131214,SEKER
34151,662.129,226.524818514271,192.236336380151,1.17836629005618,0.528982778594503,34389,208.524347960257,0.778210737398596,0.993079182296665,0.978876877507323,0.9205364309656,0.00663303617798223,0.00293802882066777,0.847387320734886,0.998532653375016,SEKER
34179,677.064,225.060501742526,193.592892794246,1.16254526958139,0.509987930350184,34576,208.609813766043,0.778015524344996,0.98851804720037,0.936935664759438,0.926905486084345,0.00658475969871928,0.00299820624129148,0.859153780133256,0.998805162936882,SEKER
34191,661.403,223.980914906336,194.474673021449,1.15172279981997,0.496101592003775,34445,208.646431251627,0.771980130955069,0.9926259253883,0.982176064204513,0.931536650517204,0.00655087347273656,0.00304283750159204,0.867760531256812,0.999419588632356,SEKER
34207,668.737,228.032468677892,191.415453546416,1.19129602366508,0.543480297567656,34515,208.695244571494,0.757730816941343,0.991076343618717,0.961200850682326,0.915199689682295,0.00666625160575004,0.00288486118752226,0.837590471994568,0.997818198746882,SEKER
34207,661.138,226.873517660477,192.194708068254,1.18043581917931,0.531362195205578,34421,208.695244571494,0.774299425053194,0.993782865111415,0.983423568596852,0.919874856808156,0.00663237108371027,0.00292929812233685,0.846169752187825,0.998849084588585,SEKER
34220,677.527,233.183019314855,186.959104240898,1.24724078167596,0.59763297902688,34577,208.73489698859,0.773752995975218,0.989675217630217,0.936777940865714,0.895154791296126,0.00681423200803201,0.00269891521181276,0.801302100380411,0.999416658037052,SEKER
34222,671.994,223.298263790904,195.238368109852,1.14372121603303,0.485315785234181,34576,208.740996691897,0.784332599926659,0.989761684405368,0.952323409745014,0.934807970058208,0.0065249916366929,0.00307361415791763,0.873865940884347,0.999459016558095,SEKER
34239,666.439,232.686293389298,187.724346125707,1.23951047475474,0.590865460403177,34510,208.792836975283,0.769554077137463,0.99214720370907,0.968746458650215,0.897314723329923,0.00679594302956564,0.00271774476254228,0.805173712704656,0.998021250894587,SEKER
34246,684.324,229.908504189669,189.991144417768,1.2101011596842,0.563116981029543,34732,208.814179233596,0.779558388345095,0.986007140389266,0.918959080399892,0.908249044416946,0.00671344110814895,0.0028180243711208,0.824916326684295,0.998232203563095,SEKER
34253,672.539,228.004279943417,191.368532321015,1.19144081410912,0.543637824535247,34556,208.835519310805,0.792893518518519,0.991231624030559,0.951641846482255,0.915928066625026,0.00665647621940901,0.00288981217510098,0.838924223231457,0.999528559502745,SEKER
34254,668.704,223.968828567707,194.929186063963,1.14897534376517,0.492450072048987,34575,208.838567715253,0.775363303001494,0.990715835140998,0.962616530563087,0.932444791763153,0.00653847225339251,0.00304893775284001,0.86945328968623,0.998980392404997,SEKER
34259,676.402,227.544924058459,191.86803821079,1.18594491391252,0.537585123069977,34623,208.853809070081,0.770124761155446,0.989486757357826,0.940967838637026,0.917857473350733,0.00664190210042496,0.00290785821038981,0.842462341385791,0.999113928929309,SEKER
34276,689.626,229.558977214963,190.411506578501,1.20559403861616,0.55855630265462,34738,208.905621358886,0.763113367174281,0.986700443318556,0.905675761120146,0.910030284562838,0.00669736775630069,0.00283339609376959,0.82815511882152,0.998418874300681,SEKER
34291,671.507,230.658067029187,189.623931207576,1.21639745342424,0.569343532771492,34619,208.951327415055,0.782042510490786,0.990525434010226,0.9556281312608,0.905892129012831,0.00672648995448331,0.00279430755930373,0.8206405494074,0.998225074475827,SEKER
34313,671.844,220.933975426092,198.103851952546,1.11524320828963,0.442708884432823,34600,209.018344885079,0.796975890741859,0.991705202312139,0.955282162171399,0.946067007041207,0.0064387834181241,0.00318178748036141,0.895042781811907,0.998190383544391,SEKER
34321,669.531,227.995845081106,191.827326713576,1.18854726793714,0.540470045800425,34652,209.042709547249,0.787467878120411,0.990447881796145,0.962118171113308,0.916870697678222,0.00664304201745595,0.0028958704902587,0.840651876260949,0.999154490816179,SEKER
34327,677.311,231.158128342748,189.304371787069,1.22109239295729,0.573880789017942,34714,209.06098118043,0.793596116055947,0.988851760096791,0.940306538949109,0.904406791486242,0.0067340032144594,0.00277912666940715,0.817951644486438,0.998794530889295,SEKER
34333,665.686,229.214864249517,190.871870066735,1.20088342074385,0.553693873253172,34592,209.079251216835,0.77905604719764,0.992512719703978,0.973604944200828,0.91215398225325,0.00667622591237343,0.00285090943188928,0.832024887340462,0.999164892853433,SEKER
34337,667.785,229.806760463036,190.6295846378,1.20551466814384,0.558475194754994,34583,209.091430354214,0.809796707702467,0.992886678425816,0.967606758988939,0.90985761225178,0.00669268603730774,0.00282926708145807,0.82784087457251,0.997974317186187,SEKER
34349,674.863,238.23124327213,183.724936942974,1.29667342515444,0.636587835102446,34645,209.127963510641,0.783365261813538,0.991456198585655,0.947747670509757,0.877836007730336,0.0069356092833017,0.00254049267072786,0.770596056467935,0.999211427950781,SEKER
34390,680.24,245.014670841665,178.974510005424,1.36899199128546,0.682950706891803,34759,209.252737003467,0.793932957798504,0.98938404442015,0.933937271858759,0.854041663238575,0.00712459060313069,0.00233806137364131,0.729387162547312,0.998525184073694,SEKER
34394,669.762,230.921133285333,189.905263160408,1.21598069185834,0.568936466343328,34730,209.264906044041,0.781681818181818,0.990325367117766,0.963499611561409,0.906218080029369,0.00671399468760054,0.00279313319556696,0.821231208572117,0.998601293175181,SEKER
34395,665.156,231.717147143012,189.189825942239,1.22478651264131,0.57738952559961,34638,209.267948193616,0.791235334713596,0.992984583405508,0.976918090431799,0.903118093649148,0.00673694278653909,0.00276452674019035,0.815622291076471,0.998963181520066,SEKER
34397,678.85,229.774702161511,190.931593976552,1.20343991989995,0.556345117669946,34776,209.274032360098,0.772202765804598,0.989101679319071,0.937956690827949,0.91077925633866,0.00668007972094982,0.00283539736155075,0.829518853776803,0.998276102944653,SEKER
34410,684.481,232.457936137719,188.939629271714,1.23032916404965,0.582555931558291,34802,209.313575131516,0.800698080279232,0.988736279524165,0.922936330451462,0.900436348223918,0.00675553432542049,0.00273937532630807,0.810785617202825,0.997533190636633,SEKER
34412,667.199,233.958985706268,187.398290924791,1.24845848140719,0.598680682985463,34677,209.319657971788,0.78745995423341,0.99235804712057,0.971424393419318,0.894685268616211,0.00679876164437602,0.00268714266570681,0.800461729878861,0.999343235709135,SEKER
34419,687.797,224.143245668034,195.615162734266,1.14583778954049,0.488214124766151,34885,209.340946520836,0.775202702702703,0.986641823133152,0.914297554010418,0.933960538926428,0.00651219517324834,0.00305647803542292,0.872282288271743,0.999494009048613,SEKER
34421,678.034,232.40391461493,189.14974745636,1.22867684329607,0.581027878996433,34762,209.347028565798,0.755708263809607,0.990190437834417,0.940871694208673,0.90078959690789,0.00675180600839399,0.00274216236591831,0.811421897897479,0.99697529608998,SEKER
34425,680.503,232.645666600276,188.554405145298,1.23383840553076,0.58576782462685,34791,209.359192125658,0.758928571428571,0.989480037940847,0.934165286025574,0.89990583183899,0.00675804405520046,0.00273394042326226,0.809830506177824,0.999199980492618,SEKER
34428,688.178,229.732497873278,191.379071703338,1.20040553979378,0.553194985955554,34908,209.368314331807,0.777770247373772,0.986249570299072,0.913524267541691,0.911356975047106,0.00667283890650861,0.00283951711210887,0.830571535967011,0.99702267296983,SEKER
34441,675.683,228.697829086715,191.915203089773,1.19166082418044,0.543876990664141,34826,209.407839299831,0.790874437402407,0.988945041061276,0.947980998029527,0.915652938797378,0.00664027842068217,0.0028793179620646,0.838420304328275,0.999112630865444,SEKER
34443,684.507,234.607330003755,187.57262382249,1.2507546422434,0.60064303412014,34874,209.413919402014,0.784650082012029,0.987641222687389,0.923751269430309,0.892614563230662,0.0068114661906267,0.00266732687498016,0.796760758491466,0.996552217440577,SEKER
34447,682.912,225.087411313528,195.32917528387,1.15234916128843,0.496926670663736,34853,209.426079076824,0.745783628136569,0.988351074512955,0.928179090862091,0.930421109979852,0.00653431100860823,0.00302063176870322,0.86568344189614,0.997569588210294,SEKER
34461,675.775,246.725439312431,178.157783722004,1.38487038937024,0.691799925363614,34691,209.46863237993,0.770181476846058,0.993370038338474,0.948273245107533,0.848994870426305,0.00715955541953022,0.00229448954409669,0.720792290010178,0.998203899321464,SEKER
34469,666.834,230.157970513912,190.993671113055,1.20505548258546,0.558005411288855,34747,209.492944672312,0.789667812142039,0.991999309292889,0.974098955544388,0.910213729311839,0.00667724536580439,0.00282716155118167,0.828489033027767,0.998375251512038,SEKER
34474,672.3,225.649409257869,194.650348124099,1.15925510245688,0.505847536217252,34774,209.508138422353,0.793308173784978,0.991372864784034,0.958462926157543,0.92846748020036,0.00654549542431598,0.00300046851985852,0.862051861789606,0.999338019362053,SEKER
34475,677.676,241.043182075535,182.369113536695,1.32173248748634,0.653897960365723,34878,209.51117704014,0.776463963963964,0.988445438385229,0.943343645356627,0.86918524405509,0.00699182544091473,0.00246161267256549,0.755482988483107,0.998546409621394,SEKER
34483,687.567,233.740724315387,188.587866479368,1.23942610242615,0.590790465329703,35051,209.535484396087,0.740677893289802,0.983795041510941,0.916610562183916,0.896444062153926,0.00677843355611133,0.00270023701100326,0.803611956571032,0.996017635195889,SEKER
34491,674.657,233.182837010237,188.576365741391,1.2365432756829,0.588213023903597,34829,209.559788932563,0.785850991114149,0.990295443452296,0.952246946013307,0.898693023978277,0.00676068646923072,0.00272029523386306,0.80764915134722,0.998693127209409,SEKER
34503,678.24,236.54464120598,185.892769444302,1.27247897760141,0.618394789345927,34885,209.596240452918,0.747724514563107,0.989049734843056,0.942540290079512,0.886074778039061,0.00685577025783206,0.00260685885095298,0.785128512276971,0.999059526587917,SEKER
34509,668.332,230.32948561906,190.919741307841,1.20642047826618,0.559399185016144,34776,209.614463836029,0.783654282859479,0.992322291235335,0.970862500705161,0.910063526051147,0.00667447580686371,0.00282412399886425,0.828215621448647,0.999176286135596,SEKER
34521,667.908,224.755317712523,195.682976512322,1.14856857616519,0.491904913092609,34830,209.650905850184,0.785800459811978,0.991128337639966,0.972433565881855,0.932796198034081,0.0065106838652566,0.00304055903485425,0.870108747066837,0.999379564727431,SEKER
34523,673.987,231.917048612578,189.734176028231,1.22232616952505,0.575058573984268,34878,209.656978903379,0.78586387434555,0.989821664086244,0.955026346185607,0.904017105071111,0.00671775478992493,0.00276764575423675,0.817246926261153,0.998942304932914,SEKER
34532,689.551,217.022102585856,202.714908484657,1.07057790770372,0.357077019102264,35057,209.684305466085,0.768333926664293,0.98502438885244,0.912638553174804,0.966188710585975,0.00628466647126886,0.00337839038149325,0.933520624463788,0.999406556936715,SEKER
34543,670.896,235.018010417078,187.291135183299,1.25482719823909,0.60408158755019,34826,209.717699762769,0.769194798254209,0.991873887325561,0.964405129243852,0.892347354105286,0.00680363634939289,0.00266107194614872,0.796283800378705,0.999198570232388,SEKER
34543,669.456,226.975443399274,193.972556977221,1.17014203935008,0.51929162043643,34827,209.717699762769,0.786784803206997,0.991845407298935,0.968558462636255,0.923966472416368,0.00657080865585718,0.00295408803141481,0.853714042149546,0.99896669030267,SEKER
34594,670.069,233.440887657745,188.865990825778,1.23601335866279,0.587736043391792,34848,209.872458437424,0.78143212107522,0.992711202938476,0.96821452285295,0.899038983886682,0.00674801664039269,0.00271938065158476,0.808271094547997,0.999033870282318,SEKER
34600,673.252,231.434916466981,190.457822307481,1.21515049192018,0.568123459417987,34919,209.890657838401,0.777790266381927,0.990864572295885,0.959247461028054,0.906910076675253,0.00668887041812085,0.00279119034875542,0.822485887175113,0.999444130398243,SEKER
34601,685.556,226.519539171954,194.718756786125,1.16331648224705,0.510948533100304,35048,209.893690918478,0.780620417371686,0.987246062542799,0.925151041778264,0.926603028090856,0.00654661828189803,0.00297695069748958,0.858593171667144,0.998815588145158,SEKER
34622,683.382,235.92880475975,187.053084797932,1.26129331154638,0.609433751958981,35010,209.957375478502,0.763726203869146,0.988917452156527,0.931611723511519,0.889918361991893,0.00681441871526054,0.0026363875341415,0.791954691010334,0.998887154819118,SEKER
34623,675.213,228.194370717705,193.503300520009,1.17927895857315,0.530034969563075,34965,209.960407594779,0.759576148479663,0.99021879021879,0.95431767887179,0.920094597138493,0.0065908318377294,0.00291373409364694,0.846574067683446,0.998346984892773,SEKER
34626,667.845,231.888421086257,190.468282875751,1.21746475363316,0.570382778405612,34913,209.969503680891,0.761848184818482,0.991779566350643,0.975575378294174,0.905476447238337,0.00669694510154961,0.00277693129078902,0.81988759650336,0.998184250683844,SEKER
34629,670.997,233.131220766509,189.682874868037,1.22905782047377,0.58138110691384,34915,209.978599372969,0.745816372682044,0.991808678218531,0.966515131198321,0.900688456409157,0.0067322539133821,0.00273299373988942,0.811239695508711,0.997060492043741,SEKER
34631,670.02,229.336783696473,192.401402581596,1.19197043586631,0.544213157794032,34953,209.984662948805,0.76068620129157,0.990787629101937,0.969391848199118,0.915617022111549,0.0066222974703726,0.00287107065186925,0.838354531180421,0.99929381594162,SEKER
34635,667.638,227.063224549428,194.415219730712,1.16792926430316,0.516617610183087,34929,209.996789575227,0.764012970683608,0.991582925362879,0.976434152072341,0.924838401251167,0.00655588926084677,0.00295852190324073,0.855326068428814,0.998960345839378,SEKER
34638,677.314,234.690450249994,188.339799672226,1.24610119931333,0.596648029879584,34989,210.00588408551,0.757876772273762,0.989968275743805,0.948817239250446,0.894820747336801,0.00677551966770581,0.00267957892520251,0.80070416986439,0.997758426363205,SEKER
34666,681.015,225.792667176528,195.827765174962,1.15301661628418,0.497802899395014,35034,210.090747196989,0.797799871122158,0.989495918250842,0.939291173227946,0.930458680629946,0.00651337527192432,0.00301144011691228,0.865753356359619,0.998228005486441,SEKER
34671,674.874,235.589519493412,187.64972443296,1.25547490253619,0.604623586529932,35015,210.10589771711,0.765769944341373,0.990175639011852,0.956601016661472,0.891830409811526,0.00679500214857986,0.00265154174458171,0.795361479864594,0.998556376414039,SEKER
34676,668.424,226.447506699135,195.193788028223,1.16011635916607,0.506938032748704,34982,210.121047144822,0.777907394113424,0.991252644217026,0.975292283967308,0.927901791491106,0.00653038143670364,0.00298625138750798,0.861001734652404,0.998862197640615,SEKER
34680,669.575,231.262447311072,191.241096120096,1.20927170991451,0.562284269911252,34941,210.133165900615,0.775943079608001,0.99253026530437,0.972054226354624,0.908635052270134,0.00666846733884291,0.00280390785434143,0.825617658213949,0.998396077283991,SEKER
34700,690.412,233.630136234254,189.50181499077,1.23286490024189,0.584881320149164,35154,210.193749198948,0.747877063666537,0.987085395687546,0.914792670692811,0.899685942006185,0.00673285695199578,0.00272108988607298,0.809434794243556,0.997923746857399,SEKER
34703,676.387,230.769315544459,191.762660929521,1.20341110425701,0.556315398410006,35025,210.202835187693,0.773239750445633,0.990806566738044,0.953205150506494,0.910878617860252,0.00664983763779669,0.00282379285092195,0.829699856475004,0.998470020482471,SEKER
34722,670.391,227.259351498407,194.731862679168,1.16703732184203,0.515531503479467,34999,210.260370665264,0.79037581662152,0.992085488156805,0.970863661702516,0.925200082104161,0.00654511121186587,0.00295828113203114,0.855995191925545,0.998978336294445,SEKER
34729,671.193,228.810271352696,193.657635112268,1.1815194955781,0.532598936854611,35043,210.281563978175,0.777143752237737,0.991039579944639,0.968740162417395,0.919021522657261,0.00658844974956652,0.00289911691466334,0.844600559107271,0.997912026561407,SEKER
34733,670.564,228.327247814824,193.860023594625,1.17779438783249,0.528321130189347,35019,210.293673483741,0.77780763632292,0.991833004940175,0.970670189529503,0.921018737344443,0.00657378423444057,0.00291789104257374,0.848275514539552,0.999094140360406,SEKER
34747,672.202,234.540419154962,188.725982982275,1.24275637857978,0.593731887861297,35043,210.336051263003,0.784144249864597,0.991553234597495,0.966334706344912,0.896800867077983,0.00674994730926301,0.00269317282338196,0.804251795191821,0.999489048458875,SEKER
34748,669.267,221.090495867781,200.26914135255,1.10396686366462,0.423653580658801,35046,210.339077920527,0.770465631929047,0.991496889801975,0.974856863971515,0.951370962803918,0.00636268262541099,0.00321528586759127,0.905106708866455,0.999207814669105,SEKER
34750,675.599,223.198836561427,198.528209810822,1.12426761302141,0.456997571298064,35091,210.345131104922,0.805069039013993,0.990282408594796,0.956724017993517,0.942411413721833,0.00642298810248709,0.00312520873484978,0.888139272713183,0.99850622016382,SEKER
34757,686.779,231.229869991117,191.672033081067,1.20638293586274,0.559360960741551,35150,210.36631587866,0.786410842364866,0.988819345661451,0.926015239236532,0.909771371175971,0.00665275685447872,0.00281132127311061,0.827683947811406,0.998503790927184,SEKER
34761,687.872,229.737021397124,192.887572598501,1.19104107279801,0.54320266910642,35171,210.378420505857,0.776816840976133,0.988342668675898,0.923181009636135,0.91573582362329,0.00660904523451925,0.00286681259365223,0.838572098667026,0.998773812014856,SEKER
34766,669.475,232.175332190538,190.994047329458,1.21561554109613,0.568579226054799,35054,210.393550310514,0.752103839913467,0.991784104524448,0.974755876299174,0.906183909916197,0.0066782296551383,0.00277783534176017,0.821169278591006,0.998226136925921,SEKER
34771,683.109,230.586519119367,192.185558405258,1.19981189550743,0.552573787670634,35163,210.408679027236,0.783978174603175,0.988851918209482,0.936369007157577,0.912493409548867,0.00663157571307603,0.00283606017207361,0.832644222470117,0.999016442845182,SEKER
34772,671.947,228.047674630307,194.336638048155,1.17346722121332,0.5232560944664,35103,210.411704640049,0.763179842851499,0.990570606500869,0.96776407502179,0.922665425030758,0.00655837094876071,0.00293192412111733,0.85131148654719,0.99898612450551,SEKER
34774,677.726,228.522215517314,193.960290032834,1.1781907290334,0.528779858054085,35139,210.417755735158,0.780561167227834,0.989612681066621,0.9513848244463,0.920775930947576,0.00657164017706661,0.00291386463228395,0.847828315012376,0.998903460559588,SEKER
34787,677.348,230.856637934612,192.645931645796,1.19834681149182,0.551033739089574,35126,210.457083612555,0.726833956666179,0.990349029209133,0.952803043232931,0.911635400634075,0.00663629050894333,0.00282741708237307,0.831079103689251,0.995920994003495,SEKER
34792,692.19,228.032660547443,194.338583139702,1.17337821889707,0.523150809289498,35231,210.472207762511,0.784929498025945,0.987539382929806,0.912512068770037,0.922991501556076,0.00655416936501044,0.00293418999264813,0.85191331194474,0.999616524624421,SEKER
34794,693.537,237.490550847999,186.993337716811,1.27004819395043,0.61647855836511,35187,210.4782571182,0.747197526091998,0.988831102395771,0.909023168065601,0.886259501132374,0.00682561794700233,0.00259755860482031,0.785455903347404,0.997566851474074,SEKER
34794,671.293,236.61087920035,187.423153116231,1.26244210102268,0.610371181770207,35052,210.4782571182,0.78497461928934,0.992639507018145,0.970264152250808,0.889554435660491,0.00680033566707911,0.00262663804983912,0.791307094003255,0.998979390307621,SEKER
34800,671.796,226.636188574421,195.61382696342,1.15858982001718,0.505001894272023,35120,210.49640414217,0.784632034632035,0.990888382687927,0.968978811891932,0.928785493023983,0.00651253415443738,0.0029894512133644,0.862642492051804,0.999448809605473,SEKER
34841,675.857,231.956964125302,191.611272370017,1.2105601160947,0.563576479016081,35137,210.620366959413,0.78907913212846,0.991575831744315,0.958497188007509,0.908014845571253,0.00665758629560869,0.00279169753746849,0.824490959777787,0.998095871987632,SEKER
34841,670.201,223.72249147379,198.530793245748,1.126890634023,0.461004955462305,35122,210.620366959413,0.787580812875808,0.991999316667616,0.974743465781251,0.941435818866198,0.00642124196991446,0.00311144171518538,0.886301401044269,0.998764747758246,SEKER
34847,686.633,236.426223619075,188.062657858295,1.25716729898193,0.606033554879254,35229,210.638501740271,0.761017689451845,0.989156660705669,0.928807931300964,0.890926981431838,0.00678469376471647,0.00263680770562478,0.793750886243247,0.997877657722936,SEKER
34850,674.295,230.433581497671,192.752188193799,1.19549139056199,0.548003376347995,35119,210.647568545237,0.772504599561102,0.992340328597056,0.963191780426982,0.914135722650158,0.00661215441887147,0.00284816714814202,0.835644119425127,0.999005350346495,SEKER
34865,680,224.825092117302,197.677632012539,1.13733197746441,0.476359223310328,35256,210.692896717453,0.793179543179543,0.988909689130928,0.947505431378963,0.937141378363251,0.00644844664039301,0.00306799981758907,0.878233963040573,0.998843569861338,SEKER
34878,671.541,225.413503647309,197.147955929614,1.1433722585883,0.484834722615302,35188,210.73217324669,0.765204036858271,0.991190178469933,0.971888338731714,0.934869339400403,0.00646291368906786,0.00304517170083141,0.873980681750947,0.999285266056121,SEKER
34878,679.271,229.296981635089,193.949870082933,1.18224869930071,0.533427615725719,35217,210.73217324669,0.784480431848853,0.990373967118153,0.94989431811762,0.919035966997842,0.00657425831857012,0.00289305413070745,0.844627108635658,0.998559300578624,SEKER
34879,689.973,236.193130134605,188.398162444095,1.25369126253921,0.603127826920053,35298,210.735194214962,0.76978591922313,0.988129639073035,0.920682093261607,0.892215595326018,0.00677178617892155,0.0026470505805665,0.79604866854296,0.997999260308283,SEKER
34879,675.467,223.80001449334,198.868746301588,1.12536544155583,0.458682478157239,35258,210.735194214962,0.7923623889684,0.989250666515401,0.96065094926719,0.941622790740404,0.00641646877758365,0.00311159950713706,0.886653480041747,0.997809185074191,SEKER
34882,680.065,234.523244890576,189.531178881546,1.2373860927502,0.588969591395544,35219,210.744256859948,0.792916893980724,0.990431301286238,0.947786227212791,0.898607116570804,0.00672333137121081,0.00270423042228096,0.807494749951694,0.999182773559026,SEKER
34883,672.664,232.322464187597,191.468438727401,1.21337211360647,0.566372342039741,35182,210.747277655007,0.799738640011005,0.991501335910409,0.968784810670316,0.907132585701362,0.00666004828104227,0.00278189165332159,0.822889528041238,0.998471205904026,SEKER
34895,677.7,225.369838410819,197.232923868121,1.14265830466272,0.483847618930669,35227,210.783523818949,0.763032449925654,0.990575410906407,0.954768529025381,0.935278319873129,0.00645851378165407,0.00304842716294364,0.874745535624704,0.99953525074821,SEKER
34911,677.462,235.255598389278,189.279988802989,1.24289736002754,0.593855566433165,35252,210.831842344199,0.762515289183994,0.990326789969363,0.955877575248606,0.896182041097851,0.00673872413821654,0.00268128135114854,0.803142250786311,0.998223383228884,SEKER
34911,670.061,232.394657378899,191.376871066779,1.21432990352218,0.567317077348528,35204,210.831842344199,0.771070765968725,0.991677082149756,0.977110028755438,0.907214669743706,0.00665677458047316,0.00278153077967676,0.823038456998182,0.999440210081646,SEKER
34912,676.03,230.310606076524,193.113979153455,1.19261488518919,0.544911378424838,35245,210.834861884353,0.774376719013397,0.990551851326429,0.959958934583343,0.915437050321075,0.00659688949577579,0.0028578071226283,0.83802499310055,0.999441080932281,SEKER
34924,816.638,258.319787463975,181.639925775713,1.42215312168177,0.711032481820071,37992,210.871092993636,0.712095261397928,0.919246157085702,0.658073911453909,0.816318002828353,0.00739662660245031,0.00202605371610072,0.666375081741671,0.947687402709862,SEKER
34934,687.791,230.15919857071,193.71721048044,1.18811951710377,0.53999820664878,35445,210.901280830103,0.757064840499307,0.985583298067428,0.927994073557422,0.916327838034724,0.00658840094380002,0.00286525517757659,0.839656706757392,0.997612520965538,SEKER
34936,682.571,232.023556066831,192.052253889525,1.20812722250216,0.561130428509521,35353,210.907317878891,0.786846846846847,0.988204678527989,0.942296064962636,0.908990972529284,0.00664138871269838,0.00279690002604036,0.826264588139734,0.998232741921146,SEKER
34945,675.172,234.989902297963,189.554167926161,1.23969789147291,0.591031958565993,35231,210.934482460242,0.760004349717268,0.991882149243564,0.963309985276571,0.897632112688744,0.00672456438111212,0.00269300675468671,0.805743409730059,0.998878406110544,SEKER
34958,672.491,231.261891087858,192.608125477999,1.20068605887696,0.553487962601166,35254,210.973714013978,0.797927461139896,0.991603789640892,0.971367321644567,0.91227185344527,0.00661542110783963,0.00282640478747738,0.832239934588468,0.999258887101048,SEKER
34960,681.462,237.561122125691,187.951051233225,1.26395207990035,0.611597287235674,35342,210.979748990137,0.803493449781659,0.989191330428386,0.946014952796427,0.888107225215539,0.00679522660542594,0.0026076261038613,0.788734443480044,0.996922540325645,SEKER
34968,673.319,238.108675335276,187.137647830629,1.27237185085696,0.618310695422861,35218,211.003887168695,0.755509463313456,0.992901357260492,0.969256937140763,0.88616631406472,0.00680933068334694,0.00259027060254207,0.785290736183053,0.999181827458055,SEKER
34968,750.395,242.822452005871,184.329547189153,1.31732788209312,0.650959510014587,35858,211.003887168695,0.743367346938776,0.975179876178259,0.78037041140775,0.868963662238255,0.00694413326486705,0.00244232959828445,0.75509784629052,0.99471144662697,SEKER
34971,673.194,235.001586559662,189.689458143456,1.23887531157339,0.590300279102739,35269,211.012938273778,0.782454020673916,0.991550653548442,0.969700103745248,0.897921334757487,0.0067198989608436,0.00269460845543427,0.806262723412667,0.998858982677878,SEKER
34980,675.203,233.008682688639,191.342760140273,1.2177554171259,0.570665001114299,35276,211.040089259922,0.785290948275862,0.991609025966663,0.964186269651433,0.905717704699988,0.00666119733243681,0.00276505319825998,0.820324560607015,0.998954677480616,SEKER
34995,679.687,236.99073340175,188.131684709326,1.25970664520394,0.608132399745595,35298,211.0853331428,0.757992548951655,0.991415944246133,0.951914483886007,0.890690239710618,0.00677213125880127,0.00262912904489227,0.793329103115759,0.999361943028602,SEKER
35022,670.696,231.836185261737,192.603633057894,1.20369580563442,0.556608864424358,35293,211.166747703598,0.791779706999457,0.992321423511745,0.978361547357034,0.910844644312948,0.00661973003431378,0.0028105885804813,0.829637966073581,0.998631739957837,SEKER
35031,675.649,232.068017764463,192.536781527798,1.20531784068987,0.558273938715564,35369,211.193878916074,0.798991880302892,0.990443608809975,0.964317664522974,0.910051634648017,0.00662464724856449,0.00280289388993982,0.828193977725528,0.998236976904487,SEKER
35042,676.65,225.6145212543,197.895934072212,1.14006648146683,0.480231412834111,35380,211.227034554315,0.800045662100457,0.990446579988694,0.961768562262876,0.936229784235526,0.0064384030949803,0.00305131988315481,0.8765262088897,0.999298150882343,SEKER
35049,679.396,228.963198657554,195.075216182025,1.17371751849762,0.523551941530224,35349,211.248130887406,0.777484472049689,0.991513196978698,0.954200246118792,0.922629191616759,0.00653265995199731,0.00291997128434747,0.851244625223394,0.999120729151641,SEKER
35059,671.731,230.031610826528,194.321814119948,1.18376627898574,0.535143215814854,35314,211.278264851996,0.777706299911269,0.992779067791811,0.976379395678822,0.91847491782912,0.00656127130912258,0.00288029494669488,0.843596174681208,0.998620704668974,SEKER
35062,701.948,223.264100757669,200.252371364798,1.11491364240052,0.442171640656619,35579,211.287304203315,0.778740227434257,0.985468956406869,0.894204121957755,0.9463559232599,0.0063676943915826,0.00315050369662331,0.895589533489098,0.998504988878116,SEKER
35066,674.509,229.03917130402,195.117975885899,1.17384966845883,0.523707996801623,35356,211.299356070205,0.788708951866847,0.991797714673606,0.968546764747125,0.922546806588522,0.0065316594793823,0.0029184814511931,0.851092610346679,0.999054778483208,SEKER
35069,692.225,234.236651902047,191.213807476494,1.22499862846381,0.577589389799805,35563,211.308394519284,0.752682864010989,0.986109158394961,0.919684116747131,0.902114988424821,0.00667930799002102,0.00272871907461986,0.813811452340715,0.996917912945513,SEKER
35081,677.561,234.795275157432,190.579238761587,1.23200867357414,0.584098759905428,35395,211.34454445018,0.768443879786209,0.991128690493007,0.96025157469061,0.900122646456458,0.00669294704134524,0.00271021600022533,0.810220778663778,0.998199026823769,SEKER
35083,687.873,229.649875656529,194.933950008919,1.17809071044844,0.528664177113422,35513,211.350568837521,0.76761333800105,0.987891757947794,0.931729961528882,0.92031649585399,0.00654590188001393,0.00289666371799157,0.846982452540968,0.997822159251353,SEKER
35083,685.515,227.984772665586,196.194184273196,1.16203634429919,0.509351983786621,35477,211.350568837521,0.782700845548045,0.988894213152183,0.938150821312875,0.927038092791992,0.00649844006115744,0.00296059635733801,0.859399625487414,0.998653599093489,SEKER
35085,693.747,245.934942837211,181.85601125932,1.35236081080936,0.673214080819633,35658,211.356593053146,0.735457499213919,0.983930674743396,0.916070944666136,0.859400419537156,0.00700968912176746,0.00235863514613514,0.738569081100641,0.998811881355989,SEKER
35087,678.15,237.29387575674,188.492282330493,1.2589049950633,0.607471966276819,35477,211.36261709707,0.768945868945869,0.989006962257237,0.958748215702769,0.890720910613585,0.00676301410085615,0.00262595117869287,0.793383740604294,0.998794754048751,SEKER
35091,688.22,225.852179516809,197.988502974948,1.14073381091925,0.48116745403242,35466,211.374664669874,0.780250811580024,0.989426492979191,0.931002892130104,0.935898272587368,0.00643618533290044,0.00304595081910719,0.875905576632019,0.999175106436864,SEKER
35091,685.847,232.503681071645,192.62691667872,1.20701553594109,0.560004226430895,35452,211.374664669874,0.762367203284886,0.989817217646395,0.937456494320012,0.909123948901004,0.00662573540428159,0.0027919410559069,0.826506354465355,0.997606010393719,SEKER
35105,687.922,232.375560092077,192.494682097379,1.20717911560031,0.560170279440421,35508,211.416825768263,0.782720178372352,0.988650444970148,0.93218142389795,0.909806632351916,0.00661944338675621,0.00279767736217429,0.827748108271534,0.999240229283061,SEKER
35106,688.658,231.112620102961,193.551490751618,1.19406272307943,0.546472660474056,35503,211.419836953566,0.787430186393917,0.988817846379179,0.930216456985973,0.914791398493855,0.00658327978416683,0.00284387409369965,0.836843302758343,0.999243392882415,SEKER
35106,680.346,234.364202717976,191.01055243614,1.22696992249331,0.579438587749625,35445,211.419836953566,0.810387811634349,0.99043588658485,0.953084794781923,0.902099529286817,0.00667590163271168,0.00272714052144284,0.813783560739496,0.998487952446873,SEKER
35122,679.818,231.796231505501,193.14332588602,1.20012550494388,0.552902155106883,35481,211.468010087078,0.784393425049134,0.989881908627153,0.955000905943581,0.912301329118282,0.00659974464738629,0.00282007153873808,0.832293715110984,0.998856915109191,SEKER
35123,685.227,233.224886155997,192.004207712632,1.21468632867181,0.56766767343525,35457,211.471020543556,0.791914682539683,0.990580139323688,0.940010129256237,0.906725795986066,0.00664023250166549,0.0027686428390774,0.822151669106565,0.998656392558459,SEKER
35128,669.663,228.402453594965,195.966868026179,1.16551566035363,0.513667509570547,35376,211.486072183151,0.785527404458955,0.992989597467209,0.98435257091389,0.925936078419661,0.00650200562499901,0.00294816054101151,0.85735762131918,0.999263734171043,SEKER
35130,678.016,239.183150167506,187.160106071078,1.27796011227238,0.622654309088071,35473,211.49209253905,0.780146568954031,0.990330674033772,0.960302652931671,0.884226553546676,0.00680851551857403,0.00256735784137386,0.781856597997032,0.999181545757188,SEKER
35131,684.17,234.523025493709,190.924540976422,1.22835453365145,0.580728620782057,35466,211.495102652735,0.74998932581871,0.990554333728078,0.943131656104877,0.901809543892347,0.00667567178542339,0.00272354181497936,0.813260453455323,0.998972165041279,SEKER
35134,668.885,226.266431682644,197.955771047047,1.14301508102468,0.484341376106544,35360,211.504132736751,0.797575537445234,0.993608597285068,0.986812284628327,0.93475700820439,0.0064400988126215,0.00303296370538438,0.873770664387223,0.998733046751549,SEKER
35145,681.083,243.764584779737,183.706528309757,1.32692390968661,0.657307236209345,35444,211.537239746852,0.782809158945118,0.991564157544295,0.952079756328457,0.867793161742487,0.00693596769895396,0.00242634034030056,0.753064971567022,0.999259916319752,SEKER
35149,682.373,238.929221311281,187.422334154177,1.27481723237282,0.620222204244549,35509,211.549277375027,0.782549648232256,0.989861725196429,0.948591369225064,0.885405628553978,0.00679761078014399,0.00257694512556358,0.783943127075065,0.999384207595527,SEKER
35162,673.468,230.230210445966,194.642456777073,1.18283654171942,0.534093600114581,35450,211.58839493691,0.786287707685771,0.991875881523272,0.974203092234664,0.919029672635292,0.00654769951783077,0.00288128778567855,0.844615539184131,0.999042123451042,SEKER
35165,676.072,232.883461147834,192.385078478107,1.21050688021179,0.563523226309533,35463,211.597421039605,0.785845177438098,0.99159687561684,0.966795424504285,0.908597888388834,0.00662259238298975,0.00278416314766125,0.825550122784647,0.999334103590506,SEKER
35175,706.545,226.797234116321,197.679157529116,1.14729967969899,0.490196672121028,35707,211.627505268241,0.773552955665025,0.985100960595962,0.885450556817002,0.933113254633873,0.00644768256194232,0.00301523277063561,0.87070034597342,0.998954228049104,SEKER
35176,680.437,235.791339936426,190.024008653724,1.24085025680151,0.592053018957602,35499,211.630513455891,0.795369239813684,0.990901152145131,0.954729791084488,0.897533020139547,0.00670318796726251,0.00268326089429251,0.805565522240817,0.99958618514296,SEKER
35208,678.529,232.285537153376,193.463469371821,1.20066872525139,0.553469869653394,35535,211.726752893997,0.767660910518053,0.990797804981005,0.960980094116165,0.911493481207122,0.00659752150515155,0.00280914945367894,0.830820366283078,0.997540030097998,SEKER
35221,674.683,237.280978058076,189.129991263555,1.2545920214601,0.603884463306759,35484,211.765837672456,0.762755544005544,0.99258820877015,0.97232625233457,0.892468664810651,0.00673691769279907,0.00263640976096083,0.796500317668907,0.999282943637849,SEKER
35223,674.287,231.268962910586,194.315959970837,1.19016967492169,0.542251338065355,35537,211.771850075043,0.766784221525601,0.991164138784928,0.973523934602878,0.915695073864793,0.00656585080517237,0.00284756918234219,0.838497468300248,0.997954259269564,SEKER
35237,676.073,233.927614601491,192.02295689163,1.21822733275329,0.571122485704072,35502,211.813932114564,0.778271048679212,0.992535631795392,0.968772062970618,0.905467840876337,0.00663869269805859,0.00275267190087142,0.819872010861255,0.998790492990586,SEKER
35246,683.282,240.090358737129,186.985513491286,1.28400513095533,0.627256068308807,35599,211.840980439894,0.781282557134307,0.990083991123346,0.948679990984115,0.882338556009387,0.00681184698227114,0.00254674624977945,0.778521327420731,0.999625378966376,SEKER
35247,682.573,234.990539624924,191.235329742883,1.22880296198862,0.581144871728649,35605,211.843985596194,0.759012016021362,0.989945232411178,0.950678806024016,0.901500060105928,0.00666696568856709,0.00271625802754508,0.812702358370991,0.99865106518141,SEKER
35254,687.045,225.063640101738,199.692033617845,1.12705367372064,0.461251975326137,35676,211.865020496762,0.769805223163595,0.98817131965467,0.938529434058568,0.941356055562732,0.00638405968405678,0.00309237664063666,0.886151223344625,0.9987399917426,SEKER
35259,677.828,234.88963381851,191.297192487456,1.22787810298843,0.580285549392879,35577,211.880044147195,0.752240143369176,0.991061640947803,0.964363679030688,0.902040846599921,0.00666183481716754,0.0027206861030767,0.813677688934703,0.999097017133155,SEKER
35272,682.696,232.130230809024,193.597547672422,1.1990349753903,0.551758353041187,35619,211.91910065376,0.779922609176341,0.990258008366321,0.951010327733005,0.912931934436875,0.00658114739195464,0.00281990823718523,0.833444716914654,0.999329365634936,SEKER
35272,682.862,230.08115174289,195.420888710484,1.1773621195826,0.527819836609066,35637,211.91910065376,0.775089546663151,0.989757835957011,0.950548013162809,0.921062412320392,0.00652305374639629,0.00289592265010703,0.84835596738946,0.998822179926198,SEKER
35277,676.858,238.552548526479,188.774182075354,1.26369266127322,0.611387126236739,35527,211.934120470542,0.78755609135356,0.992963098488474,0.967623431363695,0.888416920211681,0.00676226857517588,0.00259860017429926,0.789284624118408,0.997413187154222,SEKER
35283,681.373,223.975012214674,200.836520534912,1.11521057832576,0.442655742821236,35589,211.952142845716,0.779080551139375,0.991401837646464,0.955004742266782,0.9463204879416,0.00634795828627593,0.00314026860872914,0.895522465898029,0.998696127097855,SEKER
35287,677.949,223.620886871451,201.097336234317,1.1120032271879,0.437377571901235,35627,211.964156911186,0.789383025367992,0.990456676116429,0.964785021955223,0.947872803281713,0.00633720313065581,0.00315556870865935,0.898462851201133,0.999093590044105,SEKER
35288,676.973,232.621305702862,193.387722043394,1.20287525622058,0.555762067794156,35608,211.967160321155,0.794953818427574,0.991013255448214,0.96759633128344,0.911211291161399,0.00659207962204891,0.00280335809718397,0.830306017140024,0.998754563108797,SEKER
35300,685.599,238.216983066095,188.807623897236,1.26169154692478,0.609759171387383,35640,212.003197921992,0.767224516409476,0.990460157126824,0.943722302190903,0.889958369857997,0.00674835646079589,0.00261129865419246,0.792025900080303,0.999292383076805,SEKER
35302,679.016,235.934090748344,190.740547603881,1.23693726222449,0.588567005439458,35644,212.009203593242,0.781674859395067,0.990405117270789,0.962164122669646,0.898595039490831,0.00668330663272179,0.00268798732952268,0.807473044997529,0.998793497599315,SEKER
35304,686.408,234.615822846013,192.04540997515,1.22166847349474,0.574431470371208,35737,212.015209094372,0.789904685192643,0.987883705963008,0.941605757637736,0.903669695089259,0.00664558754945651,0.00273370734536744,0.816618917822714,0.997637586763398,SEKER
35313,691.229,233.156694785761,193.117146052861,1.20733295593515,0.560326339406872,35743,212.042231744605,0.773898750821828,0.987969672383404,0.928753744489397,0.909440888838481,0.00660257397518651,0.00278606307207021,0.827082730291326,0.998564237565543,SEKER
35316,682.911,237.776630215736,189.241627140611,1.25647107250384,0.605454602264216,35637,212.051238529434,0.76056338028169,0.990992507786851,0.951597200699663,0.89180857823176,0.00673283016807497,0.0026270237820303,0.795322540207753,0.999299765081315,SEKER
35321,682.903,232.944452574472,193.411100698499,1.20440063539889,0.557333834054943,35670,212.066248987411,0.761491031390135,0.990215867675918,0.951754225401026,0.910372608764376,0.00659506957828124,0.00279431828967569,0.828778286788455,0.998181095212821,SEKER
35330,682.682,234.639510736771,192.016233688024,1.22197746633234,0.574726301888229,35655,212.093265134689,0.746871300524269,0.990884868882345,0.952613204637168,0.903911129326484,0.00664136741400428,0.00273489214728336,0.81705532972028,0.998423201664925,SEKER
35337,677.215,228.982968258459,196.633014057191,1.16451944428752,0.512439522975302,35671,212.114275314762,0.765267671517672,0.990636651621766,0.968247540742091,0.926332106392045,0.00647997759454564,0.00294320243605012,0.858091171332723,0.999263853988407,SEKER
35338,680.836,227.467483803256,198.044921487565,1.14856509369031,0.491900240691929,35669,212.117276599176,0.787686958072354,0.990720233255768,0.958002863948227,0.932516916495381,0.00643690881779547,0.00300250677266103,0.869587799550053,0.99877819246216,SEKER
35339,677.909,228.871151473587,196.958053699572,1.16202992045552,0.509343946215008,35667,212.120277841125,0.764648606543189,0.990803824263325,0.966320783969412,0.926810899824588,0.00647644674364263,0.0029476851407369,0.858978444033662,0.99815865299344,SEKER
35344,694.82,234.366626905209,192.352180000264,1.21842459443343,0.571313449208285,35807,212.135283413956,0.762545846817691,0.987069567403022,0.919985411803564,0.905142878980614,0.00663101592647151,0.00274554388513388,0.819283631369314,0.998235326277107,SEKER
35352,684.112,231.522954231537,194.654422899161,1.18940505323876,0.541413473803345,35760,212.159290122958,0.755384615384615,0.988590604026846,0.949225585446035,0.916363955475385,0.00654907655101655,0.00284860231134991,0.839722898894494,0.998770659265413,SEKER
35354,687.741,235.015308381981,191.828254709782,1.22513395504504,0.57771680969225,35726,212.165291375774,0.754363504459523,0.989587415327773,0.939287602176253,0.902772218697054,0.00664748849867006,0.0027236424918437,0.814997678851201,0.998481329643496,SEKER
35354,681.226,237.289685150932,189.889846207567,1.24961755401894,0.599673407374131,35666,212.165291375774,0.768565217391304,0.991252172937812,0.95733952878303,0.894119317663652,0.0067118200246346,0.00264607395021722,0.799449354219314,0.999005946581558,SEKER
35364,683.341,222.294908686479,202.880789428521,1.09569225017629,0.408708384602848,35761,212.195295093964,0.792168809641145,0.988898520734879,0.951691714128184,0.954566599603235,0.00628590964501976,0.00321938439006453,0.911197393078083,0.998391921976496,SEKER
35376,681.424,236.606392974437,190.512796810476,1.24194488210582,0.593018665865505,35693,212.231293956737,0.770702163351561,0.991118706749223,0.957378649903917,0.896980387083907,0.00668833087331628,0.00267072579285816,0.804573814813196,0.999236331583609,SEKER
35377,687.757,237.874433893319,189.491758058704,1.25532865561164,0.604501322881004,35712,212.234293586347,0.781984969053935,0.990619399641577,0.93985493666795,0.892211450018749,0.00672398546777056,0.00262831672335185,0.796041271544559,0.99929341921941,SEKER
35384,679.656,235.75769620133,191.326518061421,1.23222697297845,0.58429853221545,35698,212.255289806659,0.747981228596795,0.991203989018993,0.962583648452159,0.900311180617406,0.00666283337670502,0.00270028304439636,0.810560221944708,0.998794168703664,SEKER
35402,681.514,231.008489369887,195.345932202163,1.18256104320011,0.533781706651766,35696,212.309270552923,0.775900234510268,0.991763783056925,0.957829256498384,0.919053975600771,0.0065252948807945,0.00287173246096496,0.844660210067583,0.998862259167142,SEKER
35403,678.413,233.986551094945,192.87931802819,1.21312411038672,0.566127096873678,35713,212.312269080849,0.770669162784623,0.99131968750875,0.966632974936804,0.907369539348862,0.00660922947476048,0.0027635503202737,0.823319480938165,0.998788712877168,SEKER
35408,684.211,241.922654035538,186.690713159474,1.29584728635583,0.635991731920651,35765,212.327261085294,0.735093838232852,0.990018174192647,0.950454117758198,0.877665888429381,0.00683242922603756,0.00250075866123708,0.770297411712534,0.998187810654604,SEKER
35410,704.701,228.550568204841,197.433811050332,1.15760601990597,0.503746100020513,35997,212.333257590685,0.765952844473286,0.983693085534906,0.896037148330982,0.929042790216907,0.00645440746130587,0.00296605370780759,0.863120506054016,0.999153493712413,SEKER
35412,675.129,228.003368422639,197.942791770045,1.15186497262056,0.496289108519473,35693,212.339253926733,0.795918367346939,0.992127307875494,0.976307875846077,0.931298758416278,0.00643859054621708,0.00298762899875987,0.8673173774277,0.99903250720409,SEKER
35414,680.978,237.1379832266,190.367856320332,1.2456828994679,0.596285402767835,35729,212.345250093453,0.764749071434741,0.991183632343475,0.959662851792475,0.895450181384668,0.00669616488469531,0.0026556547696857,0.801831027341835,0.998827199022503,SEKER
35432,681.365,233.742231894946,193.218809116159,1.20972814688256,0.562742865950598,35757,212.399207976528,0.790645780336502,0.990910870598764,0.959060244862428,0.908689911337842,0.00659692458497815,0.00277449602846306,0.825717354967176,0.998893525673212,SEKER
35437,685.657,228.037132015471,198.233124313427,1.15034827204217,0.494281411525393,35804,212.414193844903,0.781549115610251,0.989749748631438,0.947224634601994,0.931489498957968,0.00643500104454302,0.00298841038964524,0.867672686668966,0.99812577580783,SEKER
35438,678.412,233.18003280462,193.710572952389,1.20375480414243,0.556669633836165,35726,212.417190891709,0.793595342066958,0.991938644124727,0.967591457032077,0.91095789093439,0.00657994336036516,0.00279508568910047,0.829844279055632,0.998929037603328,SEKER
35438,677.413,234.429704580743,192.6140461632,1.21709558181501,0.570023833999144,35725,212.417190891709,0.767454954954955,0.991966410076977,0.970447430033106,0.906101858003015,0.00661520696937589,0.0027506243481415,0.821020577076516,0.999260516939033,SEKER
35442,698.883,236.867490194818,191.003257990667,1.24012277427431,0.591408965105346,36046,212.429178656096,0.729589526122936,0.983243633135438,0.911841033936654,0.896827076106469,0.00668324276832057,0.002666870001065,0.804298804437679,0.997429264704766,SEKER
35442,681.165,228.755127509374,197.586555108646,1.1577464235033,0.503925708892765,35791,212.429178656096,0.791557788944724,0.99024894526557,0.959894351020222,0.928631331542028,0.00645435154645262,0.00296077707073518,0.862356149921521,0.99838974835772,SEKER
35450,680.993,235.796159460083,191.585719523606,1.23076062269364,0.582953270474066,35744,212.453152155626,0.775456633490102,0.991774843330349,0.960596075467638,0.901003445696881,0.0066515136660108,0.00270399608104374,0.811807209157653,0.999140346250062,SEKER
35454,677.189,235.532463879198,191.853264893691,1.22766982365252,0.580091585109638,35744,212.465137890997,0.781699922831,0.991886750223814,0.971527983647894,0.902063071865831,0.0066433255451909,0.00271339433990181,0.813717785624019,0.998976770379957,SEKER
35467,683.515,226.947476005845,199.261077840254,1.13894533978074,0.478650981559671,35845,212.504086862164,0.766721431968524,0.989454596177989,0.953977692494037,0.936358009360238,0.00639883486073943,0.00303422920098365,0.876766321693067,0.998588916169023,SEKER
35473,687.235,241.050143515874,187.644663691116,1.28460963810124,0.627710838792899,35874,212.52206090284,0.791348770802659,0.988821988069354,0.943837533775427,0.881650837469193,0.00679531315411368,0.00253265326105566,0.77730819921013,0.998537604480455,SEKER
35481,679.09,237.901882166372,190.084488083866,1.25155863355567,0.601326085036257,35754,212.546023925992,0.789010207031511,0.992364490686357,0.966832064223895,0.893418841374916,0.00670505008783214,0.00263513104527722,0.798197226123697,0.9989906296353,SEKER
35499,688.485,228.519750691063,197.998262563158,1.1541502825974,0.499284173094856,35887,212.599930852655,0.771650291279019,0.989188285451556,0.941102696501313,0.930335037604997,0.00643735740981614,0.00297471178818617,0.865523282195491,0.998943940740556,SEKER
35507,682.142,239.232413666491,189.116163141886,1.26500247092579,0.612446176853882,35835,212.623885099749,0.781920281876239,0.990846937351751,0.958902086844267,0.88877540397249,0.00673761268669533,0.00259330689178559,0.789921718706463,0.999252926001623,SEKER
35510,676.975,227.151612549002,199.323035239466,1.13961546028086,0.479596811960676,35799,212.632867246683,0.77195652173913,0.991927148803039,0.973677814193202,0.936083459239425,0.00639683504784573,0.00302972492396853,0.876252242661647,0.998590602842991,SEKER
35511,702,224.14210686629,204.151325527742,1.09792138888577,0.41282134262359,36641,212.635861211345,0.759074002821598,0.969160230343058,0.905521032472359,0.948665398858729,0.00631190636327589,0.00315349794836132,0.899966038991791,0.988091963479897,SEKER
35517,678.829,232.996395035574,194.232581971698,1.19957420464875,0.552324609661699,35881,212.653824114119,0.771622238154207,0.989855355201918,0.968557402164718,0.912691477830166,0.00656013725921598,0.00280794547594021,0.833005733703812,0.999252190475603,SEKER
35532,676.181,231.10699672607,195.880197180658,1.17983849338748,0.530677806251511,35820,212.698724734141,0.791640673736744,0.991959798994975,0.976570476702256,0.920347405086364,0.00650419331098924,0.00287859370826818,0.847039346049203,0.999369625882606,SEKER
35534,684.316,231.105463511398,196.03701570781,1.17888686826297,0.529583494700738,35921,212.704710767344,0.777617296918768,0.989226357840817,0.953543638899603,0.920379412652238,0.00650378408035678,0.00287881303216529,0.847098263234078,0.998633018655019,SEKER
35539,690.791,247.062481294198,184.042212436033,1.34242290409364,0.667151862334435,35853,212.719675113382,0.826104137610414,0.991242016009818,0.935883360932885,0.860995461549176,0.00695186925051908,0.00235659421374236,0.741313184808279,0.995155798393233,SEKER
35544,683.35,232.234703515348,195.029380887113,1.1907677830848,0.542904714711566,35949,212.734638406788,0.784462591039506,0.988734039889844,0.956510554906844,0.916032940756108,0.00653372449683064,0.00283782065751689,0.839116348550284,0.999192714113435,SEKER
35555,697.407,238.238613722529,190.254622443273,1.25220933222563,0.601877373180817,36021,212.767553948103,0.756087187666135,0.987063102079343,0.918624328003088,0.893085930209062,0.00670056570728532,0.00262944579861931,0.797602478737385,0.998765267281246,SEKER
35565,682.802,227.295701721943,199.383916533488,1.13999015403917,0.480124129649073,35922,212.79747274934,0.801428668003696,0.990061800567897,0.958612544638697,0.936214240468395,0.00639099400314756,0.00302865039036574,0.876497104055814,0.999198068667471,SEKER
35589,687.923,235.063905985539,192.994447015851,1.21798274313163,0.570885487707173,35977,212.869260715538,0.779998684989151,0.989215332017678,0.945030857263913,0.905580377485236,0.00660495956575174,0.00274004654284126,0.820075820086302,0.998838196924638,SEKER
35598,694.499,245.397667962786,185.348636543777,1.32397881386533,0.655380253739297,36045,212.896174962075,0.753636074944427,0.987598834789846,0.927453646878142,0.867555819619116,0.00689358020008951,0.00240887522462835,0.752653100154996,0.996496758795274,SEKER
35602,688.378,240.655626467646,188.590307776753,1.2760763228221,0.621199848062567,35941,212.908135757329,0.780916867734152,0.990567875128683,0.944126734387058,0.884700428086408,0.00675960975416117,0.00255438488896268,0.782694847456273,0.998778362833804,SEKER
35605,694.737,245.554451656193,184.744494120404,1.32915707623826,0.658756144732823,35968,212.91710591283,0.742621754093232,0.989907695729537,0.927000559389375,0.867087134754704,0.00689662832906032,0.00240473682778867,0.751840099257123,0.99931358812728,SEKER
35608,689.304,240.389454975315,188.879738588388,1.27271170942892,0.618577370046126,35997,212.926075690437,0.784144461572341,0.989193543906437,0.94175047497018,0.885754642242114,0.00675099570251952,0.00256331124574278,0.784561286253455,0.998520335779386,SEKER
35609,686.971,230.169389547823,197.140940847916,1.16753723786571,0.516140832760711,36002,212.929065532337,0.789329018243078,0.989083939781123,0.948184460774578,0.925097233609755,0.00646379818438662,0.0029202301463071,0.855804891632422,0.99918407932848,SEKER
35610,678.391,234.428595260664,193.826015919139,1.20947951258753,0.562493166292973,35888,212.932055332257,0.756806154761652,0.992253678109675,0.97234790411335,0.908302398414729,0.00658322368044548,0.00276401387051415,0.82501324696595,0.997836619818635,SEKER
35615,692.536,233.003590697499,195.224649757406,1.19351521945123,0.545883450468476,36004,212.947003702195,0.743341960260478,0.989195644928341,0.933164275619886,0.913921554018699,0.00654228810044923,0.00281543242088412,0.835252606899953,0.996886698421407,SEKER
35634,685.864,235.123044735122,193.217862100237,1.21688047978269,0.569814436080283,36006,213.003797940536,0.784285242654341,0.9896683886019,0.951915555365433,0.905924802821841,0.00659827818193641,0.00274144151116688,0.820699748367791,0.998693503551329,SEKER
35647,683.548,233.60413276836,194.407001861909,1.20162406976624,0.554465018582357,35993,213.042648432595,0.771312965206855,0.990387019698275,0.9587266865078,0.9119815043848,0.00655326206324122,0.00279628492163341,0.831710264339963,0.999403072702539,SEKER
35647,679.754,236.157114767621,192.34177047608,1.22779942278315,0.580212296104942,35927,213.042648432595,0.765088427197802,0.992206418570991,0.969458686679314,0.90212250705311,0.0066248804883334,0.00270657386241526,0.813825017731789,0.99921388701758,SEKER
35652,680.437,227.476881974933,199.809697736229,1.13846767475334,0.477974624433388,36002,213.057589043193,0.798978082560172,0.990278317871229,0.967649150322498,0.936612051270647,0.00638048025285911,0.00302881046802005,0.87724213458541,0.998711813157113,SEKER
35672,690.775,241.456477837061,188.250901759814,1.28263118837609,0.62621882613213,36078,213.117341011455,0.779375136552327,0.988746604578968,0.93942929778768,0.882632526244626,0.00676879563346774,0.00253402488608514,0.77904017638497,0.999221227229372,SEKER
35677,689.725,235.973947683876,192.7272628363,1.22439318761202,0.577018460325792,36120,213.132276386089,0.768437149995692,0.987735326688815,0.942423824783019,0.903202571631395,0.00661417573461548,0.00271516454688668,0.815774885401566,0.998829212310651,SEKER
35680,686.068,230.909790669522,197.036223443623,1.17191543074612,0.521413909676695,35991,213.141237108521,0.804020100502513,0.991358950848823,0.952577640762021,0.923049804386894,0.0064716869582265,0.00289799614210689,0.852020941378683,0.998496488520513,SEKER
35683,699.955,237.164077228632,192.140905780398,1.23432371813471,0.586208482673038,36188,213.150197454248,0.787495586158192,0.986045097822483,0.915231551768563,0.898745712019301,0.00664641642318842,0.00267494364039506,0.807743854873081,0.997017398247405,SEKER
35684,678.241,237.692502955669,191.412411316126,1.24178208362419,0.592875310842143,35953,213.153184152453,0.768587921082106,0.992518009623675,0.974799540107882,0.896760232240927,0.00666103864352844,0.00265721734739574,0.804178914128802,0.998614967593502,SEKER
35690,699.055,235.795252030591,192.90219302836,1.22235651305387,0.575087465185039,36122,213.171103462918,0.754768853360403,0.988040529317314,0.91776970807954,0.904051721258841,0.00660675965342087,0.00272233383095457,0.817309514711073,0.99904360848798,SEKER
35690,691.225,238.389290851272,190.761978922917,1.24966878723564,0.59971718608021,36059,213.171103462918,0.752572537112011,0.989766771125101,0.93867994156412,0.894214260639384,0.00667944216450749,0.00263442793431746,0.799619143930841,0.999259085846454,SEKER
35693,680.082,229.622684676023,198.089394925501,1.15918716780563,0.505761315852927,35997,213.180062553308,0.779544412169393,0.991554851793205,0.969773595731333,0.92839286699433,0.00643326939949073,0.00294807604024656,0.861913315485952,0.999118855072124,SEKER
35699,694.117,236.664965645481,192.479821813884,1.22955727730422,0.581843363186509,36104,213.19797960464,0.758488080567713,0.988782406381564,0.931109060429616,0.900843008271898,0.0066294564454321,0.0026931102524373,0.811518125552363,0.997808016937187,SEKER
35702,689.386,233.52723742888,194.803818799143,1.19878161972617,0.551491833709271,36067,213.206937565678,0.783970136144049,0.989879945656695,0.944011947044934,0.91298531131988,0.00654101275639685,0.0028033667655301,0.833542178685858,0.999235043075113,SEKER
35703,684.558,235.507802513547,193.074849361991,1.21977462777661,0.572616189562053,36029,213.209923469053,0.765304810083169,0.990951733325932,0.957401433996556,0.905319998715493,0.00659630290209638,0.0027333094917478,0.819604300074221,0.999732530047139,SEKER
35703,677.734,230.113877213603,197.716266407851,1.16385910676121,0.511622189790829,35987,213.209923469053,0.785544554455446,0.992108261316587,0.976778354210255,0.926540919873083,0.00644522525316088,0.00293005842380381,0.858478076199259,0.999147526939349,SEKER
35704,683.565,241.104351986157,188.654697598884,1.27801933932645,0.622699878681622,35994,213.212909330613,0.766311813186813,0.991943101628049,0.960211940512756,0.884317962634101,0.00675286668121657,0.00254742686862182,0.782018259037327,0.999434458756105,SEKER
35720,685.105,236.703013030594,192.341664682065,1.23063826769856,0.582840661267908,36074,213.260677430088,0.775577557755776,0.990186838165992,0.956328371176292,0.900963087455604,0.00662662410499983,0.00269339526138444,0.811734484957535,0.998951520399321,SEKER
35720,685.93,240.812022329686,189.089157246279,1.27353691685262,0.619223515046369,36024,213.260677430088,0.793636686811234,0.991561181434599,0.954029313137808,0.885589827978444,0.00674165795995762,0.00255786109003656,0.784269343418891,0.998795961599724,SEKER
35725,684.673,235.155394856775,193.905126256892,1.2127342860716,0.565741088489669,36053,213.275602767086,0.765727146072232,0.990902282750395,0.9576695917646,0.906956027511017,0.00658237634308678,0.00274730829581151,0.822569235838565,0.997557914969145,SEKER
35730,698.169,242.216334704889,187.990912864718,1.28844703722032,0.630575224137081,36142,213.29052705966,0.78629431570608,0.988600520170439,0.921131761342161,0.88057862538267,0.00677907457892215,0.00251433263468652,0.775418715480833,0.999085946566464,SEKER
35734,700.162,249.469799434674,182.915041249451,1.36385612539353,0.679996702477815,36085,213.302465741881,0.766495066495067,0.990272966606623,0.915997786114641,0.855023198099519,0.00698130070618107,0.00230158860866111,0.73106466928833,0.997067027267686,SEKER
35735,684.121,235.489119541004,193.432329044049,1.21742379210756,0.570342978907233,36043,213.305450308029,0.750230937185086,0.991454651388619,0.959484154020192,0.905797476859172,0.00658987322068011,0.00273641050269897,0.820469069084442,0.998858565391741,SEKER
35736,684.029,235.661573311109,193.377657525935,1.21865977862258,0.571540919940107,36088,213.308434832418,0.752970922882427,0.990246065174019,0.959769124488874,0.905147291666506,0.00659451458784163,0.00273048390659808,0.81929161961121,0.998437743782733,SEKER
35738,684.449,237.850027560178,191.889282215502,1.23951700071012,0.590871260020411,36051,213.314403755924,0.799168138822424,0.991317855260603,0.958645243764663,0.896844141428379,0.0066553815983037,0.0026559544727134,0.804329414014406,0.996979982842068,SEKER
35758,682.303,239.435320549712,190.499750389992,1.2568799699713,0.60579480781415,36049,213.374083807383,0.745890696704214,0.991927654026464,0.96522491223307,0.891155420668529,0.00669599307986218,0.00260500506141555,0.794157983786903,0.998161262814548,SEKER
35762,690.56,236.821440666449,192.707578538919,1.2289160730574,0.5812497474112,36157,213.386017814708,0.791159683199858,0.989075421080289,0.942385999743461,0.901041802694089,0.00662215314206277,0.00269251878906003,0.811876330202213,0.997727871520357,SEKER
35764,674.477,222.122920293272,205.098363856075,1.08300678814358,0.383946726078979,36032,213.391984568091,0.7745148995149,0.9925621669627,0.987919734773072,0.960693224662932,0.00621079633970674,0.00326336733744238,0.922931471913264,0.999541049073413,SEKER
35772,693.316,245.51020839419,185.67799338822,1.32223643693129,0.654231453759253,36140,213.415849913417,0.74641627543036,0.989817376867737,0.935170159955623,0.869274851377087,0.00686319491205944,0.00241732229328198,0.755638767236656,0.999133111198145,SEKER
35777,685.863,221.319945152059,206.193121707736,1.0733624056857,0.363352382137551,36174,213.430764399114,0.797170231729055,0.989025266766186,0.955738399697904,0.964353954870516,0.00618609568024314,0.00330021519245684,0.929978550274405,0.998204013958633,SEKER
35781,688.213,240.178449454184,189.850959446787,1.2650894688868,0.612516338108979,36108,213.442695237314,0.775706202441087,0.990943835161183,0.949328663810832,0.888683792081976,0.00671245771370796,0.00258255966387521,0.789758882309201,0.999115644969177,SEKER
35789,685.127,233.61876741028,195.22443658144,1.19666764827785,0.549256353317525,36146,213.466554913239,0.777075733889178,0.990123388480053,0.958114167360857,0.913738897262266,0.00652766960267902,0.0028068963708463,0.834918772370062,0.99912028383511,SEKER
35795,695.242,249.736141441153,182.704085588467,1.36688865296462,0.681746497839167,36189,213.484447920206,0.791907258688967,0.989112713808063,0.930593961895925,0.854840019102765,0.00697684429225179,0.00229814895795669,0.730751458259616,0.998855876432418,SEKER
35795,684.955,227.56501196074,200.513615417818,1.13491052209374,0.472880197611423,36124,213.484447920206,0.768017679747677,0.990892481452774,0.958756122360166,0.938125092608861,0.0063574524922682,0.00303742732826347,0.880078689382383,0.998810564850539,SEKER
35804,683.756,236.584733687132,192.932802052645,1.22625458797087,0.578769272302695,36096,213.511284619099,0.785347663961395,0.991910460992908,0.962363431046353,0.902472789733986,0.00660777381541539,0.0027037802861422,0.814457136210244,0.998731799983432,SEKER
35809,681.549,232.78712354206,196.047826754553,1.18739966362139,0.539202072047738,36094,213.526192438823,0.765149572649573,0.992103950795146,0.968741460682582,0.917259465170732,0.00650079933932979,0.00283867276644178,0.841364926445297,0.999036430643978,SEKER
35822,691.654,235.405304224263,194.237923335661,1.21194306539954,0.564955654498953,36203,213.564947899937,0.749539671911617,0.989476010275392,0.940983282341824,0.907222327057172,0.0065715287874564,0.00274600356503679,0.82305235071103,0.997492588905027,SEKER
35835,687.914,237.704179503981,192.176759084987,1.2369038828408,0.588537036731468,36190,213.603696329405,0.790885014345619,0.990190660403426,0.951588043896993,0.89861144543244,0.00663329648399557,0.00266806837480082,0.807502529862179,0.998803014590298,SEKER
35838,689.511,235.503228099848,193.965675317458,1.21414898648643,0.567138917925171,36193,213.612637276493,0.788931448949941,0.990191473489349,0.947264432999922,0.90704759760629,0.00657132730899739,0.00274380454827462,0.822735344323342,0.998923284456752,SEKER
35838,684.103,241.756864583975,189.108450682781,1.27840328505207,0.622995054097808,36131,213.612637276493,0.783549783549784,0.991890620243005,0.962300340064557,0.88358457843208,0.00674582467168858,0.00253633912752943,0.780721707242997,0.998077195250911,SEKER
35842,679.664,232.110748502132,196.733453053665,1.17982348654663,0.530660587327897,36127,213.624557957173,0.771459319845028,0.992111163395798,0.97502009226937,0.920356163321799,0.00647594298594197,0.00286619991817257,0.847055467364423,0.999375934804277,SEKER
35845,683.888,229.295296952314,199.457906258927,1.14959241903729,0.493274837618637,36169,213.633498031165,0.761363636363636,0.991042052586469,0.963093567111756,0.931695943487208,0.00639685582235496,0.00297333021060471,0.868057331110519,0.997912127134399,SEKER
35853,678.636,230.972173905942,197.894795112901,1.16714627979058,0.515664436436909,36172,213.657336399642,0.791282277642905,0.991181023996461,0.978276400109318,0.925034963244744,0.00644219936702486,0.00290968861866841,0.855689683225205,0.998715030431479,SEKER
35864,681.39,231.339331601975,197.813740327624,1.16948059937002,0.518495342213972,36158,213.690109814146,0.787008997147246,0.991869019304165,0.970682228747877,0.923708512229149,0.00645046095254225,0.00289674520318659,0.853237415564588,0.997844604159399,SEKER
35872,684.086,232.552030333296,196.59174620087,1.18291858548163,0.534186405051755,36214,213.713941867955,0.769785407725322,0.990556138509969,0.963261161137032,0.918994091608909,0.00648282867789074,0.00285229988414226,0.844550140412084,0.999034057464571,SEKER
35901,686.097,236.851183435931,193.254865929028,1.22558975318589,0.5781454602746,36225,213.800310793827,0.765594011899431,0.991055900621118,0.95839683109224,0.902677823654029,0.00659734223102228,0.00270196593049447,0.814827253316773,0.998643932281645,SEKER
35901,684.781,238.026453316317,192.274009218168,1.23795438751285,0.589478310985729,36216,213.800310793827,0.778341463414634,0.991302186878728,0.962084030806883,0.898220797793868,0.00663007864171798,0.00266213986675772,0.806800601589452,0.998782344585671,SEKER
35915,685.086,238.637069656493,191.837438489713,1.24395462916531,0.594780918126933,36222,213.841993652237,0.799390135327635,0.991524487880294,0.961602424220952,0.896097131766042,0.00664449588351646,0.00264278691808485,0.802990069559327,0.9988832142021,SEKER
35923,684.665,229.981829875404,199.115358666536,1.15501803284076,0.500412097537183,36239,213.86580878093,0.771012190934066,0.991280112585888,0.962999823700904,0.929924807089303,0.00640207749562687,0.00295319430876544,0.864760146840078,0.998813563682309,SEKER
35932,688.727,242.496230238705,188.791161595121,1.28446812970386,0.627604469169821,36273,213.892597631203,0.742780361757106,0.990599068177432,0.951912516504009,0.882045042187478,0.00674875404204346,0.00251980199943418,0.77800345644751,0.999320644606274,SEKER
35954,710.093,251.660768946373,182.014821914745,1.38263887687262,0.690581427553808,36380,213.958067366968,0.794563535911602,0.98829026937878,0.896038386212161,0.850184429868609,0.00699952074724296,0.00225580033249677,0.722813564791011,0.999390135410937,SEKER
35955,683.377,242.60431695136,188.873692129594,1.28447913637914,0.627612744621019,36232,213.961042788057,0.743624744059068,0.992354824464562,0.967494358389172,0.881934194233461,0.00674744310808956,0.00251804634741867,0.777807922958225,0.999078049150233,SEKER
35955,693.613,253.664062886078,180.88373754494,1.40235969429289,0.701078792724031,36295,213.961042788057,0.776582647573382,0.990632318501171,0.93914945009473,0.843481888422438,0.00705504277252337,0.00220283749729626,0.711461696096683,0.997725206639248,SEKER
35967,684.169,231.493294796991,197.952523717892,1.16943846155202,0.518444527103576,36223,213.996744614234,0.786215489540298,0.99293266708997,0.965577849668631,0.924418760387417,0.00643626921336201,0.00289927203340482,0.854550044556209,0.999343689425025,SEKER
35969,704.8,222.254153332092,206.8145460189,1.0746543587499,0.366211228847782,36555,214.002694339532,0.81179470975896,0.983969361236493,0.90992675937218,0.962873769201374,0.00617904732775702,0.00327626262358287,0.927125895416061,0.996339884618773,SEKER
35972,685.989,233.492968726746,196.292211582172,1.18951723476304,0.541536583461974,36336,214.011618617339,0.761570055468518,0.989982386613827,0.960594609638299,0.91656558132932,0.0064909643257741,0.00282581134068766,0.840092464877555,0.999304465766412,SEKER
35975,685.086,235.363792371045,194.902669661328,1.20759655462916,0.560593501793645,36307,214.020542523019,0.767614048563991,0.99085575784284,0.963208887967389,0.909318040667962,0.00654242647313536,0.00275919149817686,0.826859299084221,0.998512440737186,SEKER
35977,702.354,247.183898212373,185.501469992991,1.33251719364656,0.660916597887714,36371,214.026491586759,0.757091750841751,0.989167193643287,0.916479362660125,0.865859358698494,0.00687060895050651,0.00238212427713592,0.749712429045768,0.999004701994015,SEKER
35978,687.586,243.53024520922,188.414958266438,1.29252076082432,0.633574162567726,36297,214.02946605662,0.746927420694237,0.99121139488112,0.956297082204394,0.878861949458246,0.00676886556254433,0.00249102622260299,0.772398326205549,0.99834087224663,SEKER
35996,686.723,235.343481898069,194.806598569663,1.2080878349401,0.561090618350306,36312,214.082999447146,0.779134199134199,0.991297642652567,0.959181780381049,0.909661902341825,0.00653804539110094,0.00276151699005029,0.827484776572147,0.999674292174939,SEKER
36000,691.429,221.697974864672,207.234623888304,1.06979215492563,0.355277139491231,36450,214.094893938333,0.77940635216177,0.987654320987654,0.946274600603898,0.965705230591392,0.00615827707957422,0.00330382718795933,0.932586592391575,0.997673820329335,SEKER
36006,693.059,229.383392530249,199.926754201879,1.14733715077786,0.490247283891138,36489,214.112734436171,0.772329472329472,0.986763134095207,0.941985734733632,0.933427359646079,0.0063706991204313,0.00298324528184593,0.871286635735851,0.999659526156,SEKER
36013,692.489,251.219346997476,182.692720409783,1.37509226658833,0.686400289907062,36327,214.133546471699,0.776677881297447,0.99135629146365,0.943720538316679,0.852376813453985,0.00697579615687324,0.00227143364213657,0.726546232113969,0.999068105098808,SEKER
36022,683.433,240.355182403865,191.074308754127,1.25791470329563,0.606653381909713,36323,214.160301831245,0.79242377579304,0.991713239545192,0.969138385971377,0.891015952680376,0.00667245523302051,0.00259422326726929,0.793909427930918,0.998670342479323,SEKER
36029,688.635,238.660505195102,192.575114167923,1.23931124863306,0.590688336616477,36371,214.181109244637,0.77495052912329,0.990596904126914,0.95473729598571,0.897430050563024,0.00662412237905859,0.00265039462094896,0.805380695653551,0.998117355555364,SEKER
36032,741.973,238.768228202832,192.47674081264,1.24050431857246,0.591746982096789,36713,214.190026088745,0.77174495063077,0.981450712281753,0.822473718321489,0.897062509953345,0.00662656050740541,0.00264702936178959,0.804721146763795,0.998260057807071,SEKER
36036,681.481,236.171870336909,194.550055415752,1.21393884896209,0.566931813070511,36286,214.201914636813,0.780658997855332,0.993110290470154,0.975077057863732,0.906974714352073,0.00655377595562517,0.00273559670137024,0.822603132474025,0.998589899788129,SEKER
36044,691.115,233.580224413175,196.66807115423,1.18768757451228,0.539520806860597,36384,214.225689753667,0.789538245859984,0.990655233069481,0.948292262505768,0.917139669215864,0.00648041905485448,0.00282829539857773,0.841145172849385,0.999017670154195,SEKER
36059,692.057,237.053247082569,193.85912916606,1.22281188460054,0.575520609046345,36417,214.270260987392,0.791670325810134,0.990169426366807,0.946106031141815,0.903890849943765,0.0065740383006342,0.00270692331654008,0.817018668612063,0.999060137919339,SEKER
36075,702.685,238.165995404271,193.080955662082,1.2335032970372,0.585463052656033,36522,214.317793419774,0.755813953488372,0.987760801708559,0.918110254293307,0.899867309168061,0.00660196799457439,0.00267034316908472,0.809761174109366,0.998843078076615,SEKER
36076,693.745,243.526218542763,189.197214434526,1.28715541225391,0.629615417179436,36427,214.320763846776,0.759127159480673,0.990364290224284,0.94195143079555,0.880072647328287,0.00675036640821497,0.00249793540086881,0.774527864575419,0.996937732829714,SEKER
36082,683.764,234.153491346077,196.331650889249,1.19264260390783,0.544941364491841,36409,214.338585544307,0.786083091871637,0.991018704166552,0.969813003747385,0.915376423866841,0.00648948205049821,0.0028105330005425,0.837913997371247,0.999331931675658,SEKER
36085,689.809,237.31039868389,193.835086961813,1.22429020670877,0.576921208968972,36414,214.34749583741,0.755928439751969,0.990965013456363,0.952969192341103,0.903236845187435,0.00657642784214744,0.00270007857527868,0.81583679850415,0.998821002681266,SEKER
36092,690.636,236.300966312981,194.681089462051,1.21378489798848,0.566779967556096,36433,214.368285081029,0.769667114494701,0.99064035352565,0.950872719220824,0.907183277435686,0.00654718403837362,0.00273535977359393,0.822981498858953,0.998922514638917,SEKER
36100,681.59,236.751848492478,194.344212586829,1.21820889514115,0.571104628763774,36350,214.392041748147,0.769952651111206,0.99312242090784,0.976496398541555,0.905555935944292,0.00655822294993015,0.00272036429642476,0.820031553123943,0.998969732312003,SEKER
36104,698.492,247.968257777305,185.621901987765,1.3358782294648,0.663054390006564,36456,214.403919094587,0.755946398659967,0.990344524906737,0.929912984227519,0.864642599889294,0.00686816579263529,0.00236792012408476,0.747606825543317,0.998711682442606,SEKER
36105,712.899,247.771299013673,185.704677354971,1.3342221776141,0.662003937377403,36668,214.406888328391,0.74277896642528,0.984646012872259,0.8927322054911,0.865341906757968,0.00686252039921544,0.00237363728950145,0.748816615591516,0.999087735488135,SEKER
36109,690.918,236.918386527453,194.403861000237,1.21869177550524,0.571571850234319,36461,214.418764852431,0.771559829059829,0.990345848989331,0.950544188338458,0.905032184269011,0.00656120043555494,0.00271530839472704,0.819083254562737,0.998210025789675,SEKER
36109,708.201,234.77340947404,196.362761480865,1.19561065297464,0.548130716556889,36550,214.418764852431,0.768865514010732,0.987934336525308,0.904715964688188,0.913300894393409,0.00650179759821761,0.00279041463016302,0.834118523699802,0.997280992778961,SEKER
36112,723.077,225.328775954348,204.666338818694,1.1009566949549,0.418317348342622,36709,214.427671813775,0.792242551884516,0.983736958239124,0.867945210088038,0.951621340441749,0.0062397202025462,0.00315646929645381,0.90558317558415,0.997007859997888,SEKER
36115,688.089,228.014068009468,201.846146727799,1.12964290726321,0.465143112973338,36464,214.436578405155,0.784154073302067,0.990428916191312,0.958535612661726,0.940453281138125,0.00631355580809823,0.00304651057813675,0.884452374003465,0.999115351105125,SEKER
36120,683.177,229.65960220264,200.469554959091,1.14560838053192,0.487901588674313,36437,214.451421902104,0.763539508730394,0.991300052144798,0.972503408020545,0.933779471205747,0.00635823926363899,0.00298190578064692,0.871944100845284,0.998906469283731,SEKER
36120,682.617,225.737954896016,203.979605928385,1.10666923719458,0.428351146550162,36472,214.451421902104,0.760821484992101,0.990348760693135,0.974099692017634,0.950001615815508,0.00624966652536036,0.00314003134300553,0.902503070052076,0.998772384100294,SEKER
36128,690.354,241.89722623026,190.490144568751,1.26986740851024,0.616335363300317,36465,214.475169360446,0.776729086491949,0.990758261346497,0.952598938345556,0.886637572091417,0.00669556095632916,0.00255241480411309,0.786126184244163,0.998276020348177,SEKER
36136,711.044,234.639327686363,196.277830298355,1.19544488203123,0.547953699382867,36663,214.498914189676,0.775583791208791,0.985625835310804,0.898166782947408,0.914164374338777,0.00649322912570189,0.00279729108214476,0.835696503310207,0.999029107813585,SEKER
36137,703.387,240.493654404602,191.502577508916,1.255824634493,0.604915692068329,36540,214.501882108513,0.781239190591491,0.988970990695129,0.917853323672656,0.891923251112643,0.00665505311466371,0.00259801246617618,0.795527085875348,0.999042511848692,SEKER
36140,693.003,236.506099409104,194.837648450763,1.2138624197616,0.566856441434119,36473,214.510785618646,0.764382402707276,0.990869958599512,0.94564424289414,0.906998957551573,0.00654416434446885,0.00273187681056342,0.822647108999641,0.998580410340192,SEKER
36144,690.759,222.62023242222,206.920034805308,1.07587567647418,0.368884042961041,36563,214.522656390666,0.783287101248266,0.988540327653639,0.951903608976477,0.963626055262593,0.00615925831181442,0.00327598811931914,0.928575174380946,0.999031443894227,SEKER
36147,710.044,241.696021950513,190.868238470167,1.2662977553926,0.613488463268173,36675,214.531559038622,0.786146150500218,0.98560327198364,0.900972632578604,0.887608978035013,0.00668647528012041,0.00256014021563601,0.787849697888359,0.99765230402277,SEKER
36152,694.2,248.935474236144,185.049003281976,1.3452408271382,0.668890084086699,36582,214.546395964289,0.761575732041289,0.988245585260511,0.942698842162494,0.861855453195744,0.00688580090274795,0.00234353778194806,0.742794822203242,0.999237921014659,SEKER
36154,679.696,234.968094635598,196.135972372372,1.1979857228306,0.550652642888043,36386,214.552330447271,0.784285652305957,0.993623921288408,0.98341491213136,0.913112611224988,0.00649908985549589,0.00278695315025672,0.833774640778116,0.998850115710393,SEKER
36154,691.479,232.057289150706,198.68015022905,1.16799433100477,0.51669665446344,36497,214.552330447271,0.779181034482759,0.990601967284982,0.950185124709949,0.924566219111235,0.00641857855702568,0.00289314839443093,0.854822693521645,0.99842806004751,SEKER
36156,687.239,238.867790590001,193.076136841253,1.23716889356658,0.588774860085622,36461,214.558264766111,0.7627365356623,0.991634897561778,0.961999059174175,0.898230206074054,0.00660658785789361,0.00265281888181534,0.806817503103837,0.998169517625122,SEKER
36156,683.782,238.97981067538,192.874917892634,1.23904037542305,0.590447291960557,36404,214.558264766111,0.780401467731491,0.993187561806395,0.971750814708479,0.897809167057873,0.00660968610121086,0.00264909016026301,0.806061300453152,0.998742496327468,SEKER
36166,684.301,238.569252898833,193.282952591399,1.23430054073713,0.586187457219617,36460,214.587933898651,0.787347063177603,0.991936368623149,0.970545706461057,0.899478584483175,0.00659650646736806,0.00266352677195221,0.809061723943857,0.998625323353618,SEKER
36166,693.373,226.829922238017,203.392250429243,1.11523384868062,0.442693642373362,36553,214.587933898651,0.775428816466552,0.989412633709955,0.945314870259395,0.946030099474618,0.00627191069617921,0.00309884209097136,0.894972949111956,0.99810412650317,SEKER
36169,685.632,238.456574182716,193.313785309598,1.23352079522327,0.585478976849534,36452,214.59683383854,0.791513480392157,0.992236365631515,0.966861367822275,0.89994094133931,0.00659284398746761,0.00266752562833262,0.809893697898683,0.999020718278297,SEKER
36186,685.681,236.999292926751,194.915156523012,1.2159100254411,0.568867373431371,36484,214.647259860886,0.796434466820733,0.991832035960969,0.967177560580263,0.905687342819317,0.00654947473958854,0.00271831278596035,0.820269562943114,0.997373985146721,SEKER
36210,690.479,236.320194543247,195.217804159191,1.21054632061397,0.56356268033312,36567,214.71842937871,0.761338071108682,0.99023709902371,0.954415402844639,0.908591116361056,0.00652637930249231,0.00274363300321509,0.82553781673023,0.999351766570469,SEKER
36236,714.592,234.893513474519,196.581398869978,1.19489186069879,0.547362212313313,36704,214.795503079146,0.776097665452988,0.987249346120314,0.891730898559895,0.914437780345289,0.00648232457982447,0.00279593569695897,0.83619645412282,0.999164336976549,SEKER
36244,701.396,237.532307801505,194.531878554399,1.22104566905255,0.573836067790455,36667,214.819212500608,0.745485211238636,0.988463741238716,0.925804774433721,0.904378922130131,0.0065537001379954,0.00270438212634188,0.817901234793257,0.99869476045704,SEKER
36246,684.492,238.566380184257,193.571226875501,1.23244752866962,0.584500192238753,36557,214.825139447111,0.787460079515088,0.99149273736904,0.972149812552053,0.900483711414788,0.00658186779739163,0.00266951498583821,0.810870914523351,0.999355854674378,SEKER
36253,698.598,230.524897194216,200.530611141534,1.14957460051579,0.493251059822758,36730,214.845882472259,0.78814296273751,0.98701334059352,0.933467364895907,0.931985590655105,0.00635878126483923,0.00295930985210317,0.868597141188746,0.998517211591209,SEKER
36253,681.763,237.312027639622,194.781124578194,1.21835228209885,0.571243463843692,36493,214.845882472259,0.782157497303128,0.993423396267777,0.980137395371025,0.905330777412261,0.00654599695582772,0.00271259340111045,0.819623816529888,0.998590547331756,SEKER
36257,690.403,221.792506390887,208.314992714814,1.06469776131055,0.343278441034109,36639,214.857734730362,0.788744343891403,0.989573951254128,0.955864628375084,0.968733065993208,0.00611723271067345,0.00332316006599311,0.9384437531486,0.99915896309319,SEKER
36261,701.08,232.458815965866,198.929629621199,1.16854797552538,0.51736821057913,36685,214.869586334692,0.766633544049557,0.988442142565081,0.927074178266159,0.924333996290524,0.00641071167275767,0.00288670040184875,0.85439333669841,0.998399603901304,SEKER
36265,684.137,240.947332496924,191.895025336492,1.25562052520339,0.604745261300947,36514,214.881437285357,0.749834587709867,0.993180697814537,0.973669100934303,0.891819116893938,0.00664407369355919,0.00259251521518327,0.795341337257483,0.998646907603206,SEKER
36272,724.509,242.871593382712,190.579345366161,1.27438570489411,0.619886114228023,36736,214.902174876463,0.78064738292011,0.987369337979094,0.868347977978138,0.884838658499781,0.0066958423407232,0.00253186961370973,0.782939451575691,0.997766844885692,SEKER
36278,689.943,246.548342581663,187.749212735101,1.3131791020052,0.648152282216561,36580,214.919948361948,0.746153846153846,0.991744122471296,0.957694018583651,0.871715242988342,0.00679608419928506,0.00242067828580398,0.759887464858224,0.997868338727532,SEKER
36299,693.838,243.741422226525,189.801484675182,1.28419133624615,0.627396254061089,36649,214.982143989546,0.73833980839249,0.990449944063958,0.947519947863754,0.882009065286197,0.00671482471215529,0.00250672468707846,0.77793999124703,0.999023796878843,SEKER
36301,713.642,231.512781597134,200.110053107349,1.15692729076904,0.50287601884029,36793,214.988066444236,0.767982567487518,0.986627891174952,0.895710467642206,0.928622881903542,0.00637758688733461,0.0029254566694661,0.86234045679484,0.997665208400189,SEKER
36311,689.155,240.151171702404,192.619744610385,1.24676300546531,0.597220560149244,36606,215.017676270763,0.783138506664366,0.991941211823198,0.960758533708341,0.895343023923336,0.00661373059685506,0.00262170655395825,0.801639130488183,0.999454011626044,SEKER
36325,690.58,246.17017165135,188.310321744118,1.30725798443409,0.644077850664228,36623,215.059123178964,0.738868661391697,0.991863036889387,0.957166508092222,0.873619747414205,0.00677688015557743,0.00243500208558833,0.76321146307206,0.997714278912571,SEKER
36331,692.777,235.048490278379,196.990750717316,1.19319556589576,0.545538777395401,36684,215.076883694583,0.783840345199569,0.990377276196707,0.951262319630413,0.915031972508555,0.00646963998454155,0.00279772454942404,0.837283510712897,0.999042972380264,SEKER
36336,685.99,238.135670191254,194.47783099873,1.22448748512014,0.577107475516906,36612,215.091683004008,0.764003364171573,0.992461488036709,0.970312019709547,0.903231686505688,0.00655371175119038,0.00269069057793852,0.81582747950791,0.998970538674542,SEKER
36340,683.845,235.806123383355,196.762148186757,1.19843234868294,0.551123926762927,36609,215.103521718441,0.803271441202476,0.992652080089596,0.976516161280072,0.912204987012751,0.00648888616905216,0.00277153065882307,0.832117938330934,0.997237055215146,SEKER
36343,697.705,243.409844596337,190.963188311677,1.27464275574966,0.620086378253096,36737,215.11240032669,0.786270607070226,0.98927511772872,0.938181721802497,0.883745686964407,0.0066975715982813,0.00252003374797205,0.781006439228192,0.995504199956055,SEKER
36345,682.374,230.786493077513,200.741648660864,1.14966921222913,0.493377287974299,36613,215.118319195273,0.784142394822006,0.992680195558955,0.980865807440068,0.932109658267665,0.00634988287460484,0.00295674253886036,0.868828415035864,0.998865279476568,SEKER
36349,686.851,226.519848145974,204.816875798319,1.10596281318648,0.427131464201444,36645,215.130156443904,0.740878887937712,0.991922499658889,0.96822716161362,0.949718791552737,0.00623180412517466,0.00312732979134496,0.901965783028391,0.997540614796021,SEKER
36361,685.038,234.790739411578,197.420070688254,1.18929518459314,0.541292841411899,36669,215.165664282467,0.789426834563613,0.99160053451144,0.973680240203345,0.916414611673804,0.00645721348179583,0.00280926642092255,0.839815740489249,0.998788816109389,SEKER
36365,690.321,239.14090141567,193.83464308892,1.23373664069929,0.585675315330153,36680,215.17749892657,0.784303153172583,0.991412213740458,0.958939671257079,0.899793793754055,0.00657612818412403,0.00265902246236942,0.809628871278314,0.998868803864067,SEKER
36369,689.67,236.84556503202,195.64726704103,1.21057435973461,0.563590725112798,36716,215.189332919811,0.768445740365112,0.990549079420416,0.960856547591102,0.908563911216655,0.00651229247524046,0.00273738314699434,0.825488380765305,0.999315068013317,SEKER
36373,689.957,244.479381472984,189.701545611949,1.28875798393909,0.630805640240997,36684,215.201166262295,0.783900862068966,0.991522189510413,0.960162933520731,0.880242599460584,0.0067214522165613,0.00248915767748302,0.774827033905126,0.998564526117075,SEKER
36384,689.513,239.469742276786,193.65352886065,1.23658858005683,0.588253756175394,36749,215.233704599545,0.755199468637137,0.990067756945767,0.961690640961565,0.898792901989146,0.00658173214261174,0.00264946692681358,0.807828680666071,0.998951721154038,SEKER
36393,681.994,233.831340495782,198.331572420577,1.17899201645982,0.529704650225274,36655,215.260323217138,0.782864026502033,0.992852271177193,0.983256019255592,0.92057943456481,0.00642517353600367,0.00284649024195195,0.847466495343665,0.999156232227361,SEKER
36396,689.842,231.767052393345,200.314433900134,1.15701623632819,0.502990213490363,36785,215.269195358233,0.798665818173839,0.989425037379367,0.961090436980538,0.928817073588557,0.00636792648624424,0.0029234694778024,0.86270115618961,0.998159244810483,SEKER
36405,691.958,236.521670284951,196.261803280974,1.20513348155851,0.558085276216608,36738,215.29580958784,0.794868995633188,0.99093581577658,0.9554576233984,0.910258283431117,0.00649695564578908,0.00275136509658766,0.828570142554963,0.998537620612692,SEKER
36411,696.862,237.172188683795,195.641222855969,1.21228126271936,0.565291700124313,36825,215.313550579967,0.770374915368991,0.988757637474542,0.942212593461555,0.907836419501232,0.00651375102809027,0.00272923745360102,0.824166964572817,0.99912216850392,SEKER
36421,687.46,238.699345653919,194.429875724995,1.22768861916848,0.580109095523697,36706,215.343115652206,0.79036913261431,0.992235601808969,0.96842694046216,0.902152098751138,0.0065538932388984,0.00267792358679097,0.813878409281083,0.999189260461334,SEKER
36421,692.256,238.703458355234,194.448720683719,1.22759078854264,0.580017939262508,36776,215.343115652206,0.794784506273868,0.990346965412225,0.955054758415711,0.902136555272427,0.00655400616005146,0.00267778517266602,0.8138503643588,0.999075210538936,SEKER
36426,696.301,242.005098973443,191.826017028222,1.26158642462893,0.609673317142846,36779,215.357896666277,0.742539138943249,0.990402131651214,0.944120242996836,0.889889913806776,0.00664374619704175,0.00257002846602962,0.791904058695032,0.999055410058205,SEKER
36439,689.312,237.311115785719,195.706793181409,1.21258496921844,0.565593064818092,36736,215.396322555898,0.799276157051985,0.991915287456446,0.963706162215413,0.907653743242232,0.00651255840680916,0.00272654208910396,0.823835317621635,0.998970323259297,SEKER
36443,703.908,229.651403267746,202.378161676984,1.13476375793102,0.472667792079586,36837,215.408144527507,0.767625065824118,0.989304232157885,0.924255796574476,0.937978786379839,0.00630166021644063,0.00300889346157669,0.879804203698596,0.998369924432529,SEKER
36453,687.95,239.778679734885,193.705032836287,1.23785467121826,0.589389130527448,36717,215.437696618375,0.758331599750364,0.992809870087426,0.967897547949884,0.89848562372842,0.00657774887484938,0.00264424433072257,0.807276416046648,0.999290882567679,SEKER
36461,694.029,242.561176505855,192.00903732646,1.26327999912548,0.611052403182878,36805,215.461335372704,0.758987489331585,0.990653443825567,0.951224886565862,0.888276262823548,0.00665261996395751,0.00255484586676912,0.789034719095769,0.996771779249278,SEKER
36461,695.283,239.629885805823,194.020816698453,1.23507307042345,0.586887217322981,36845,215.461335372704,0.775848494520694,0.989577961731578,0.947796756383204,0.899142169384068,0.00657222472795104,0.00264975446909647,0.808456640764688,0.998503025613469,SEKER
36463,695.433,239.704637022145,193.909332668165,1.2361686450252,0.587875920931059,36818,215.467244656069,0.785671191553545,0.99035797707643,0.947439901502617,0.898886426782652,0.00657391429729165,0.00264742149804607,0.807996808254084,0.998820319644135,SEKER
36469,692.125,240.758729601248,193.115919478383,1.24670576227766,0.597171096604801,36766,215.484971533856,0.765560383735332,0.991921884349671,0.956675486417563,0.89502454133542,0.00660173653243161,0.00261323054453261,0.80106892959268,0.99869725050479,SEKER
36473,690.992,232.636725406344,199.749667600328,1.16464136436922,0.512590135253195,36858,215.496788642257,0.785531218367039,0.989554506484345,0.959920600480954,0.926323168733787,0.00637832712983151,0.00289692104236083,0.858074612933005,0.999349187936887,SEKER
36474,690.09,233.844649593047,198.808751125182,1.17622915625985,0.526501063502136,36817,215.499742818107,0.771511972248075,0.990683651574001,0.962458006107684,0.921550880865289,0.00641126966038951,0.00285233861135549,0.84925602602359,0.998919698938317,SEKER
36481,689.428,230.618256951703,201.735524650771,1.14317127511841,0.484557235710002,36781,215.520420915243,0.781345041764832,0.991843614909872,0.964492296692516,0.934533214169501,0.00632159910506025,0.00297430621399971,0.873352328385978,0.998391294868632,SEKER
36496,698.972,218.336955453433,213.039183101667,1.02486759606677,0.218951263353565,36927,215.564724444085,0.771487760537775,0.988328323448967,0.93871892693501,0.987302969377811,0.00598249001132818,0.00350641663196792,0.974767153342243,0.999007269170712,SEKER
36518,691.304,232.865442547881,199.746143670273,1.16580695010703,0.514025420291973,36855,215.629686487364,0.800833333333333,0.990856057522724,0.960237602439495,0.925984053829826,0.00637673044930941,0.00289195714816648,0.857446467947119,0.999617051677472,SEKER
36520,692.007,233.331872659514,199.581719259716,1.16910443263533,0.518041341831717,36852,215.63559115723,0.796892729335777,0.990990990990991,0.958340093201025,0.92415831879039,0.00638915313963621,0.00287480617537528,0.85406859818948,0.998495383917967,SEKER
36527,691.877,238.31435956102,195.398765970747,1.21963083224742,0.572477778032595,36865,215.656256228613,0.765283888539703,0.990831411908314,0.958884020657944,0.904923465903844,0.00652433431601336,0.00269875444322763,0.818886479143426,0.998739198073853,SEKER
36532,697.29,243.79660699495,191.493538479443,1.27313228911441,0.618906929092205,36893,215.671015781595,0.812147081054644,0.990214945924701,0.944183570554886,0.884635017853477,0.00667350834870662,0.00252110235274835,0.782579114812622,0.996326739854518,SEKER
36536,687.345,231.541741826202,201.211788547328,1.15073646279796,0.494796802401976,36879,215.682822696764,0.784775324340579,0.990699313972722,0.971809873238169,0.931507299701745,0.00633735881941653,0.00294329037654759,0.867705849397637,0.998500759884933,SEKER
36540,710.343,239.11493957706,195.100090300545,1.22560137829107,0.578156382575217,37058,215.694628965635,0.751635331386021,0.986021911598036,0.910001685710878,0.902054172554628,0.00654392281272742,0.00267268889848968,0.813701730223215,0.997273962079399,SEKER
36549,694.092,239.784479973172,194.256327980501,1.234371525839,0.586251845468769,36884,215.721190708112,0.77559205500382,0.990917470990131,0.953347616950944,0.899646176984629,0.00656063038587026,0.00265101563388935,0.809363243763059,0.999054942161807,SEKER
36553,691.653,231.250575193057,201.455383595809,1.14789970397132,0.491005896445351,36884,215.732994877243,0.777591048332199,0.991025919097712,0.960188191030725,0.932897116892098,0.00632644585103979,0.00295579671080076,0.870297030705589,0.999013703914062,SEKER
36554,698.178,247.484526573888,188.257339380232,1.31460758655487,0.649123224117651,36868,215.735945818607,0.789980982019364,0.991483129000759,0.942350470841895,0.871714885795892,0.00677038153345429,0.0024115193723487,0.759886842118145,0.998953007571738,SEKER
36565,691.737,242.283744763253,192.328492029106,1.25973922119967,0.608159195431738,36892,215.76840350997,0.752056766762649,0.991136289710506,0.960270151329062,0.890560791524862,0.00662611089192541,0.00257094475851586,0.793098523401389,0.999097316204271,SEKER
36566,694.803,245.209087716622,190.102922748897,1.28987542206552,0.631631611652744,36883,215.771353967078,0.778596371688953,0.991405254453271,0.951839994390276,0.879948439009063,0.00670593140394415,0.00248009187868456,0.774309255314486,0.99876247750801,SEKER
36568,691.529,241.392193150191,193.119304881484,1.24996407427177,0.599969341273592,36883,215.777254760263,0.789669171633411,0.991459479977225,0.960926737026469,0.893886632969978,0.0066011866426983,0.00259974976001335,0.799033312602403,0.998762934899366,SEKER
36576,687.61,230.15637443194,202.503337174655,1.13655595825285,0.475249468632962,36883,215.800856319509,0.781037796284433,0.991676382073042,0.972124088192552,0.937627110490151,0.00629255179439905,0.00300004097036338,0.87914459832611,0.999197031393348,SEKER
36587,705.861,248.486777643618,187.749848707518,1.3234992164,0.655064694416897,36985,215.833304249426,0.751705292570677,0.989238880627281,0.922780248762902,0.868590700463654,0.00679166856106316,0.00238460773159907,0.754449804931942,0.998513725640556,SEKER
36589,698.326,241.37243324088,193.298303471173,1.24870435439117,0.598891637325574,37011,215.839203348963,0.779351623072335,0.988597984383021,0.942852984754218,0.894216462298178,0.00659685788736724,0.00260188162809141,0.799623081445069,0.998492823672143,SEKER
36592,698.499,239.812164374383,194.398717304933,1.23360980822839,0.585559965784493,36953,215.848051695977,0.779083631408619,0.990230833761806,0.942463270339248,0.900071321482279,0.00655367742605989,0.00265321547127146,0.810128383754856,0.999382320124203,SEKER
36594,688.123,235.726054181594,197.840655056237,1.19149450912699,0.543696216652745,36890,215.853950392478,0.763138138138138,0.991976145296828,0.971152873782505,0.915698314053115,0.00644165858287134,0.00279374732038957,0.838503402359716,0.999072199795901,SEKER
36598,691.778,242.298842026696,192.637272006479,1.25779834557949,0.606556999951101,36971,215.865747301923,0.774790414090948,0.989911011333207,0.961022872332738,0.890907053027266,0.00662054871923864,0.00257278406387292,0.793715377133729,0.998333888219804,SEKER
36600,693.853,240.854721660236,193.635018283629,1.24385931736501,0.594697654305448,36908,215.871645514891,0.770283068504683,0.991654925761353,0.955335703139347,0.896273255624248,0.00658073010000644,0.00261948304506457,0.803305748747289,0.999199340272191,SEKER
36601,692.969,247.36222830076,188.590593335082,1.31163608919377,0.647098284108522,36924,215.874594560943,0.787219856325547,0.991252302025783,0.957800813339454,0.872706378996831,0.00675834617362257,0.00241820323452897,0.761616423941761,0.998963587764718,SEKER
36606,700.229,246.887185770085,188.891456597496,1.30703203954942,0.643920761651405,36991,215.889339186944,0.780012784998935,0.989592062934227,0.938170889639579,0.87444529983825,0.00674444587690776,0.00243252116461365,0.764654582409207,0.999428038397114,SEKER
36609,688.123,224.372559271541,207.982003140016,1.07880756932844,0.375186433463139,36943,215.898185479197,0.764088328602438,0.990959045015294,0.971550952514175,0.96223079230429,0.00612889069003637,0.00324099708883077,0.925888097658542,0.998855088105149,SEKER
36613,697.658,233.050203627224,200.353567199358,1.16319468070829,0.510797067307789,36993,215.90997997172,0.757030022330659,0.989727786337956,0.945279027258517,0.926452655313182,0.00636523102797434,0.00289258983311632,0.858314522536846,0.998386886989536,SEKER
36620,688.188,236.195853966847,197.714638079998,1.19463008030432,0.547081713823374,36899,215.930618783445,0.788697206607654,0.992438819480203,0.971659302650551,0.91420156263096,0.00644991408975552,0.00277908307891184,0.835764497116889,0.998429408306245,SEKER
36629,686.542,231.346432013488,201.706496937206,1.14694586206368,0.489718271859088,36913,215.957151500255,0.784078260125011,0.992306233576247,0.976563986807991,0.933479499211227,0.00631593633496652,0.00295826206600257,0.871383975447643,0.999430244908275,SEKER
36648,728.404,244.721749642009,191.125436129036,1.28042480686238,0.624542523214036,37297,216.013154311154,0.760331950207469,0.982599136659785,0.867991552842626,0.882688827728424,0.00667762905593781,0.00250053289309351,0.779139566596579,0.997629629078263,SEKER
36655,697.963,241.022846932337,193.95364309451,1.24268275185164,0.593667270480016,37023,216.033783266107,0.778799983002592,0.990060232828242,0.945536474300019,0.8963207679924,0.00657544255715011,0.00261793336361822,0.803390919134486,0.998360038202663,SEKER
36661,689.743,229.360025052387,203.776339204337,1.12554787247599,0.458961390645254,36979,216.051463659786,0.78520025701435,0.991400524622083,0.968366078232969,0.941975235703951,0.00625624028401808,0.00303844321913906,0.887317344679513,0.998718149515069,SEKER
36663,698.145,234.708144423298,199.093115627034,1.1788862898855,0.529582828107155,37092,216.05735680283,0.772259083728278,0.988434163701068,0.94524981012842,0.920536257204473,0.00640177138868337,0.00283559054063713,0.847387000828019,0.998972917503341,SEKER
36677,690.331,239.381470349838,195.21093801,1.22627078579775,0.578784449621336,36981,216.098604304266,0.777664694781927,0.991779562478029,0.967139044925833,0.90273739228209,0.00652674619924853,0.00267375872418656,0.814934799424268,0.99933073686393,SEKER
36677,687.082,236.077717346389,198.131666903107,1.19151936203029,0.543723238827794,36958,216.098604304266,0.777664694781927,0.992396774717247,0.97630727837998,0.91537061071796,0.0064366692299367,0.00278758945779454,0.837903354966171,0.998378070952333,SEKER
36701,719.886,234.415873862504,200.836907048497,1.16719519986383,0.515724097586993,37415,216.169295995813,0.760201333940926,0.980916744621141,0.88993913726991,0.922161509090489,0.00638717947365206,0.00284916004734189,0.850381848848048,0.99256161202677,SEKER
36705,698.444,247.004676108857,189.463185486081,1.30370802895111,0.641595803128246,37077,216.181075696982,0.771761984861228,0.989966825794967,0.945522593016104,0.875210457966021,0.00672945582642303,0.00243562096228616,0.765993345733092,0.998631674955357,SEKER
36707,697.665,244.378834622982,191.500748385794,1.27612469759471,0.621237321182257,37074,216.18696530687,0.786202317462357,0.990100879322436,0.947686913590874,0.884638662101791,0.00665755399850115,0.00251511659929763,0.782585562485247,0.998676764268472,SEKER
36711,701.528,244.557916178437,191.296549327049,1.27842304024173,0.623010230807057,37042,216.198744045317,0.755152836631423,0.991064197397549,0.937380812262095,0.884039034285734,0.00666170674126113,0.00250986891100076,0.781525014140853,0.999119584602908,SEKER
36730,692.349,235.96806531963,198.496266908056,1.18877835334269,0.540724566215777,37038,216.254684291746,0.76667779911497,0.991684216210379,0.962898818553141,0.916457419773383,0.0064243960065241,0.00279551117651375,0.839894202257687,0.998448046741966,SEKER
36733,696.714,235.208400506432,199.110975786559,1.18129299290145,0.532340960169153,37081,216.263515639501,0.77053616378587,0.990615139829023,0.950948916366742,0.919454896907845,0.00640319060535302,0.00282291572571833,0.845397307447817,0.998661915505858,SEKER
36736,695.806,248.185597014839,188.702861848438,1.31521904110907,0.649537421336564,37023,216.272346626634,0.750786838340486,0.992248062015504,0.953510306335856,0.871413769485192,0.00675592326368792,0.00240304632526793,0.759361957648392,0.998727305793021,SEKER
36738,690.192,237.932852902639,197.058423209034,1.20742290041693,0.560417533865681,37032,216.278233751065,0.74666178891531,0.992060920285159,0.96913779700344,0.90898852811875,0.00647647811265282,0.0027274215891875,0.826260144251492,0.997645419871051,SEKER
36740,708.732,239.511414445291,195.929858842445,1.22243447660467,0.575161680659075,37128,216.284120715252,0.753548281237181,0.989549666020254,0.919146910745299,0.90302218462601,0.00651909130226704,0.00267399447415192,0.815449065926732,0.996833052103911,SEKER
36741,692.928,238.61541104078,196.465004385231,1.21454409546089,0.567527829317604,37052,216.287064137259,0.752642576204523,0.991606391018029,0.961578213740069,0.906425377949685,0.00649452685122289,0.00270430396407506,0.82160696579123,0.997877889091274,SEKER
36746,701.775,243.971092288626,191.984945970595,1.27078240981453,0.617059141287214,37125,216.301780646481,0.75923056261493,0.989791245791246,0.937614141597586,0.886587745365293,0.00663939183281516,0.00253043367734203,0.786037830231914,0.998883048107499,SEKER
36768,699.477,244.346990046455,191.697546744767,1.27464849809365,0.620090849895512,37178,216.366521395577,0.781732363821916,0.98897197267201,0.944350019440563,0.885488793434456,0.00664564267967948,0.00252028135304937,0.784090403298009,0.999439654933455,SEKER
36775,691.274,244.738889254757,191.479912001188,1.27814394051549,0.62279571590007,37039,216.387116662789,0.755179990553833,0.992872377763979,0.967079328273862,0.884155016481849,0.00665503437810353,0.00250867110379481,0.781730093170018,0.999163581703867,SEKER
36778,686.751,231.398456075584,202.785269128928,1.14110091462543,0.481680904229401,37050,216.39594260584,0.754265791632486,0.992658569500675,0.979939742996193,0.935165887775656,0.00629176290378987,0.00296829279301481,0.87453523765923,0.997932959565117,SEKER
36789,687.353,237.488794692422,197.36928433557,1.20327129670613,0.556171153832139,37058,216.428301317693,0.787941743414007,0.992741108532571,0.978516564728682,0.911320054480862,0.00645542946784154,0.00274655697743115,0.830504241699001,0.999321915829098,SEKER
36791,699.632,245.281935598034,191.520532068359,1.28070830291181,0.624758647417533,37159,216.434184200074,0.791340445668072,0.990096611857154,0.944522104387974,0.882389417191995,0.00666690048104248,0.00249312984891328,0.778611083572429,0.997173679470369,SEKER
36805,699.998,236.57444527078,198.473852973525,1.19196781705214,0.544210316332657,37153,216.475359900331,0.777099784637473,0.990633327052997,0.943893700734849,0.915041181445256,0.00642778006441462,0.00277973458689204,0.83730036374073,0.998035086785002,SEKER
36806,692.839,243.312911018066,192.898827464572,1.26134987037572,0.609479998573077,37082,216.478300722087,0.756624524617124,0.992557035758589,0.963526876734693,0.889711523388964,0.00661068605711206,0.00255518975612412,0.791586594851111,0.998467648806607,SEKER
36813,691.769,243.007472971415,193.325603223147,1.25698546348733,0.605882494306986,37100,216.498885355873,0.778303981056682,0.992264150943396,0.966693686894687,0.89091451677842,0.0066011320178039,0.00256532458407904,0.793728676206526,0.997705407944644,SEKER
36824,689.547,236.36141578128,198.577267003001,1.19027429145607,0.542365749645083,37125,216.531228683827,0.767198633276387,0.991892255892256,0.973224602850116,0.916102266387662,0.00641867846462306,0.0027886962572001,0.83924336248061,0.998929798635816,SEKER
36831,692.49,240.352278255202,195.326873035334,1.23051311127949,0.582725416495717,37129,216.551808286472,0.782256865535331,0.991973928734951,0.965153437946149,0.900976724075569,0.0065258146196194,0.00265258177444066,0.811759057325944,0.998880163239453,SEKER
36839,693.645,239.666123811877,195.872663857954,1.22358127515783,0.576250607496637,37173,216.575325437822,0.793772893772894,0.991014983993759,0.962150869176291,0.903654308724166,0.00650577170422317,0.00267601089209186,0.81659110967575,0.999165591259605,SEKER
36841,689.544,238.388488397797,197.082740199171,1.20958582246666,0.562599964101557,37129,216.581204326664,0.797165422481878,0.992243259985456,0.973682369631487,0.908522075802824,0.00647073880724728,0.00271941551243114,0.825412362221072,0.998407091031322,SEKER
36847,691.017,235.620749255888,199.311029466414,1.18217616900922,0.533345317425978,37168,216.598840035806,0.765095514950166,0.991363538527766,0.969693612448077,0.919268955386334,0.0063945707725429,0.0028168358300984,0.845055412337082,0.999004369957156,SEKER
36851,699.211,240.537152207223,195.536548170261,1.23013909398553,0.582380673451061,37198,216.610596377544,0.768930620761607,0.990671541480725,0.947202067879083,0.900528647611718,0.00652728968568622,0.00264790733554168,0.810951845169391,0.997583568082568,SEKER
36856,693.273,239.927457051572,195.734171875304,1.22578216543825,0.578326173570303,37126,216.6252909075,0.790816436004721,0.992727468620374,0.963628175889259,0.902878284834809,0.00650986154361764,0.00266850699870217,0.815189197226247,0.999244379417854,SEKER
36860,704.322,238.888658985621,196.710015749018,1.21442041512731,0.567406158473058,37289,216.637045813818,0.780370072405471,0.988495266700636,0.933732954384412,0.90685362266133,0.00648097284280036,0.00270376370189093,0.822383492933977,0.998719302882727,SEKER
36863,690.538,236.754221116225,198.358798745994,1.19356551165345,0.545937634066168,37161,216.645861574996,0.768459453825307,0.991980840128091,0.971461010839474,0.915066521532649,0.00642254350205424,0.00277777767890765,0.837346738829862,0.999428188762809,SEKER
36864,698.915,248.778115667512,188.826138264747,1.31749829739519,0.651073995519819,37195,216.648800082338,0.746627779803135,0.991100954429359,0.94833897310108,0.870851519640442,0.00674853829393207,0.00239423037019026,0.758382369260068,0.999167480274667,SEKER
36870,692.977,245.228463295919,191.52879904831,1.28037383680385,0.624503642849216,37138,216.666430289479,0.755145929339478,0.992783671710916,0.964817918426978,0.883528883137949,0.00665116526433194,0.00250011800400793,0.780623287338992,0.99948963350866,SEKER
36872,692.414,237.206103325337,198.192771195806,1.19684538388631,0.549445112174827,37183,216.672306706406,0.784510638297872,0.991635962671113,0.966439959459256,0.913434788013158,0.00643323126831571,0.00276260706005278,0.834363111952642,0.99860363902554,SEKER
36880,694.705,239.582757793831,196.274723703736,1.22065008307165,0.573457091665638,37219,216.695810780534,0.776094276094276,0.990891748837959,0.960284518100416,0.904471643852635,0.0064962786820453,0.00268178670426682,0.818068954533487,0.998575937309641,SEKER
36883,696.855,237.686615784997,197.717375755859,1.20215340142129,0.55501461738035,37217,216.704624151094,0.779668540988458,0.991025606577639,0.954445778953224,0.911724134888257,0.00644434063891216,0.00274670524708373,0.831240898137741,0.999279073096772,SEKER
36888,697.864,249.444926089216,188.603020288231,1.32259242565683,0.65446670072213,37205,216.71931230555,0.777588060456586,0.991479639833356,0.951816835976076,0.868806255967054,0.00676222419456778,0.00237662732361914,0.754824310407491,0.998324915646591,SEKER
36892,697.906,243.860686350655,192.902085299977,1.26416822281332,0.611772235695349,37200,216.731062112401,0.765330677952037,0.991720430107527,0.951805477822036,0.888749496098591,0.0066101237761752,0.00254393976869721,0.789875666815499,0.998535717961637,SEKER
36898,695.299,239.859417648094,196.368564883745,1.22147563582846,0.574247280385635,37250,216.748685628398,0.775803704716049,0.99055033557047,0.959112345119335,0.903648844617798,0.00650060755726852,0.0026738220580819,0.816581234379081,0.997434082468774,SEKER
36906,702.412,246.368202205839,190.948590448398,1.29023315452239,0.631895354009402,37298,216.772181420947,0.779232295933449,0.989490053085956,0.939989487295187,0.879870776667173,0.00667555958938491,0.00246798783241485,0.774172583632894,0.998863134725415,SEKER
36911,690.768,229.518614491077,204.914629521587,1.12006944075653,0.450449737899898,37249,216.786864998135,0.777090044000926,0.990925930897474,0.972078313194783,0.944528466585717,0.00621816299994789,0.00305282613202182,0.892134024190766,0.999252057555227,SEKER
36917,700.833,236.925476956589,198.776787498993,1.19191722503207,0.54415541647503,37353,216.804483978049,0.771708683473389,0.988327577436886,0.944511345821973,0.915074591230107,0.00641778792850419,0.00277581878719805,0.837361507514947,0.998065604385886,SEKER
36919,706.713,248.884007238507,189.008308287363,1.31678871417711,0.650596869693234,37346,216.810356653176,0.770462039317167,0.988566379264178,0.928909987999675,0.871130126273664,0.00674135288709085,0.00239474324614591,0.758867696901569,0.999268418833563,SEKER
36934,697.608,244.053591868829,192.903767686272,1.2651572066013,0.612570950966395,37227,216.854396647263,0.775403090359422,0.992129368469122,0.953703341326739,0.888552366661397,0.00660782996341662,0.00254080147866689,0.78952530829957,0.998873633589312,SEKER
36939,695.361,241.6436104032,195.297013304209,1.23731339417259,0.588904431609685,37283,216.869074657896,0.730337300802721,0.990773274682831,0.960006867488684,0.897474898243881,0.00654169334316577,0.00261793697171293,0.805461192977865,0.996607922557746,SEKER
36952,696.83,242.21981633674,194.413544757378,1.24589990187681,0.596473596809315,37282,216.907232837113,0.786296414512182,0.991148543533072,0.956299951765613,0.895497470510686,0.00655498528731164,0.00260021307492566,0.801915719691036,0.999106716476534,SEKER
36955,708.623,241.90023967139,194.678805026485,1.24256073812699,0.593560146199567,37410,216.916037617526,0.77465674457604,0.987837476610532,0.924810138365945,0.896716918975343,0.00654580543015533,0.00261074413264868,0.804101232776633,0.999144621327755,SEKER
36955,697.491,235.644593568316,199.853613197793,1.17908598097299,0.529812868651012,37319,216.916037617526,0.768774703557312,0.990246255258715,0.954565764673113,0.920522021459575,0.00637652803594414,0.00282423458008427,0.847360791992022,0.99911123066396,SEKER
36957,696.21,245.410025484299,191.995846795913,1.27820486526026,0.622842560703585,37260,216.921907272588,0.767953619815477,0.991867954911433,0.958133577202019,0.883916241174371,0.00664042063707279,0.00250045940590144,0.78130792141183,0.998671586414979,SEKER
36968,693.68,246.991293728442,190.774649676804,1.29467565081039,0.635143413990285,37213,216.954187536838,0.777782453187461,0.993416279257249,0.965422626477525,0.87838799603751,0.00668121872236642,0.00245347151785954,0.771565471582793,0.998927029064281,SEKER
36975,694.805,241.367873034211,195.189171387867,1.23658434183616,0.588249945983918,37252,216.974727022717,0.77742267824478,0.992564157629121,0.962481025515357,0.89893789216912,0.00652786674872781,0.00262947951932695,0.80808933397746,0.999270617201339,SEKER
36975,692.588,239.661503621739,196.526413121423,1.21948749694865,0.572339727441453,37239,216.974727022717,0.757436086529007,0.992910658180939,0.968652762978132,0.905338253093709,0.00648171747455684,0.00268604536643929,0.81963735251477,0.999537503423851,SEKER
36976,692.719,242.850845414619,194.060021605801,1.25142130463083,0.601209561960428,37264,216.977661076267,0.799377378069872,0.992271361099184,0.968312621621501,0.893460595971249,0.00656779655491721,0.00258167202692031,0.798271836553299,0.998974383149578,SEKER
36980,697.756,227.469025997995,207.20022901169,1.09782227115763,0.412639862216769,37374,216.989396893734,0.792881646655232,0.989457911917376,0.954486107192251,0.953929423760957,0.00615113645208208,0.00314195602833952,0.909981345516912,0.998997787446454,SEKER
36982,708.896,244.452639813855,192.915315572007,1.26714998800917,0.614171531796913,37558,216.99526456445,0.760023839371956,0.984663720112892,0.924773138834002,0.887678139739819,0.00661004380006096,0.00253166477928762,0.787972479771945,0.998479318294579,SEKER
36986,693.771,232.713769477169,202.591636722364,1.14868398934002,0.492059712627572,37350,217.006999429914,0.771747522170057,0.990254350736278,0.96563932782272,0.9325060563346,0.00629194207205886,0.00293475007691424,0.869567545100708,0.998858316706888,SEKER
36988,697.873,242.501224541062,194.49817646836,1.24680461762843,0.597256510158529,37312,217.012866624687,0.762167731300227,0.991316466552316,0.954372508233867,0.894893900166435,0.00655621348926846,0.00259369581356689,0.800835092555094,0.998484891356586,SEKER
36993,697.963,234.353810901868,201.192724337621,1.16482249382239,0.512813722066877,37364,217.027533917676,0.777392510402219,0.990070656246655,0.954255375631718,0.926067867565219,0.00633508531078496,0.0028741107040333,0.857601695336792,0.998953745468513,SEKER
36995,694.774,245.206708079281,192.336927313352,1.27488107200442,0.620271880548099,37328,217.033400557327,0.741234221598878,0.991079082726104,0.963087575215433,0.885103846698825,0.00662810401619897,0.00250926189090811,0.783408819441057,0.998753075546729,SEKER
37004,696.689,246.474109313308,191.405636255592,1.28770559809524,0.630024792392776,37330,217.059798473554,0.790768244470563,0.991267077417627,0.958033353815627,0.880659632276576,0.0066607423336209,0.00247135283852975,0.775561387921515,0.99869474089305,SEKER
37008,691.802,242.24709164425,194.614448880066,1.24475388666305,0.595477934964435,37288,217.071529850321,0.793345909792488,0.992490881785025,0.971721591959552,0.896074864622524,0.00654580338424799,0.002603274115887,0.802950163008275,0.999475336201282,SEKER
37027,698.113,245.181326521675,192.43787009622,1.27408044164635,0.61964804711322,37328,217.127245234008,0.786269430051814,0.991936348049721,0.954722020052816,0.885578230260586,0.00662169029415493,0.00251221239972151,0.784248801911472,0.99919605989999,SEKER
37031,700.842,245.139704231331,192.462724775549,1.27369964504667,0.619350705031127,37423,217.138972966826,0.764503076097279,0.989525158325094,0.947403671626784,0.885776433677663,0.00661985104996709,0.00251376379399807,0.784599890458718,0.999344601980923,SEKER
37039,690.695,236.0162492315,200.052500148451,1.17977155524855,0.530600991714391,37324,217.162426532413,0.772853416797079,0.992364162469189,0.975655489894767,0.920116420964754,0.00637210100789708,0.00281730288505031,0.846614228128989,0.998811384615291,SEKER
37043,710.832,246.120828897445,191.897026607056,1.2825671832916,0.626170382993344,37450,217.174152365388,0.762892330504984,0.98913217623498,0.921259702215919,0.882388351031766,0.00664419266521191,0.00248462610833591,0.77860920203656,0.998618611140952,SEKER
37047,710.523,249.186037916829,189.47116047422,1.31516605109269,0.649501559390751,37442,217.185877565286,0.797807735377724,0.989450349874473,0.922160737986088,0.871581246609719,0.00672621367227654,0.00239431855357985,0.759653869441751,0.999070979670987,SEKER
37049,692.49,235.952618269849,200.18604044333,1.17866669297875,0.529329605908415,37347,217.191739927864,0.783807226876534,0.992020778108014,0.97086611068032,0.92048878931901,0.00636866361493831,0.00282034403098448,0.847299611261977,0.998683830768332,SEKER
37053,735.079,243.119339611868,194.377442488091,1.25075902069636,0.600646759617376,37533,217.203464178341,0.754858819215255,0.987211254096395,0.861718087231057,0.893402657826808,0.00656139420861652,0.00257848645435147,0.798168309012005,0.998316212530727,SEKER
37068,704.024,245.364980605058,192.527099395438,1.27444386465873,0.619931441799469,37452,217.247424482416,0.809521729635292,0.989746876001282,0.939797076302904,0.885405178631011,0.00661932072421113,0.0025093510286001,0.783942330346613,0.99909049315651,SEKER
37074,720.184,235.530746470036,200.752484704583,1.17323950842567,0.522986631862134,37612,217.265006113528,0.754840680036649,0.985696054450707,0.898239961585105,0.922448594800204,0.00635298987079993,0.00283743956439817,0.85091141004887,0.99832288443953,SEKER
37075,699.179,233.450953987875,202.367904428657,1.15359673584097,0.498561991934451,37441,217.267936247059,0.792200854700855,0.990224620068908,0.953046898448487,0.930679153525085,0.00629672161801416,0.00291403122239741,0.866163686806169,0.999203601803574,SEKER
37083,704.984,237.160338760555,199.6918026864,1.18763181848279,0.539459114354058,37498,217.291375892864,0.767541499358364,0.988932743079631,0.937618578396217,0.916221392786291,0.00639539246448656,0.00278002483136492,0.839461640599251,0.996971354771431,SEKER
37090,693.447,242.422497941751,194.952724770906,1.24349376612523,0.594378025103117,37376,217.311883508995,0.789232897116715,0.992348030821918,0.969259686818467,0.896417970089604,0.00653606087737262,0.00260338301775849,0.803565177099567,0.999228288398631,SEKER
37092,706.388,238.347240230536,198.409177583441,1.20129140765325,0.554118968261945,37492,217.317742472437,0.793785310734463,0.989331057292222,0.934121760847878,0.911769493375472,0.00642583954034659,0.00273936478184273,0.831323609050165,0.998661908531254,SEKER
37094,691.978,240.590513430306,196.497787382603,1.22439299004344,0.577018273788517,37364,217.323601277924,0.759873811864962,0.992773792955786,0.973484312348005,0.903292478906815,0.00648596844315268,0.00266359487601757,0.815937302449618,0.999027913434266,SEKER
37109,694.497,239.859755733065,197.202290398765,1.21631323474003,0.56926133046348,37419,217.367537285532,0.787475596299126,0.991715438680884,0.966826102828764,0.906227627144904,0.00646365452405253,0.00268910085063673,0.821248512200684,0.998895434400251,SEKER
37109,694.219,249.222425218338,189.710225826878,1.3137005352878,0.648507236393118,37369,217.367537285532,0.769002818302387,0.993042361315529,0.96760058889899,0.8721828988507,0.00671595637765335,0.00239727522783509,0.760703009047611,0.999335950180884,SEKER
37114,702.71,238.446603519157,198.391439507988,1.20189965913099,0.55475131831878,37525,217.382180648049,0.762532873109796,0.989047301798801,0.944485640944059,0.91165979066078,0.00642470775230794,0.00273756438074386,0.831123573907657,0.998927140175344,SEKER
37117,699.991,249.514426715356,189.777977426078,1.31477018619058,0.649233450759695,37429,217.390966192101,0.750050519338803,0.991664217585295,0.951914228847649,0.871256099512426,0.00672237591172122,0.00238938362590572,0.759087190937607,0.998025207363922,SEKER
37135,696.823,242.789009700496,195.130570420035,1.24423871245737,0.595028909037754,37424,217.443672002062,0.750611444626362,0.992277682770415,0.961055212020017,0.895607557649745,0.00653801022486862,0.00259475499805018,0.802112897319342,0.998019918606066,SEKER
37138,707.772,252.256064305376,187.59396081688,1.34469181847286,0.668552641564778,37506,217.452455061732,0.7503535782115,0.990188236548819,0.931626043464728,0.862030634072243,0.00679239766022339,0.00231362871140972,0.743096814078992,0.999236206225267,SEKER
37152,694.797,246.690685022833,192.216585360908,1.28339958052862,0.626799537017331,37406,217.493437983772,0.776848444295751,0.993209645511415,0.967110710294768,0.88164430677081,0.00664003781822871,0.00247470790275714,0.777296683661382,0.997582237757307,SEKER
37164,710.014,251.924948695641,188.174050657738,1.33878687212754,0.664885964460199,37548,217.528560057151,0.744859101294745,0.989773090444231,0.926399881969483,0.863465731295848,0.00677873610740613,0.00232438955410756,0.745573069122274,0.998163437152737,SEKER
37165,692.541,236.98426521346,199.917191169647,1.1854121390309,0.536990233930467,37477,217.531486640629,0.750307875557709,0.991674893934947,0.973762446314171,0.917915315789809,0.00637654420055053,0.00279238696719378,0.842568526961506,0.998790959825553,SEKER
37170,693.745,232.975392502514,203.258979709279,1.14619975381033,0.488706460394287,37485,217.546118967464,0.792655620241827,0.991596638655462,0.970515985216504,0.933772947566197,0.00626783407324492,0.00293942514417416,0.871931917606464,0.999408149299896,SEKER
37177,692.052,235.085731941659,201.57287701309,1.16625676740424,0.514577100426616,37506,217.566602571762,0.780422780611709,0.991228070175439,0.975453899700437,0.925477700304481,0.00632341856367268,0.00286151171051148,0.85650897376087,0.998909386991076,SEKER
37179,704.496,240.383586895298,197.179245131975,1.21911201523469,0.571977700547047,37555,217.572454675928,0.771668742216688,0.989988017574225,0.941348652401757,0.905105283958899,0.00646557429988161,0.0026765987494452,0.81921557505032,0.998715550611245,SEKER
37187,706.995,246.092955690914,192.844685724148,1.2761199758594,0.621233663816062,37563,217.595861518703,0.742611230928988,0.989990149881532,0.934906809464348,0.88420191024077,0.00661771467692779,0.00249513240552199,0.781813018073426,0.997687209750427,SEKER
37189,700.253,243.343401203913,194.910061739309,1.248490709163,0.598708345117971,37534,217.601712835988,0.784826421863459,0.990808333777375,0.953047196850369,0.894216616351334,0.0065434241631642,0.00258080849062722,0.799623356958828,0.998322331992825,SEKER
37190,738.964,243.829613326884,194.384225978525,1.25436934041048,0.603697651355164,37707,217.604638435629,0.785659962818996,0.986289017954226,0.855833888915494,0.892445488743413,0.00655632195017167,0.00256546933866519,0.79645895037847,0.999053688250264,SEKER
37191,698.872,234.88885106084,201.763666294023,1.16417814651794,0.51201741801031,37541,217.607563995936,0.787361067005399,0.990676859966437,0.956868896684903,0.926427810486299,0.00631574442905111,0.0028697934838799,0.858268488042437,0.999177417624001,SEKER
37196,700.485,233.099201379611,203.345697342107,1.14631981117086,0.488869547298805,37561,217.622191207535,0.774142524142524,0.990282473842549,0.952595275725026,0.933603332484738,0.00626678141143162,0.00293679669177566,0.871615182426608,0.999149751332924,SEKER
37211,701.519,244.696859226609,194.128594204294,1.26048849335971,0.608774617900208,37559,217.666066944621,0.792600323762461,0.990734577597913,0.950172221011002,0.889533554425579,0.00657592806499715,0.00253972185456751,0.791269944449004,0.997386660119347,SEKER
37212,698.087,241.88610371395,196.056365639778,1.23375797018688,0.585694708002544,37535,217.668991679304,0.776738749269433,0.991394698281604,0.959563622461066,0.89988216907539,0.00650021777152396,0.00262936123219144,0.809787918219829,0.999082298264758,SEKER
37220,697.179,246.03018601012,192.881878822474,1.27554847304533,0.620790529265125,37513,217.692388142174,0.762454932808915,0.992189374350225,0.962271534013388,0.884819833177784,0.00661016082778399,0.00249925853501655,0.782906137184762,0.998634727823837,SEKER
37225,713.798,252.81336847922,188.527292104399,1.34099082237505,0.666262538404133,37629,217.707009654642,0.792898526028798,0.989263599883069,0.918108307061748,0.861137253003046,0.00679149411629871,0.00230374603520693,0.741557368509633,0.994421625436012,SEKER
37227,698.145,241.323958475681,196.743961643866,1.22658889482215,0.579082314491212,37555,217.712857984676,0.782721137066084,0.991266142990281,0.959790924955697,0.902160147545469,0.00648249814585329,0.00264884604865054,0.813892931819262,0.998312031743744,SEKER
37240,695.977,244.752783884361,194.084493721104,1.26106305141547,0.609245374024208,37527,217.750868301225,0.789953756734971,0.992352173102033,0.966117081954674,0.88967677852484,0.00657230891203978,0.00253995926407431,0.791524770246338,0.998162642037773,SEKER
37248,705.116,232.271033237029,204.478992745295,1.13591636049554,0.474331137427032,37661,217.774255967723,0.781371932032725,0.989033748440031,0.941437912359975,0.937586805090276,0.00623579878750614,0.00297247221012356,0.879069017079391,0.998548878505211,SEKER
37248,703.557,249.152044252205,190.706766187183,1.30646672498057,0.64352719923348,37633,217.774255967723,0.735981031416716,0.989769617091383,0.945614767491833,0.874061686394513,0.00668900462446857,0.00240829450154751,0.76398383162282,0.998119454438375,SEKER
37256,693.806,245.933979923568,193.076070935531,1.27376727075457,0.619403539943855,37502,217.797641122794,0.775068652741949,0.993440349848008,0.972590417599765,0.88559393537437,0.00660119121547047,0.00250461288780126,0.784276618371864,0.998985887700156,SEKER
37264,693.036,239.743595821589,198.164034388396,1.20982395499527,0.562839013947482,37541,217.821023767246,0.783499085385084,0.992621400602008,0.974962127145779,0.908558257920446,0.00643365166975066,0.00270425988962934,0.825478108035435,0.998683189425446,SEKER
37265,700.187,232.937291594449,204.158281622391,1.14096420553386,0.481489817727033,37602,217.823946421315,0.778950668896321,0.991037710760066,0.955174903577198,0.935118395729236,0.00625083299596,0.00294838410315736,0.87444641403122,0.997712058067066,SEKER
37268,714.729,250.060470384546,189.922898304429,1.31664203009224,0.650498098959685,37667,217.832714148243,0.75124979841961,0.989407173387846,0.916775804889578,0.871120148711457,0.00670979044715429,0.00238342206424282,0.758850313491072,0.999134217291019,SEKER
37301,711.888,229.381574389782,207.109101821524,1.10753980569841,0.429846280143336,37731,217.929135863396,0.781991614255765,0.988603535554319,0.924926014084542,0.950072543721729,0.0061494751987824,0.00309061485137338,0.902637838333876,0.999707336084334,SEKER
37301,699.032,251.587462202036,189.098962567876,1.3304539527113,0.659592775934306,37579,217.929135863396,0.737742528826566,0.992602251257351,0.959259755627806,0.866216201538647,0.00674479135149288,0.00234235918441862,0.750330507808042,0.998280189953085,SEKER
37308,698.873,240.097665014841,198.449645261975,1.20986693978659,0.562882138470867,37607,217.949583470534,0.7995370965668,0.99204935251416,0.959876385048999,0.907753865315861,0.00643555443912407,0.00269549269126334,0.824017079995886,0.996951022906506,SEKER
37311,694.501,240.876591402815,197.615340943312,1.21891645786707,0.571788927306945,37590,217.958346143509,0.748015236567763,0.992577813248204,0.972077749167483,0.904854825760215,0.00645591357516055,0.00266964244280498,0.818762255701549,0.998002788554982,SEKER
37315,701.999,238.054658943392,199.835850184464,1.19125101288707,0.543431306395839,37735,217.970029159498,0.775392735433464,0.988869749569365,0.951525262407224,0.915630175552794,0.0063795969166124,0.0027660077313007,0.838378618382841,0.998719378331423,SEKER
37322,695.359,240.962435399392,197.328810475398,1.22112141059825,0.573908558568506,37630,217.990472930827,0.772712215320911,0.991815041190539,0.969966225790723,0.904665793942158,0.00645631089972114,0.00266757646229678,0.818420198728996,0.999390427534047,SEKER
37348,702.527,242.760909402292,196.616225671818,1.23469417934762,0.58654428489524,37715,218.066390158522,0.815013638843426,0.990269123690839,0.950935748562926,0.898276376931646,0.0064999707990332,0.00261054439335853,0.806900449353445,0.996275288129679,SEKER
37348,701.625,239.790614924466,198.515934953628,1.20791620572162,0.560917069232441,37690,218.066390158522,0.785942760942761,0.990925975059698,0.953382341536419,0.909403356871214,0.00642044058381885,0.0027087617357439,0.827014465488632,0.998964175229924,SEKER
37350,699.848,238.172990894044,199.954330735588,1.19113694621096,0.543307107911507,37637,218.072228850577,0.786282682834407,0.992374525068417,0.958281311365801,0.915604359805813,0.00637678690479368,0.00276447759750309,0.838331343695413,0.998567436642284,SEKER
37352,703.246,241.94129098986,196.931310819482,1.22855674896531,0.580916419301409,37811,218.07806738631,0.802750913389211,0.987860675464812,0.949093903488634,0.901367709885659,0.00647733162855696,0.00263744784211459,0.812463748424518,0.998157821416594,SEKER
37353,701.883,237.322651205563,200.89589749744,1.18132154096669,0.532373490231921,37752,218.080986595559,0.776440508855076,0.989431023521933,0.952809117952253,0.918921921223032,0.00635350979052721,0.00279452445080331,0.844417497304229,0.997528579134669,SEKER
37362,721.309,234.393465369206,203.511499702129,1.15174555596258,0.496131615282673,37914,218.107257720588,0.761572800097841,0.985440734293401,0.902396241964927,0.930517654905762,0.00627357918123242,0.00290130653688042,0.865863106091319,0.997253984512628,SEKER
37362,714.562,263.885817358517,180.412987188459,1.46267639304072,0.729783587644296,37693,218.107257720588,0.739841584158416,0.99121852863927,0.919517811679553,0.826521333748932,0.00706294677368762,0.00203320873820048,0.683137515142114,0.999209116598866,SEKER
37365,700.139,247.568293911504,192.318991057594,1.28727949616461,0.629707813035886,37673,218.1160140591,0.754848484848485,0.991824383510737,0.957869424711197,0.881033716446208,0.00662567359591876,0.00246252084381464,0.776220409515017,0.999212617673174,SEKER
37365,702.379,247.354022142851,192.709490852699,1.28355910779672,0.626919901378855,37705,218.1160140591,0.784517510707987,0.990982628298634,0.951769566557333,0.881796916700768,0.00661993903767834,0.00246892590530319,0.77756580230298,0.998051667457256,SEKER
37366,700.27,238.964117688069,199.227084623789,1.19945597828386,0.552200572573233,37744,218.118932760488,0.762073747756567,0.989985163204748,0.95753670550416,0.912768556512776,0.00639522875576911,0.00273828425952529,0.833146437758417,0.999322475555238,SEKER
37388,707.703,232.970501584906,204.624216325314,1.1385284975974,0.478060847963376,37784,218.183134312802,0.806993308871142,0.989519373279695,0.938080319626212,0.936526868545566,0.00623115709813059,0.00295685092861701,0.877082575507764,0.998583506961716,SEKER
37393,699.759,237.230576143277,200.929374712153,1.18066647289939,0.531625954409328,37751,218.197722940185,0.763870730511522,0.990516807501788,0.959628610897674,0.919770657254584,0.00634425095989295,0.00280077562904897,0.84597806194653,0.998817934548666,SEKER
37393,696.723,244.043347520256,195.236517561655,1.24998822232725,0.599989949493036,37667,218.197722940185,0.782280334728034,0.992725728090902,0.968010077177385,0.894094123676427,0.00652644472281594,0.00257270143594054,0.799404301992718,0.999245962368638,SEKER
37394,704.489,240.071971400718,198.617651070912,1.2087141807704,0.561722889520156,37814,218.200640548617,0.758745231718205,0.988893002591633,0.946811131047953,0.908896774894247,0.00642006662568108,0.00270257370765777,0.826093347413163,0.998510743658377,SEKER
37410,697.345,241.494875911859,197.433912468039,1.22316816241462,0.57585893206104,37739,218.247316979024,0.753019323671498,0.991282227933968,0.966723307675598,0.90373477348099,0.00645535621255971,0.00265621941956663,0.816736540798737,0.999006133785662,SEKER
37420,704.994,238.972980575099,199.789740369637,1.19612238412727,0.548676340644786,37757,218.276484679385,0.755898513251454,0.991074502741214,0.946112554635023,0.913393991881813,0.00638623678714857,0.00274193643297615,0.834288584405794,0.997911250629627,SEKER
37424,695.317,238.5826817196,199.83953088708,1.19387130594503,0.546266826438744,37686,218.288150668259,0.781343299162787,0.993047816165154,0.972734620499597,0.914937115698983,0.00637512509939077,0.00275570964939674,0.837109925683574,0.999401520195397,SEKER
37429,710.889,252.612579350258,188.783812004198,1.33810508786972,0.664458168129394,37813,218.302732277662,0.770841914490485,0.989844762383307,0.930710256202666,0.864179974089793,0.00674911377141409,0.00232189889122699,0.746807027617835,0.999306283312285,SEKER
37430,699.619,245.261314981117,194.850378697498,1.25871613193979,0.607316084437673,37742,218.305648482666,0.736898058825846,0.991733347464363,0.960962632794898,0.890094096166259,0.00655253312800206,0.00253707128452353,0.79226750003003,0.997239883099404,SEKER
37438,698.989,238.793872777557,199.754990630561,1.19543382632776,0.54794188898434,37738,218.328976720441,0.776222761294603,0.992050453124172,0.962901407163938,0.914298906336766,0.00637838219930437,0.0027494327589573,0.835942490128607,0.999313929564394,SEKER
37438,711.096,248.509142959691,192.087076535087,1.29373171502403,0.634457456098328,37803,218.328976720441,0.791835871404399,0.990344681639023,0.930392139582977,0.878555107148935,0.00663788511564964,0.00243941407429029,0.771859076297477,0.998578566535201,SEKER
37445,703.374,241.237971240233,197.856400193523,1.21925786077316,0.572118386870547,37798,218.349386883976,0.750460958794292,0.990660881528123,0.951110721882197,0.905120308222689,0.00644246150995415,0.00266720767662723,0.819242772357135,0.998868190078034,SEKER
37446,698.296,241.433054223936,197.694530680887,1.22124296202028,0.574024845782676,37754,218.352302465884,0.749729708084732,0.991841924034539,0.96501972045656,0.904401028134929,0.00644749917812146,0.00266081847731145,0.817941219691518,0.998904957894551,SEKER
37453,706.241,236.522570290348,201.979709478124,1.17102144023019,0.520346322164433,37925,218.372710449282,0.754112554112554,0.987554383651945,0.943605843667532,0.923263729889349,0.00631518357115178,0.00283053703168499,0.852415914929194,0.998197312375517,SEKER
37454,698.809,245.967742054952,193.997566264201,1.26789086477495,0.614763614235651,37765,218.375625719792,0.753162138792254,0.99176486164438,0.963809251819553,0.887822215609901,0.00656719554800428,0.00251688714709851,0.788228286530473,0.999387443849195,SEKER
37459,699.387,244.590479262985,195.157694540071,1.25329662168542,0.602795515214534,37773,218.390201488607,0.754005636070854,0.991687183967384,0.962345306051838,0.89288103995983,0.00652955175693385,0.00255998567582709,0.797236551519748,0.999173876703831,SEKER
37475,713.238,241.195626148085,198.301132514893,1.21630987725181,0.569258052760728,37837,218.436837412901,0.777489626556017,0.990432645294289,0.925726206693244,0.905641785057866,0.0064361741467134,0.00267075074029585,0.820187042842798,0.997601601403648,SEKER
37479,703.264,229.016368082537,208.466788047811,1.09857483883722,0.414014565785958,37879,218.448494838324,0.781463719766472,0.989440059135669,0.952272155501498,0.953855380151674,0.00611052504289167,0.00312024305819097,0.909840086244294,0.999527426113465,SEKER
37482,705.803,244.49748801715,195.380388407056,1.25139216894054,0.60118483259917,37878,218.457237499158,0.777634854771784,0.989545382543957,0.945508898254399,0.893494813672008,0.00652306408455126,0.00256448138986438,0.798332982058776,0.999027641955299,SEKER
37482,693.294,239.284735619636,199.590466826785,1.19887858084574,0.551593867834921,37731,218.457237499158,0.761519707436002,0.99340065198378,0.97993605484298,0.912959353355555,0.00638399059867765,0.00273575858655948,0.833494780879393,0.999259040043022,SEKER
37483,699.808,244.46939416346,195.452646260175,1.2507857982032,0.600669542458733,37793,218.460151641685,0.774762298470442,0.991797422803165,0.961803606309128,0.893609412291567,0.00652214054807407,0.00256543404676515,0.79853778173608,0.998799716724173,SEKER
37492,701.925,242.984349262293,196.911060226329,1.23398019889288,0.58589665934698,37814,218.486377175353,0.771440329218107,0.991484635320252,0.95624031826084,0.899178806530889,0.0064809652529151,0.00261338686628814,0.808522526114314,0.997700787583914,SEKER
37492,701.454,246.630515847463,193.840420824337,1.27233790970236,0.618284044979836,37828,218.486377175353,0.751402918069585,0.991117690599556,0.957524908268477,0.885885416184603,0.00657821710891559,0.00249918367013599,0.784792970608567,0.99852184777321,SEKER
37493,695.177,242.867206442322,196.683831808568,1.23481022415052,0.586649371306049,37758,218.489290929225,0.781771930190371,0.992981619789184,0.97492064215163,0.899624507276216,0.00647766800315584,0.00261724006327633,0.809324254091975,0.999361863605767,SEKER
37506,700.778,247.579940745569,193.218245874657,1.28134866158643,0.625246024779572,37812,218.52716619413,0.742972603553812,0.99190733100603,0.959731379456333,0.882652954581261,0.0066010755811222,0.00247146454923042,0.779076238231029,0.998268295131118,SEKER
37512,712.467,250.539627677254,190.918043469287,1.31228889173882,0.647544862346707,37891,218.544644871718,0.790991902834008,0.989997624765776,0.928646821725009,0.872295719834181,0.00667891948382529,0.00238528862251936,0.760899822841033,0.99852038524032,SEKER
37512,704.306,243.247255746027,196.678454690506,1.23677632168099,0.588422473234727,37910,218.544644871718,0.775730504373721,0.989501450804537,0.950292512501262,0.898446497171996,0.0064845184406597,0.00260631180805074,0.807206108280629,0.998333401437747,SEKER
37513,706.094,232.981892903464,205.407822053533,1.13424060765683,0.471909209046717,37951,218.547557848744,0.754151421334084,0.988458802139601,0.94551107205007,0.938045249461936,0.00621069743564802,0.00296630148181789,0.879928890038106,0.998051078931619,SEKER
37516,708.078,244.597035236164,195.633111589876,1.2502844393179,0.600242589687477,37869,218.556296546872,0.779019062253416,0.990678391296311,0.940295134959776,0.893536163820836,0.00651980582248013,0.00256367495825351,0.798406876055656,0.998235693376802,SEKER
37533,703.354,237.388146317236,201.412624814068,1.17861602040279,0.529271136896206,37918,218.605809237872,0.774067810592311,0.989846510891925,0.953400157933671,0.920879212501772,0.00632478475787271,0.00280566743379259,0.848018524017884,0.999488218005804,SEKER
37539,701.891,239.572901179329,199.718784461727,1.19955116803367,0.552300445878672,37844,218.62328162804,0.785055524185959,0.991940598245429,0.957531821892453,0.912554302059367,0.00638197344573187,0.002730043851095,0.832755354207059,0.998932657825368,SEKER
37540,711.089,235.930872039411,202.974017496664,1.16236981929615,0.50976887383923,38001,218.626193557309,0.766748366013072,0.987868740296308,0.932945364828961,0.926653606912405,0.00628478614915852,0.00285851153781443,0.85868690720377,0.998111745158415,SEKER
37548,703.892,246.059929267585,194.431853222293,1.26553301421381,0.612873694527939,37881,218.649487595365,0.782739212007505,0.991209313376099,0.952323748382877,0.888602578429537,0.00655321000499587,0.00252036897365716,0.789614542391621,0.999283271899925,SEKER
37553,702.511,241.559960835638,198.049220867398,1.21969659753104,0.572541091156,37880,218.66404510902,0.77820374668435,0.99136747624076,0.956198908344528,0.905216428884103,0.00643250767809863,0.00266421816883269,0.819416783121689,0.999439862333353,SEKER
37557,697.113,244.933191657002,195.328493962088,1.25395525603419,0.603349848390504,37810,218.675690422183,0.765095338983051,0.993308648505686,0.971168068986123,0.892797292775291,0.00652163888641272,0.00255592419440951,0.797087005986889,0.999511440673816,SEKER
37564,736.706,236.460205579492,202.526017024295,1.16755471249467,0.516162104785112,38184,218.696068228104,0.766299469604243,0.983762832600042,0.869747686187121,0.924874727619166,0.00629486225054551,0.00284117276792898,0.855393261788627,0.998718433837499,SEKER
37574,712.47,253.499315852866,188.904444725824,1.34194468648313,0.666855337247736,38001,218.725176086062,0.748113489298158,0.988763453593327,0.93017385988902,0.862823536032787,0.00674666833057078,0.00230651910511071,0.744464454332121,0.999030118766553,SEKER
37577,704.505,246.681927545037,194.283057133147,1.26970375690547,0.616205658004033,37883,218.733907688116,0.755438060391621,0.991922498218198,0.951401450834957,0.886704226227442,0.00656470520651028,0.00250328389256761,0.786244384809607,0.998297449238587,SEKER
37580,703.04,243.49361162053,196.709749183604,1.23783194595637,0.589368801469946,37934,218.742638941628,0.798894557823129,0.990668002319819,0.955446929990267,0.898350628116374,0.00647934038372886,0.00260311923662252,0.807033851037084,0.998972282281899,SEKER
37580,698.245,242.686580137452,197.398589013053,1.22942408732924,0.581720184461914,37888,218.742638941628,0.786324070974222,0.991870777027027,0.968614510577959,0.901338008956809,0.00645786535756924,0.00262917497812545,0.812410206390225,0.998796676528261,SEKER
37606,700.716,229.643826961093,209.019181954909,1.09867345577227,0.414194160799714,37942,218.818295211599,0.785733687135664,0.991144378261557,0.962460549912618,0.952859469846196,0.0061065741360712,0.0031052231460277,0.907941169275574,0.997530862085914,SEKER
37606,696.136,238.355983610324,201.098674956022,1.18526879236002,0.536829925366119,37883,218.818295211599,0.780612350804359,0.992688013092944,0.975166601737353,0.918031475011485,0.00633824346142435,0.00277701973026753,0.842781789111763,0.998922953403512,SEKER
37631,744.128,248.899729039209,192.992720969721,1.28968454244582,0.631490748552863,38388,218.891016964902,0.750353931127993,0.98028029592581,0.854004836938649,0.879434532973799,0.00661422043100659,0.00244046446217032,0.773405097786844,0.997448599664492,SEKER
37637,703.354,250.544102890912,191.528375554788,1.30813046456003,0.644683323376017,37959,218.908466590941,0.786332107638309,0.991517163255091,0.956041929612596,0.87373226535791,0.00665685636184902,0.00239310879953746,0.763408071527465,0.998637355256097,SEKER
37642,699.339,240.43963770046,199.767038076331,1.20360015353778,0.556510308132662,37928,218.923006883518,0.746894718044367,0.99245939675174,0.967179444781425,0.910511299123869,0.00638753620159556,0.0027080363879922,0.829030825832235,0.997821629259232,SEKER
37644,695.582,238.915822306758,200.794334475757,1.18985340363577,0.541905124329348,37973,218.928822730152,0.779153040526555,0.991335949227082,0.977707527350461,0.916342922023211,0.00634671720079581,0.00276033014699052,0.839684350742036,0.999101282710099,SEKER
37646,703.337,249.237926199217,192.550728637689,1.29440136613658,0.634944322406046,37941,218.934638422292,0.803577527322404,0.99222477003769,0.956316772083559,0.87841622565619,0.00662056861815909,0.00243151218810099,0.771615065496067,0.998779594909671,SEKER
37652,693.787,231.778732329191,206.946033592986,1.11999601202817,0.45033370437876,37917,218.952084571872,0.783274391512378,0.993011050452304,0.982982074694227,0.944659945162263,0.00615581462682436,0.00302389913166325,0.89238241199397,0.999464742637322,SEKER
37657,704.416,252.095106948316,190.573144070259,1.32282598462759,0.654620893744081,37993,218.966621968034,0.747459309249702,0.991156265627879,0.953667886434635,0.868587354267554,0.00669450850966132,0.00235045786041147,0.75444399199351,0.997998116555185,SEKER
37663,712.345,233.569795174706,205.828160052727,1.13478056216833,0.472692121154832,38084,218.984065569531,0.753998918940562,0.988945488919231,0.932704374503624,0.937553014531413,0.00620157170630874,0.00295573075526015,0.879005655056941,0.997478531394656,SEKER
37669,698.99,243.28546189875,197.668607632739,1.23077439970015,0.582965946652039,37937,219.001507781633,0.754950296616963,0.992935656483117,0.968839930654343,0.900183291152749,0.00645850598366694,0.00261598722559627,0.810329957670595,0.997333367211077,SEKER
37679,707.574,242.452317195143,198.130856580637,1.22369792055317,0.576361079952858,38045,219.030575048499,0.77849173553719,0.990379813378894,0.945726371793882,0.903396501144626,0.00643468025147013,0.00264374979238406,0.816125238280352,0.998690756994624,SEKER
37681,703.836,248.221055588372,193.631749797185,1.28192332015986,0.625682453543152,38044,219.036388038987,0.754434789572739,0.990458416570287,0.955849089690708,0.882424690040066,0.00658743280667636,0.00246380632231352,0.778673333592306,0.998199505118599,SEKER
37682,715.569,246.571005246036,194.780758513013,1.26588995303436,0.61316084988917,38157,219.03929447638,0.774409667276352,0.98755143224048,0.924784993447796,0.888341653382223,0.00654346916952486,0.00251366806690161,0.789150893133861,0.998978187046248,SEKER
37688,710.5,238.581647200231,201.471740049077,1.18419410653878,0.535624686798985,38083,219.056732290927,0.777649389237372,0.989627917968648,0.938177019412677,0.918162544611333,0.00633044064954974,0.00277518534322665,0.843022458327158,0.998302226830855,SEKER
37690,702.993,247.278826334044,194.41023461562,1.27194345926774,0.617974083397571,37977,219.062544587313,0.779363110008271,0.99244279432288,0.958371742932506,0.885892851543161,0.00656086034316912,0.00249267320451499,0.784806144415273,0.998229042182137,SEKER
37693,709.359,252.261630135444,190.473671681951,1.32439107152124,0.655651110530429,38032,219.071262742749,0.775002056090139,0.991086453512831,0.941322418741382,0.868428792064513,0.00669253256932174,0.00234804875797724,0.754168566886629,0.998814116406623,SEKER
37693,701.429,246.674285583638,194.88321283707,1.26575440743512,0.613051848632009,37995,219.071262742749,0.769967724802876,0.992051585734965,0.962726959355573,0.888099309680458,0.00654429962018512,0.00251124489708409,0.788720383854905,0.998326302098267,SEKER
37706,717.777,250.627134684463,191.968437257728,1.30556428059048,0.642897372304298,38097,219.109037407826,0.767317867317867,0.989736724676484,0.91968954887579,0.874243077006333,0.00664687674864646,0.00239511403747696,0.7643009576935,0.997844029985729,SEKER
37720,706.226,238.253632356349,201.964766570228,1.17967919059536,0.530494959365264,38103,219.149710534626,0.755427381238484,0.989948298034276,0.950373118245595,0.919816870648378,0.00631637413457977,0.00278902940142923,0.846063075529376,0.998083004133118,SEKER
37722,699.287,237.205186441408,202.801711089527,1.16964095207606,0.518688620077486,38031,219.155520365105,0.798602731025722,0.991875049301885,0.969379130122952,0.9239069501511,0.00628824522669552,0.00282632544924213,0.853604052537508,0.998410256705952,SEKER
37733,715.114,251.951597136098,190.796968372826,1.3205220150237,0.653094659927923,38142,219.187471680048,0.778610044983699,0.989276912589796,0.927215405518345,0.86995865146927,0.00667722145432639,0.00235922840486173,0.75682805526623,0.999408108566632,SEKER
37735,722.21,251.771197875183,191.26249188213,1.31636472680876,0.650311243653126,38145,219.193280509648,0.791256028517509,0.989251540175646,0.909132583535012,0.870605066661812,0.00667208686564683,0.00236442866453504,0.757953182097219,0.997742833485239,SEKER
37761,698.336,236.55891092635,203.465112684477,1.16265097148716,0.510119810041666,38115,219.268781290781,0.781493822305925,0.990712317985045,0.973026098284303,0.926909835829638,0.00626463575981437,0.00285249932672614,0.859161843757727,0.998905352309617,SEKER
37765,704.943,237.204730186642,202.995307691007,1.16852321802289,0.517338219379398,38130,219.280394488252,0.783912817851583,0.990427484920011,0.954973561437952,0.924435167526859,0.00628107322088289,0.00282956355711324,0.854580378960412,0.998597014482042,SEKER
37771,712.802,242.648298627076,198.543716935957,1.22214040500383,0.57488162209824,38155,219.297813131348,0.748592833359759,0.989935788232211,0.93417991986802,0.903768187834628,0.00642419577525288,0.00264378863600816,0.816796937341887,0.998240539808901,SEKER
37776,700.671,246.175702647364,196.033631301996,1.25578300525445,0.604880942397755,38029,219.312327610455,0.735514018691589,0.993347182413421,0.966935595256732,0.890877228142254,0.00651672232759857,0.00253209742274474,0.793662235622425,0.996667547406894,SEKER
37777,716.007,250.174661841412,192.704033475079,1.29823261781267,0.637708265314823,38174,219.315230391006,0.770518887166517,0.989600251480065,0.925982531374604,0.876648453431437,0.00662240680417746,0.00241266765454597,0.768512510903731,0.997708008852335,SEKER
37784,702.271,242.226839961227,198.871507793298,1.21800675546238,0.57090876541493,38106,219.335548779201,0.801799507681861,0.991549887156878,0.962738472097737,0.905496471052959,0.00641083103856731,0.00265852740826579,0.819923859089363,0.998672799335631,SEKER
37791,713.544,245.051916175773,196.527778057066,1.24690727488211,0.5973451742307,38169,219.355865285354,0.76401018922853,0.990096675312426,0.932731686725147,0.895140379673722,0.00648439882976828,0.00256811268274403,0.801276299322415,0.999117246815738,SEKER
37810,713.014,243.745453927729,197.750150310843,1.23259301469347,0.584633116736051,38222,219.411000604884,0.781521289789169,0.989220867563184,0.934588487144542,0.900164483354589,0.00644658698565801,0.00261094127586759,0.810296097093035,0.998765309110256,SEKER
37810,712.632,241.102093805928,200.034622784462,1.20530181450496,0.558257544407995,38253,219.411000604884,0.797679324894515,0.988419208950932,0.93559071126259,0.910033575989998,0.00637667531885553,0.00269776261199293,0.828161109429144,0.99818408789739,SEKER
37822,699.758,235.231781550765,204.881470386576,1.14813594956598,0.491323796465991,38130,219.445815774586,0.785928019283518,0.991922370836612,0.970640950378907,0.932891866600208,0.00621944322221895,0.00290573829484077,0.870287234768821,0.999208060686448,SEKER
37826,704.225,242.586214954962,198.865739598748,1.21984920803567,0.572687944937132,38170,219.457419603786,0.764532298488156,0.99098768666492,0.958467530956475,0.904657421051442,0.00641321352918526,0.00264967167603949,0.818405049463446,0.99833075144038,SEKER
37833,703.902,242.016003648619,199.234679421154,1.21472830107569,0.567708924860695,38173,219.477724828661,0.76092115848753,0.991093181044194,0.959524892902158,0.906872775022428,0.00639695513569156,0.00266893824255017,0.822418230076879,0.999014699394967,SEKER
37838,702.47,242.014171379855,199.374017886358,1.21387016194759,0.56686407759439,38142,219.492227410651,0.777887422392171,0.992029783440826,0.96356823209411,0.906939565394896,0.00639606140334729,0.0026693515961592,0.822539375278683,0.998456004677804,SEKER
37844,703.919,245.774989863067,196.190518203596,1.25273633054996,0.602322860780063,38174,219.509629244271,0.76768906199286,0.991355372766805,0.959757517227378,0.893132492311648,0.0064944242115809,0.00254908297993622,0.797685648822816,0.999289792638655,SEKER
37848,697.327,240.962129441016,200.146273558008,1.20393013148545,0.556850131980645,38105,219.52122970031,0.795778053447152,0.99325547828369,0.978092293043478,0.911019628725708,0.00636657496937793,0.00270518242678624,0.829956763923527,0.999209955917693,SEKER
37849,713.618,251.881542441721,191.670593880715,1.31413764282735,0.64880431280248,38243,219.524129718537,0.775530694205393,0.98969746097325,0.933969473487883,0.871537182083635,0.00665490613864888,0.00236845630651114,0.759577059754283,0.998188806851223,SEKER
37856,708.716,248.430330282633,194.360323806228,1.27819467171866,0.622834723640428,38232,219.544428773527,0.744639836342893,0.990165306549487,0.947109323561148,0.883726349048269,0.0065625087247103,0.00246899876505517,0.780972260002184,0.99823458149487,SEKER
37861,712.99,253.520178943006,190.351293602389,1.33185424771826,0.660492196650449,38226,219.558926949505,0.747871604938272,0.990451525139957,0.935912110776544,0.866041227427753,0.00669607720194941,0.00232356316126933,0.750027407604569,0.998927188723256,SEKER
37865,707.053,243.058021217587,198.494562517539,1.22450720127969,0.577126082890664,38220,219.570524801024,0.779821237334212,0.990711669283098,0.951796024682321,0.903366709319428,0.00641906830100587,0.00263698759904197,0.816071411506613,0.999285320148325,SEKER
37884,699.809,249.371014581479,193.591502415717,1.28812996164461,0.630340007780911,38145,219.625606231939,0.755398695938267,0.99315768777035,0.97209037930404,0.880718260702986,0.00658248903445991,0.00244296874784811,0.775664654735692,0.999156881953765,SEKER
37884,703.214,246.514877587316,195.983904868021,1.25783225797712,0.606585094767463,38173,219.625606231939,0.799493510604622,0.992429203887565,0.962699342661883,0.890922318285425,0.00650709739170405,0.00252886952892898,0.793742577219077,0.998395018156048,SEKER
37889,707.045,240.15443139891,201.179300783148,1.1937333038938,0.546118320946906,38247,219.640099049492,0.784142883751733,0.990639788741601,0.952420854577734,0.914578580832668,0.00633836816487399,0.00273552903537312,0.836453980517897,0.998502973718746,SEKER
37891,713.155,227.011426475749,212.784270974071,1.06686187581699,0.348447064098647,38377,219.645895908756,0.783665280966268,0.987336164890429,0.936220331444543,0.967554361992525,0.00599117010571768,0.00323886550431797,0.936161443410762,0.998754953584751,SEKER
37904,710.507,231.733222659567,208.670685970984,1.11052120992112,0.434901412556982,38307,219.683571765486,0.809395686525731,0.989479729553345,0.943535370714252,0.948002057038744,0.00611368780760781,0.00304593155054544,0.89870790014969,0.9980341846399,SEKER
37906,699.816,242.125811599728,199.709302374953,1.21239125428989,0.565400888290628,38203,219.689367477653,0.794908358847461,0.992225741433919,0.972635433604184,0.907335595598677,0.00638753262279661,0.00267045146930189,0.823257883040406,0.998110657423399,SEKER
37916,732.54,259.532897430779,186.685900601953,1.39021156174053,0.694684073041109,38307,219.718343745301,0.78491284726535,0.989792988226695,0.887911519394933,0.846591495414962,0.00684494401916814,0.00216892866683744,0.716717160108942,0.996388482481293,SEKER
37918,701.991,234.783150854171,205.891600490431,1.14032408459073,0.480593155148429,38269,219.724138540279,0.77948401685682,0.99082808539549,0.966923683502194,0.93585991047865,0.00619186536352578,0.00292984498035723,0.875833772041107,0.998734344356421,SEKER
37919,701.737,243.353522886518,198.799940600784,1.22411265391272,0.576753438499659,38208,219.727035880459,0.753437450325862,0.992436139028476,0.967649302430118,0.902912903311138,0.00641771995270228,0.0026311400340718,0.815251710965748,0.997959935517172,SEKER
37927,697.748,233.259871400531,207.162747650938,1.12597401823211,0.459611723851984,38208,219.750213226678,0.791845000730735,0.992645519262982,0.978951452395318,0.942083230635691,0.00615023258893483,0.00298832890831779,0.88752081344498,0.999325376579274,SEKER
37928,703.265,241.153153544764,200.684361330672,1.20165394027595,0.554496066628253,38236,219.753110223076,0.754185722807715,0.991944764096663,0.963677675481511,0.911259533590484,0.00635818270261452,0.00270446338299524,0.830393937559546,0.997846147049688,SEKER
37937,700.065,242.419510515381,199.491141243587,1.21518935128741,0.568161577180447,38213,219.779181472263,0.782044939187796,0.99277732708764,0.972738527920578,0.906606819744068,0.0063900548413259,0.00266293321453074,0.821935925606454,0.998807784237526,SEKER
37951,699.222,240.525464655127,201.14879458545,1.19575891643213,0.548288927750152,38269,219.819730602701,0.775729207121395,0.991690402153179,0.975445297514626,0.913914586623442,0.00633778990422193,0.00272734474133704,0.835239871643096,0.998745523876857,SEKER
37957,713.931,255.15949779626,189.962363674743,1.34321079639306,0.667639428112436,38297,219.837106511873,0.786429089402258,0.991122020001567,0.935813408737246,0.861567405526911,0.00672233047385883,0.00228484457989959,0.742298394266373,0.997063217323824,SEKER
37968,709.268,252.149799893722,191.899925016958,1.31396507774268,0.648687082085377,38292,219.868958778871,0.785306527674361,0.991538702601066,0.948433427761851,0.871977526341653,0.00664111356652239,0.00236832793356298,0.760344806444908,0.999066522711629,SEKER
37969,699.361,239.412640056583,202.301544671576,1.18344444895492,0.534780402656154,38269,219.871854210696,0.793318150477424,0.992160756748282,0.975520056681604,0.918380308402811,0.006305476574484,0.00276686475949964,0.843422390862041,0.998143546589973,SEKER
37970,703.416,246.498360689993,196.489196723703,1.25451355494425,0.603818653993572,38241,219.874749604392,0.750039506953224,0.992913365236265,0.964330662122822,0.89199274587029,0.00649192416881731,0.0025351198216791,0.79565105868522,0.998155038126353,SEKER
37987,701.371,244.466475198666,198.010965911057,1.23461079074013,0.586468740947044,38307,219.923965465009,0.775878267973856,0.991646435377346,0.970396566044133,0.89960787173901,0.00643552992335973,0.00260002224981162,0.809294322894791,0.999163503930633,SEKER
37995,703.86,252.803121729708,191.75958939009,1.31833366213274,0.651634263604238,38262,219.9471220594,0.78340206185567,0.993021797083268,0.963748560820098,0.870033251783035,0.00665358920199257,0.0023516850121297,0.756957859208161,0.997923026610051,SEKER
37996,723.824,247.204498060583,196.76459283252,1.25634645187916,0.605350812936809,38627,219.95001646228,0.7678131188619,0.983664276283429,0.911342838155608,0.889749248852163,0.00650606637700241,0.00251517827221573,0.791653725832988,0.994591349567188,SEKER
37997,706.226,246.90381736928,196.219783354797,1.25830236456249,0.606974188047279,38305,219.952910827072,0.776177636148221,0.991959274246182,0.957352263361025,0.890844512533805,0.00649798187670817,0.00252444489482131,0.793603945511592,0.998593721163356,SEKER
37998,727.603,247.757586821637,196.105510594076,1.26338921364875,0.61114104022674,38651,219.955805153778,0.75349501279026,0.98310522366821,0.901948291692193,0.887786355911377,0.00652027966792035,0.00249850286334029,0.788164613742401,0.995758671581785,SEKER
38001,725.626,240.24218798568,201.816677943497,1.19039809015656,0.542501069256983,38491,219.964487905391,0.749260617532237,0.98726975137045,0.906941381433104,0.91559475773049,0.00632199647340016,0.00274060977081718,0.838313760383554,0.997927099312545,SEKER
38008,715.481,255.362505979331,189.700196566819,1.34613727661259,0.669439825643056,38388,219.984746326408,0.76046418567427,0.990101073252058,0.933015096432058,0.861460634100346,0.00671865149387842,0.00228246235087332,0.742114424104571,0.998987889799046,SEKER
38010,713.114,239.847013614883,202.004073682837,1.18733750880422,0.539133207720182,38445,219.990534104046,0.752613654364011,0.988685134607881,0.939268609185206,0.917211895984998,0.00631010296276987,0.00275483075978656,0.841277662136395,0.998880523573662,SEKER
38016,702.523,242.059273016965,200.261957663515,1.20871320664746,0.561721907497061,38312,220.007896523402,0.748936170212766,0.992273961160994,0.96795504676201,0.908900922411606,0.00636729990048834,0.00268041009607329,0.826100886760668,0.998519051850797,SEKER
38017,707.111,246.268776796932,196.809721219505,1.25130392579676,0.601109918138547,38373,220.01079012675,0.757808918213168,0.990722643525395,0.955460022129796,0.893376712177223,0.00647785929444544,0.00254536332920748,0.798121949860584,0.998693129125115,SEKER
38019,716.827,246.136568980968,196.984990628261,1.24951940853942,0.599589518241554,38422,220.016577219277,0.760273561701362,0.989511217531623,0.929783518251909,0.893880085068911,0.00647404111052283,0.00254960124310093,0.799021606482804,0.99839300514261,SEKER
38025,713.907,245.804777569881,197.175389776797,1.24663010859587,0.597105707905428,38428,220.033937583625,0.789588438058059,0.989512855209743,0.937552953111631,0.895157286033917,0.00646429395318555,0.00256034366808304,0.801306566739609,0.99893289231318,SEKER
38042,723.178,243.920410491997,198.875836434905,1.22649596283074,0.578995336408126,38508,220.083117845997,0.783886255924171,0.98789861846889,0.914077025556993,0.90227430087577,0.00641187136564841,0.00262131320050734,0.814098914020859,0.998489031391469,SEKER
38048,710.956,250.699237063791,193.842991277459,1.29331081516871,0.634150864308118,38384,220.100472961971,0.769065955167465,0.991246352646936,0.945924010827124,0.877946321416075,0.00658902536437633,0.00241475345451475,0.770789743288018,0.996870711215503,SEKER
38058,702.407,243.776736971166,198.999087707334,1.22501434443602,0.577604191149392,38365,220.129395114625,0.743146137623994,0.991997914766063,0.969344529801613,0.90299590457092,0.00640540062460366,0.00262705510752224,0.815401603671853,0.998878660974157,SEKER
38061,701.644,240.187286899217,201.9628840161,1.18926449317326,0.541259132397818,38398,220.138071019451,0.784277766330105,0.991223501224022,0.971530472707667,0.916526739867885,0.00631058792199934,0.00274681964719674,0.840021264892853,0.99900746384756,SEKER
38066,704.695,236.662740040815,205.138963314149,1.15367035212316,0.498658155200872,38393,220.152530101039,0.79569397993311,0.991482822389498,0.963262663461815,0.930237392092525,0.00621716860297417,0.00287175627084105,0.865341605647103,0.998318954893714,SEKER
38067,707.292,247.875210905543,195.710196385732,1.26654213977179,0.613684557319929,38350,220.155421803401,0.786833402232328,0.992620599739244,0.956227048511574,0.88817038621621,0.00651155097342957,0.00249947824967951,0.788846634951452,0.999107504983191,SEKER
38084,715.166,249.174571635945,194.819254299736,1.27900382604166,0.623455934110593,38468,220.204574933615,0.768581865149038,0.990017677030259,0.935704465092785,0.883736143250377,0.00654276262041658,0.00246167885663485,0.780989570887051,0.998888649263169,SEKER
38090,805.266,234.894070793452,207.542971440153,1.13178523543105,0.468318246819158,39006,220.221920477872,0.792386103598918,0.976516433369225,0.738145729227581,0.937537161895919,0.00616681729570629,0.00293896767470653,0.878975929935854,0.994811979800675,SEKER
38091,716.472,247.03809979764,196.938789165543,1.25439026432718,0.603715211577982,38511,220.224811269092,0.781273715516357,0.989094025083742,0.93246769118148,0.891460918172087,0.00648547162840671,0.0025265654907446,0.79470256862822,0.996867165123039,SEKER
38093,737.757,233.468492261576,207.997930925102,1.12245583993643,0.454192353499974,38859,220.230592737695,0.770115639657124,0.980287706837541,0.879484850567465,0.943298989102783,0.00612890799521108,0.00299336957943165,0.889812982842332,0.998775779042633,SEKER
38094,725.104,250.17883787737,194.257304917688,1.28787351386027,0.630149575597216,38577,220.233483415082,0.7743312464428,0.987479586281982,0.910470417877259,0.880304206717252,0.00656740793503885,0.00243279136141075,0.77493549636409,0.998018900717477,SEKER
38095,707.285,249.072897009945,194.929570616074,1.27775840383145,0.622499041015826,38413,220.236374054528,0.776608973966934,0.99172155259938,0.956949338324077,0.884224565171114,0.00653820441028862,0.00246540664097882,0.781853081652045,0.999019345642416,SEKER
38104,704.491,250.544301946901,193.834863651162,1.29256572954697,0.63360703006092,38377,220.262388102437,0.764910167620195,0.992886364228575,0.964782759159159,0.879135491770706,0.00657527561271523,0.00242279672543198,0.77287921289092,0.998997183662041,SEKER
38115,711.327,238.478960620976,203.805079940429,1.17013256338204,0.519280230886478,38531,220.29417887811,0.787760416666667,0.989203498481742,0.946601527367861,0.923746808961619,0.00625682698730096,0.00281025489829873,0.853308167066774,0.998483672884673,SEKER
38116,722.078,250.748305604291,194.04356440861,1.29222685827536,0.633359223612339,38556,220.297068721137,0.756570067487098,0.988588027803714,0.918647623231794,0.878558553726742,0.00657855770816169,0.0024176492672951,0.771865132326425,0.997424854958474,SEKER
38117,699.123,238.594016756662,203.595788607376,1.17190055054026,0.52139617786278,38406,220.299958526256,0.767744924266839,0.992475134093631,0.979989440825869,0.923325578406839,0.00625951719066721,0.00280633857683673,0.852530123740324,0.999080521363443,SEKER
38118,716.011,259.924268136844,186.918649784108,1.39057428692673,0.69487830336262,38468,220.302848293468,0.730117989580141,0.990901528543205,0.934330618171233,0.847565523114155,0.00681893772330249,0.00217064906887395,0.718367315971771,0.998943118158917,SEKER
38118,707.806,249.097861157919,195.205334731929,1.27608121724747,0.621203639785491,38477,220.302848293468,0.758567164179105,0.990669750760194,0.95611799077976,0.884402809680508,0.0065349142441345,0.00246615353023913,0.782168329770776,0.99811031434631,SEKER
38121,704.92,236.598130974833,205.363990623575,1.15209161185667,0.496587740855298,38440,220.311517367679,0.779889525368249,0.991701352757544,0.964038733643767,0.93116338856926,0.00620650378990145,0.00287826221183003,0.867065256211787,0.998938608613956,SEKER
38122,710.41,246.905722977971,196.834630617705,1.25438151916222,0.603707872440141,38481,220.314406983279,0.774837398373984,0.990670720615369,0.94922115540537,0.892301743054111,0.00647672532862838,0.00253269100297346,0.796202400657404,0.99874157689724,SEKER
38125,704.918,238.649730219302,203.507420054757,1.1726831884316,0.522327067826356,38406,220.323075602689,0.793873896385141,0.992683434879967,0.964145360245625,0.923206891540282,0.00625966505493252,0.00280496217454498,0.852310964587469,0.999490739487648,SEKER
38134,717.612,247.751868896957,196.271831519811,1.26228948381699,0.610246874063606,38522,220.349079414757,0.778403755868545,0.989927833445823,0.930556702180471,0.889394216866241,0.00649687598722811,0.00250761895804547,0.791022072995115,0.998498844208847,SEKER
38145,762.943,256.113302485211,190.105433974136,1.34721715803272,0.670100002103352,38876,220.380857684879,0.740277130880298,0.981196625167198,0.823499420332859,0.860481886518192,0.00671420376157323,0.00227060301663087,0.740429077025907,0.997518756875629,SEKER
38148,700.346,240.677969537747,202.096152182525,1.19090822333112,0.54305787587577,38456,220.389523690572,0.774295688885281,0.991990846681922,0.9773639879076,0.915702937472249,0.00630905865412989,0.00273629399363188,0.838511869695306,0.998590680980896,SEKER
38151,715.089,240.298027954011,202.590851107772,1.18612477631667,0.537785625587553,38724,220.398189355519,0.777196056062582,0.985202974899287,0.937552497580706,0.917186841823352,0.00629860365269616,0.00274951001473965,0.841231702813895,0.997805765330625,SEKER
38153,705.654,236.47754677549,205.65931891012,1.14985087001498,0.493619472648603,38510,220.403966276201,0.784911948650428,0.990729680602441,0.96284181133523,0.932029147297653,0.00619813767660446,0.00288508729635199,0.868678331412389,0.998850535137701,SEKER
38159,707.153,247.714412641126,196.559934339533,1.26024875554359,0.608577893856798,38483,220.421296129818,0.750599944923089,0.991580697970532,0.958914912815719,0.88982023201513,0.00649163795280605,0.00251040133985665,0.791780045303459,0.997839816757932,SEKER
38159,701.909,243.5396831444,199.753743272879,1.21919959623338,0.572062193616488,38461,220.421296129818,0.784486657620986,0.992147890070461,0.973296646305997,0.905073429035898,0.00638223441768391,0.00264172602702303,0.819157911946798,0.998716995496916,SEKER
38170,723.21,247.581583927351,196.64824725158,1.25900732596213,0.607556381068589,38617,220.453063989914,0.769106772250096,0.988424787010902,0.917071461478597,0.890425937555203,0.00648628723938568,0.00251516886781025,0.792858350271063,0.998214471441518,SEKER
38171,707.456,233.945735442786,208.039339991972,1.12452642587606,0.457395791903009,38570,220.455951750199,0.793180118028427,0.989655172413793,0.958394986651591,0.942337979929169,0.00612888673188509,0.00298117958777926,0.888000868416987,0.998580442735789,SEKER
38172,712.28,255.332774667352,190.545414373131,1.34001007322775,0.665651158617812,38486,220.458839472657,0.744093567251462,0.991841189003794,0.945482030303948,0.863417709535607,0.00668900698594133,0.00229311175756749,0.745490141139714,0.998964298619196,SEKER
38179,719.145,250.862792762375,194.004683576941,1.29307596155474,0.633979597624253,38618,220.47905247085,0.737672926810418,0.988632244031281,0.927687025054897,0.878883034199873,0.00657070098122986,0.00241833126484966,0.772435387804376,0.998817631824049,SEKER
38183,721.729,246.561548456454,197.513506869088,1.24832753144258,0.598568249171256,38626,220.49060192358,0.798173000543501,0.98853104126754,0.921152635898658,0.894261912710698,0.00645736449352995,0.00254738156144966,0.799704368524996,0.998292980244652,SEKER
38185,713.378,228.186857913713,213.455320912476,1.06901461597801,0.35348311551329,38677,220.496376423088,0.775361435997401,0.987279261576648,0.94289478802391,0.96629743903335,0.00597582448379503,0.00321381527203032,0.933730740682411,0.99817180917747,SEKER
38187,732.35,252.536863903308,192.800539639868,1.30983483954465,0.64586098608265,38625,220.502150771374,0.788287265445988,0.988660194174757,0.894721829521751,0.873148368769638,0.00661316322055433,0.00237105262087487,0.76238807388508,0.998602460428018,SEKER
38190,706.192,250.178229750558,194.688269978157,1.28501953291088,0.628018650383471,38507,220.510812010286,0.796986518636003,0.991767730542499,0.962307643983086,0.881414870631022,0.00655088320896984,0.00243893998034501,0.776892174169501,0.99832161877341,SEKER
38191,703.597,249.385101802581,195.209287728849,1.27752682622859,0.62232064220997,38438,220.513699014326,0.778566040812998,0.993574067329206,0.969444466569852,0.884229640906493,0.00652994427489674,0.00246234847163261,0.781862057857625,0.998849753323409,SEKER
38192,706.381,251.309088206996,193.929004521885,1.29588190702353,0.636016746692964,38486,220.516585980568,0.814345721657178,0.992360858493998,0.961843129728408,0.877471593064454,0.00658014998447308,0.00240628918010004,0.769956396635071,0.997772563596423,SEKER
38194,703.614,243.424543671638,199.976968450302,1.21726289561257,0.570186581056427,38483,220.522359799669,0.769326833984611,0.992490190473716,0.969473770333507,0.905916702044383,0.006373371306269,0.00264790286880161,0.820685071042971,0.998989485963775,SEKER
38195,719.457,243.285690908182,200.21206195182,1.21514002970874,0.568113195808947,38604,220.525246652531,0.778536485935589,0.989405242980002,0.927271033906914,0.906445610628858,0.00636956907731856,0.00265250869199692,0.821643645028323,0.998412083229712,SEKER
38200,701.769,239.606249185186,203.178747349913,1.17928795363886,0.530045317194699,38503,220.539680350007,0.758568648476905,0.992130483338961,0.974731199782321,0.920425410856279,0.00627241490013576,0.00277695563035125,0.847182936949951,0.999072632073468,SEKER
38210,705.63,236.731010964956,205.916021072629,1.14964833591776,0.493349440873024,38529,220.568544911396,0.782158355850324,0.991720522204054,0.964345877938559,0.931726451943585,0.00619552501871122,0.00288012660781078,0.868114181251382,0.998026023862264,SEKER
38216,710.146,241.949265507052,201.204595788227,1.20250367323473,0.555377602923839,38542,220.585861835248,0.776747967479675,0.991541694774532,0.952269340646844,0.911702961250853,0.00633109863688119,0.00269818860685115,0.831202289553574,0.999523806389288,SEKER
38217,713.032,242.911481261249,200.551546487915,1.21121719336074,0.564232772689502,38593,220.588747857056,0.75827380952381,0.990257300546731,0.944601029503205,0.90810342397861,0.0063561106643967,0.00266632119772448,0.824651828641675,0.998832473387174,SEKER
38218,715.604,248.508898707324,196.236543684773,1.2663742136965,0.613549832359762,38565,220.591633841106,0.76436,0.991002204071049,0.937847664361256,0.887660904653974,0.00650240459226866,0.00249024525854726,0.787941881651112,0.99782928081447,SEKER
38220,709.411,253.530660593425,192.260359438451,1.31868400399297,0.651868773333075,38562,220.597405695937,0.755918593382251,0.991131165395986,0.954343478670311,0.870101490603138,0.00663345527455324,0.00234530440184863,0.757076603949802,0.998344807425927,SEKER
38222,709.963,246.270525347658,197.703616056779,1.24565513903869,0.596261316318692,38555,220.603177399754,0.780773787637374,0.991362987939307,0.952909903201382,0.895775802192855,0.00644316166991936,0.00255903424507586,0.802414287794253,0.99953148122898,SEKER
38222,715.843,246.223489465649,198.212083489154,1.24222239699691,0.593262826710425,38662,220.603177399754,0.757936901386107,0.98861931612436,0.937319618738508,0.895946921548811,0.00644193107282845,0.00256050107622231,0.802720886232791,0.997157863415582,SEKER
38222,701.048,241.243875928344,201.875526460265,1.19501298725196,0.547491888808341,38491,220.603177399754,0.792330016583748,0.99301135330337,0.97729969416041,0.91444052849358,0.00631164972864695,0.00272235348654563,0.836201480151617,0.999271628740494,SEKER
38233,709.54,239.669689928401,203.32352521852,1.17876025251292,0.529437523651796,38594,220.63491907189,0.783110073327598,0.990646214437477,0.954320984390951,0.920579148484746,0.00626866031774646,0.00277714806364826,0.8474659686249,0.998959199172396,SEKER
38240,703.058,240.67701135943,202.412714524334,1.18904097464933,0.541013495313629,38518,220.655115940403,0.783767165402747,0.992782595150319,0.972177216349868,0.916810104521673,0.00629385489956668,0.00274292576397348,0.840540767753041,0.999437413721571,SEKER
38241,709.687,237.386827259463,206.326689444339,1.15053863316846,0.494534281396219,38572,220.658001056425,0.721555530397374,0.991418645649694,0.95412528409597,0.929529256546516,0.00620765218638276,0.00285863951365355,0.86402463877592,0.994093726921121,SEKER
38241,705.456,246.384707729229,197.884853889647,1.24509128862702,0.595771529426309,38534,220.658001056425,0.781161907096458,0.992396325323091,0.965604411985433,0.895583184078629,0.00644294625478489,0.00255674840175223,0.802069239604416,0.998649423107153,SEKER
38273,710.319,248.514426201101,196.359737544791,1.26560785478954,0.612933934648808,38635,220.750304859696,0.782999181669394,0.990630257538501,0.953225180678194,0.888279639271576,0.00649320477101614,0.00249366260091368,0.789040717544441,0.99861612987302,SEKER
38273,704.621,242.712362173225,200.951905972458,1.20781318793011,0.560812837712803,38580,220.750304859696,0.79060111547201,0.992042509072058,0.968704248762573,0.909514055580513,0.00634160797881601,0.00267680549034367,0.827215817298513,0.999122173397524,SEKER
38276,706.425,242.762641601325,200.955740693242,1.20804034143967,0.561042606346558,38627,220.758956362552,0.752812524585005,0.990913091878738,0.963838543026997,0.909361320614939,0.00634242453760385,0.00267535231589581,0.826938011430546,0.998974477677994,SEKER
38284,716.131,250.461655206108,195.179273643691,1.28323899628471,0.626678306459603,38694,220.782025379425,0.783817537825277,0.989404041970331,0.938085069222526,0.8815003046983,0.00654220183904785,0.00243665233878896,0.777042787183196,0.997131606295235,SEKER
38285,709.287,247.613776639816,197.326914932685,1.2548403583175,0.604092613101444,38609,220.784908837053,0.742331407298251,0.991608174259888,0.956300791741063,0.891650342857179,0.00646764468172433,0.00252176282983583,0.795040333917324,0.997648697489677,SEKER
38286,725.536,263.207796705661,185.374667154153,1.41986928821716,0.709912205105489,38646,220.787792257023,0.735279431534473,0.990684676292501,0.913969969657116,0.838834544494612,0.00687477920664631,0.0020996347201538,0.703643393037483,0.999081643630841,SEKER
38290,708.533,244.957708931753,199.238525990313,1.22946959035254,0.581762274676972,38631,220.799325560359,0.749799283294496,0.991172892236805,0.958462367434223,0.90137732967561,0.00639743298333124,0.0026050258186193,0.812481090453134,0.998920793448597,SEKER
38300,709.442,244.00483293142,200.178303488392,1.21893746065027,0.571809208820345,38656,220.828156183392,0.778455284552846,0.990790562913907,0.956257482572292,0.905015501252215,0.00637088336635562,0.00263635256467115,0.819053057506799,0.998374454055178,SEKER
38303,704.69,245.045462005791,199.25020461897,1.22983794407838,0.582102717311808,38608,220.836804636344,0.753699330972058,0.992100082884376,0.969273718700345,0.901207485454782,0.00639755272448088,0.0026031116618242,0.812174931839732,0.998843548405777,SEKER
38307,710.914,253.199539834566,192.826456615276,1.31309543451159,0.648095269934546,38617,220.84833538012,0.780469418524103,0.99197244736774,0.952475628567984,0.872230397908371,0.00660974599510705,0.00235987720632802,0.760785867035396,0.998984448645119,SEKER
38331,702.785,237.598418736446,205.928459669493,1.15379107442353,0.498815772029757,38639,220.917507204032,0.787974098057354,0.992028779212713,0.975247951051657,0.929793676148504,0.00619859692511143,0.00285771892890395,0.864516280205749,0.997471167795224,SEKER
38333,718.19,237.944927308239,205.490575659304,1.15793596151457,0.504167967067889,38776,220.923270545076,0.785158330260948,0.988575407468537,0.933907720423726,0.928463880462925,0.00620731294989276,0.00284540085260589,0.862045177324272,0.998193111273983,SEKER
38338,718.737,247.109098244652,197.705006950986,1.24988791156874,0.599904330711263,38802,220.937678239943,0.764131388025193,0.988041853512706,0.932608376643711,0.894089613896785,0.00644553962764494,0.00254075767083902,0.799396237678102,0.999155694027393,SEKER
38344,719.605,249.93029870722,195.647800554194,1.27745008121362,0.622261487999816,38741,220.954966233676,0.778558375634518,0.989752458635554,0.930505480656381,0.884066347203918,0.0065181071016905,0.00245606972212267,0.781573306258478,0.998420883554288,SEKER
38347,705.936,245.571678105631,199.192339682364,1.23283695797351,0.584855824171255,38686,220.963609723319,0.778018990423633,0.991237140050664,0.966964650726875,0.899792726212804,0.00640393454782985,0.00258938459266386,0.80962695014547,0.998138026310712,SEKER
38348,705.689,241.995429078035,201.843233229186,1.19892762916286,0.551645465745427,38638,220.966490811399,0.771279163314562,0.992494435529789,0.967666902527056,0.9131019195414,0.00631050978090214,0.00270595911215478,0.83375511547019,0.999612043893086,SEKER
38354,715.527,253.609821300079,192.816000393012,1.31529448169837,0.649588466218349,38702,220.983776551068,0.796304370393439,0.991008216629632,0.941387604244822,0.871353386151374,0.00661234346613335,0.00235132390840501,0.759256723557465,0.998646178687516,SEKER
38376,720.955,240.808641964757,203.759279740682,1.1818290792509,0.532951097527096,38872,221.047146031693,0.725663716814159,0.987240172875077,0.927797618128039,0.917936932114106,0.00627498024715334,0.00274816940226821,0.842608211339057,0.995818886576087,SEKER
38377,706.076,245.342356764987,199.355214554135,1.23067940466822,0.58287852778175,38698,221.05002603099,0.794324626402285,0.991704997674298,0.967337416573188,0.900985989315874,0.00639295298655411,0.00259868370818306,0.811775752943503,0.999035700356604,SEKER
38380,784.252,257.652082321007,190.134897453819,1.35510148726689,0.67485308423323,39006,221.058665803753,0.77583941458287,0.983951186996872,0.784157976714861,0.857973526984104,0.00671318609486731,0.00224390259171667,0.736118573005543,0.997515373084592,SEKER
38396,709.443,250.380455894977,195.738889678736,1.27915539066316,0.623572094724116,38723,221.104738890082,0.748430860395306,0.991555406347649,0.958651665615187,0.883075071094308,0.00652100364347789,0.00244615912793059,0.779821581188217,0.997512979332376,SEKER
38407,703.703,245.251067895142,199.626405768329,1.22855023588293,0.58091037295581,38689,221.136408568656,0.783816326530612,0.992711106516064,0.974633745996074,0.901673580737284,0.00638558252128889,0.00260362039056358,0.813015246199595,0.998830072494932,SEKER
38411,704.969,242.894288374937,201.47893098541,1.20555676559812,0.558518217188539,38707,221.147923690959,0.766273664891176,0.992352804402304,0.971237490117165,0.91046983924789,0.00632356065645093,0.00268042528561303,0.828955328180079,0.999352704266101,SEKER
38426,718.102,248.374409076121,197.254362358852,1.25915800343249,0.607680619111572,38830,221.191100060543,0.775781313090527,0.989595673448365,0.936402942778987,0.89055511348093,0.00646370710134077,0.00250786779144538,0.793088410147033,0.998623619066183,SEKER
38426,721.068,230.719291888671,212.3871880651,1.08631454651564,0.390639625166882,38886,221.191100060543,0.777319253954768,0.988170549812272,0.928715293380434,0.958702231832762,0.00600424951565792,0.00312876862596048,0.919109969321119,0.998442529521078,SEKER
38426,709.22,244.388680053521,200.506917998621,1.2188541048504,0.571728705178331,38709,221.191100060543,0.753052305642111,0.992689038724844,0.960004113702041,0.905079155106948,0.00635998230504142,0.00263258208250687,0.819168277009107,0.998446616995781,SEKER
38426,711.412,246.696608411404,198.555755475796,1.24245508683568,0.593467346506495,38799,221.191100060543,0.752094261332498,0.990386350163664,0.954097305574327,0.896611840287945,0.00642004393929641,0.00255938512713191,0.803912792144536,0.99882553797225,SEKER
38438,706.251,244.914877863835,200.070514905729,1.22414278775279,0.576781920688716,38751,221.225635088997,0.755909537856441,0.991922789089314,0.968394903037733,0.903275607503078,0.00637168629647314,0.00261646710058323,0.815906823110054,0.998786452988462,SEKER
38445,705.779,235.182532484054,208.473973056053,1.12811459884645,0.462853547391765,38763,221.24577803281,0.76966966966967,0.991796300595929,0.969867184341346,0.940740690628506,0.00611737631640145,0.00295545722037727,0.884993047004198,0.998373576203036,SEKER
38457,710.385,240.696457275908,203.770317383636,1.18121451822029,0.532251517128127,38801,221.280304527719,0.778986387943607,0.991134249117291,0.957629907758671,0.919333450238811,0.00625884643305271,0.00275782248377238,0.845173992727997,0.998331790632524,SEKER
38463,714.965,228.508377510222,214.512064918039,1.06524720461542,0.34460103162893,38878,221.297565755136,0.79141975308642,0.989325582591697,0.945547726432606,0.96844399389793,0.00594099205756759,0.00322356754674727,0.937883769316974,0.99907806351908,SEKER
38472,734.036,251.050246588803,195.389134849728,1.28487311631675,0.627908749596078,38999,221.323455072098,0.753466509988249,0.986486832995718,0.897263307585426,0.88159027158657,0.00652553146674993,0.00243143580182584,0.777201406956083,0.998605193761422,SEKER
38475,708.856,250.099698668215,196.036534424539,1.27578106500596,0.620970987548382,38772,221.332084171467,0.764758497316637,0.992339832869081,0.962215731626292,0.884975413205468,0.00650031705440456,0.00245945637211091,0.78318148197819,0.999168105171081,SEKER
38487,711.559,255.003869963116,192.352629484573,1.32571034067183,0.656515435706408,38835,221.366597205229,0.791327411793733,0.991039011201236,0.955217107063157,0.868091128331691,0.00662571439611079,0.00232099254611966,0.753582207088189,0.999031724483112,SEKER
38489,707.978,244.119399210075,200.950083821871,1.21482606310566,0.567804979395779,38782,221.372348854394,0.788870670219307,0.992444948687535,0.964954791049592,0.90681998059439,0.00634257578035478,0.00264563392097172,0.822322477205209,0.998978777586494,SEKER
38493,728.181,243.002514940638,201.954570212965,1.20325335883405,0.556152640323581,38990,221.383851704434,0.750760649087221,0.987253141831239,0.912248037626656,0.911035228415289,0.00631290143508268,0.00268256006322012,0.829985187413699,0.998682464538045,SEKER
38495,797.002,250.954017069687,195.950667594084,1.28069998510821,0.624752309418859,39373,221.389602905331,0.765429889445638,0.977700454626267,0.761544639626326,0.882191907068988,0.00651913279827737,0.00243568918763536,0.778262560898018,0.996720850152368,SEKER
38495,714.189,249.514507767973,196.658706669748,1.26876918898377,0.615463460823494,38855,221.389602905331,0.770855861267972,0.990734783168189,0.948391983289575,0.887281484695086,0.00648173808982915,0.00247808909780483,0.787268433082717,0.99886193135488,SEKER
38511,711.884,248.384599981925,197.776678394566,1.25588417197702,0.604965381029056,38826,221.435607135112,0.764289116456299,0.991886879925823,0.954940243358377,0.891502964158111,0.00644970527854184,0.00251310595111225,0.794777535102697,0.998148526578387,SEKER
38511,711.112,249.654670383979,196.627401614783,1.2696840233544,0.616190012556643,38797,221.435607135112,0.805029474476358,0.992628296002268,0.957014780242229,0.886967613281722,0.00648268469746251,0.00247494590505927,0.786711547010674,0.998875082227875,SEKER
38512,710.718,246.211635690763,199.447980177789,1.23446542537702,0.586336990725199,38880,221.438482082136,0.757662797560496,0.990534979423868,0.95810103092449,0.899382685391275,0.00639311476139288,0.00258030089398137,0.808889214781621,0.99854576860828,SEKER
38518,716.158,244.176760854009,201.161273169853,1.21383582936381,0.566830213283587,38895,221.455730980503,0.750896756082346,0.990307237434118,0.943747681074327,0.906948434429062,0.00633928970491742,0.00264576181389286,0.822555462713327,0.998447292280365,SEKER
38533,719.241,251.818199480852,195.159078875904,1.29032275070829,0.631961358251771,38942,221.498847349777,0.784147334147334,0.989497200965539,0.936038720155404,0.879598249079771,0.0065351309132653,0.00241307866210056,0.773693079784198,0.998313782911112,SEKER
38542,723.764,254.711595723784,192.900921898661,1.32042705248238,0.653031505020079,38941,221.524713143213,0.786571428571429,0.989753730001798,0.924592052508073,0.869708002549834,0.00660867613833697,0.00233231978912534,0.756392009699221,0.998760471888368,SEKER
38543,717.555,254.975500482231,192.935368931987,1.32155914124856,0.653783119270681,38878,221.527586933834,0.78339430894309,0.991383301610165,0.940686668136577,0.868819108168677,0.0066153516976424,0.00232514561484138,0.754846642719016,0.997574480926104,SEKER
38548,704.398,242.202884429016,202.968690197553,1.19330170674736,0.545653280833881,38857,221.541955327769,0.783750813272609,0.992047764881489,0.97628245804474,0.914695776022839,0.00628315047289135,0.00271308823165363,0.836668362674023,0.998397785160429,SEKER
38550,714.519,238.485260864827,206.138271088245,1.15691889529206,0.502865237428471,38916,221.547702424423,0.792036489151874,0.990595127967931,0.948869927829253,0.928978594404604,0.00618638808987879,0.0028421026008064,0.863001228861954,0.998422428330661,SEKER
38552,714.493,234.997084923099,209.03263459982,1.12421242440438,0.456912575219964,38959,221.553449371997,0.801663547515076,0.989553119946611,0.948988218370587,0.942792330570818,0.0060955873864676,0.002970704734018,0.888857378583155,0.999264508526693,SEKER
38554,702.846,244.615683403977,200.912789634943,1.21752171102915,0.570438108701235,38816,221.559196170503,0.764960317460318,0.993250206100577,0.980751434373066,0.905744035244885,0.0063447549775374,0.0026340047182736,0.820372257381687,0.998821034488202,SEKER
38554,709.931,252.797096411695,194.468720385573,1.29993705882609,0.638926225886352,38842,221.559196170503,0.773865917302288,0.992585345759745,0.961273623644167,0.876430937362036,0.00655696157108718,0.00238645472135389,0.768131187965297,0.998522197276198,SEKER
38559,741.248,249.168186697891,197.847532767021,1.25939496547224,0.607875859813347,39182,221.573562514672,0.77118,0.984099841764075,0.881878098734337,0.88925302002267,0.00646199815083095,0.00249257357916973,0.79077093361944,0.995892932642107,SEKER
38559,715.718,232.601947136767,211.399853455485,1.10029379554772,0.417127088659442,39012,221.573562514672,0.768490284005979,0.988388188249769,0.945914203976352,0.952586877462333,0.00603236461362502,0.00306397857716782,0.907421759113438,0.998430531497514,SEKER
38567,707.74,245.28027589159,200.677889290661,1.22225859938325,0.574994224995015,38880,221.596546728059,0.779509257013502,0.991949588477366,0.967560740925467,0.903442178228802,0.00635984846868022,0.00261353295004863,0.816207769402802,0.997616965035995,SEKER
38577,728.126,243.87711366909,201.643862343791,1.20944476481657,0.562458248535279,38948,221.625273642805,0.782685440675215,0.990474478792236,0.914376880714245,0.908757981872471,0.00632182683124893,0.0026595937994223,0.825841069616927,0.998809158218706,SEKER
38579,716.173,244.753958570137,201.075905059135,1.21722171782918,0.570146537733656,39039,221.631018578939,0.797944072143625,0.988216911293834,0.945202675697398,0.905525777289636,0.00634422765157565,0.00263124805511907,0.819976933335999,0.998093731375547,SEKER
38581,709.625,234.032780174343,210.328979045164,1.11269869343154,0.438531348388454,38948,221.63676336616,0.779792222491713,0.990577179829516,0.962776607469963,0.947032989143877,0.00606601125357931,0.00300983996624464,0.896871482526787,0.99794772678356,SEKER
38591,715.273,254.473257589689,193.221451558978,1.3170031357104,0.650741165567522,38926,221.665485068999,0.790734366035571,0.991393926938293,0.947877540850305,0.871075755340905,0.0065941089266847,0.00234185275077576,0.758772971542728,0.99930638281407,SEKER
38594,725.607,261.243601451792,188.314534125631,1.38727264289387,0.693102712099305,38974,221.674100854179,0.808589985334171,0.990249910196541,0.921142306198935,0.848534087044751,0.00676902112897839,0.00216462567723047,0.72001009687687,0.998850310004646,SEKER
38594,708.534,246.144096135903,199.841693044165,1.23169541043422,0.583811778283381,38925,221.674100854179,0.765936334047789,0.991496467565832,0.966069265957842,0.900586706462328,0.00637778142032189,0.00258792402265799,0.811056415856663,0.998974465013884,SEKER
38600,716.517,254.129287559021,193.991640511072,1.31000122938038,0.645975594588269,38940,221.691331420011,0.715265166956973,0.991268618387262,0.944809324892903,0.872356482597559,0.0065836602994565,0.00235192326355562,0.761005832729986,0.996918576441924,SEKER
38602,712.975,246.957094280271,199.232130651446,1.23954451258828,0.590895708196564,38979,221.69707464436,0.751596573208723,0.990328125400857,0.954269551386062,0.897714946357264,0.00639752070566995,0.00256298041021241,0.805892124913225,0.998939161174296,SEKER
38609,710.915,248.68026325133,197.975315631404,1.25611752383479,0.6051600250597,38911,221.717174758023,0.773820499458853,0.992238698568528,0.959981937705326,0.891575277664653,0.00644099208089642,0.00251052527433657,0.794906475742802,0.998495953990287,SEKER
38613,712.049,252.231870080729,195.601123816021,1.28952157922146,0.631370412479669,38925,221.728659719169,0.766587254318046,0.991984585741811,0.957025803248454,0.87906678742937,0.00653230440734283,0.00240621076583252,0.772758416761394,0.996488653938831,SEKER
38618,706.341,241.864999391158,203.534463439872,1.18832454859719,0.540224485766905,38913,221.743015084089,0.791482210198393,0.992418985943001,0.972681846322006,0.916804893813816,0.00626301205114604,0.00272942208621463,0.840531213320963,0.998823874651481,SEKER
38625,724.328,241.448023871206,203.976416370756,1.18370558796533,0.535074837614074,39111,221.763111033814,0.769928439013694,0.98757382833474,0.925140745480639,0.918471427010345,0.00625108152417361,0.00274408479016265,0.843589762234419,0.998561915507223,SEKER
38627,715.538,254.513712024112,193.625494967451,1.31446384200024,0.64902572971051,38930,221.768852399261,0.773328795371279,0.992216799383509,0.948059158839171,0.871343436216319,0.00658901058907273,0.00234291980931975,0.759239383837263,0.997992717476621,SEKER
38628,720.599,251.416348112822,196.678503221306,1.27831127446564,0.622924353823674,39014,221.771723026246,0.740255260434633,0.990106115753319,0.934813071598309,0.882089508860127,0.00650865558954183,0.00243064582358616,0.7780819016411,0.994630867325484,SEKER
38631,710.756,236.003324779609,208.603570622645,1.13134844276721,0.46767408877358,39019,221.780334684264,0.786541789677288,0.990056126502473,0.960958749343769,0.939733941847525,0.0061091694437009,0.00293887819437762,0.883099881460287,0.999093675698002,SEKER
38641,718.184,247.746803300564,198.849691360888,1.24589986338442,0.596473563441002,39027,221.80903779628,0.753206502670461,0.99010941143311,0.941427261116554,0.895305347400115,0.00641150082297467,0.00254111417463597,0.801571665083241,0.998678028020032,SEKER
38642,723.426,236.465011900948,208.294854387124,1.13524173507171,0.473358895489317,39103,221.811907903197,0.767010718539103,0.988210623225839,0.927857395422996,0.93803267603966,0.00611937818697139,0.00292252964640881,0.879905301318125,0.998905220967185,SEKER
38650,705.316,246.212364319189,200.146601083231,1.23016010757436,0.582400056061131,38932,221.834867421724,0.784373414510401,0.992756601253468,0.976319335869119,0.90098995651631,0.00637030696815497,0.00258952389279712,0.811782901743263,0.998622941735516,SEKER
38653,713.967,250.195542885859,196.972511410796,1.27020537583574,0.616602981022481,38972,221.843476628564,0.772303142919939,0.99181463614903,0.952876887401204,0.886680370360438,0.00647286220696605,0.00246799627973752,0.786202079182523,0.998638107470874,SEKER
38669,721.004,248.331560699073,198.761552603302,1.24939434939264,0.599482579185836,39053,221.889386756924,0.740700302647205,0.990167208665147,0.934754268341818,0.893520687150228,0.00642198041581301,0.00252503374937002,0.798379218365416,0.997490484098263,SEKER
38670,711.562,245.521469750583,200.805141750109,1.22268517434738,0.575400165126869,39010,221.892255824553,0.763625592417062,0.991284286080492,0.959750930491673,0.90375907267892,0.00634914584304586,0.00261279746725613,0.816780461449461,0.99866536091087,SEKER
38677,741.296,257.00731807464,191.813271513813,1.33988287695793,0.665571727395451,39266,221.912338259327,0.776896191547485,0.984999745326746,0.884462310493081,0.863447546637092,0.00664496517503013,0.00227832833491738,0.745541665793613,0.998938512055553,SEKER
38677,710.617,248.830749498851,198.075487465518,1.25624201501545,0.605263795996396,38972,221.912338259327,0.77429881283658,0.992430462896438,0.962479434862479,0.891820398830377,0.00643355869118212,0.00251038676946835,0.795343623769974,0.999144076554484,SEKER
38692,706.244,234.596405703453,210.198691833095,1.11606977026161,0.444051364453986,38959,221.955365929488,0.767728878130085,0.993146641340897,0.974813422897481,0.946115799446882,0.0060631759977115,0.00299679556516573,0.895135105963013,0.999033232065243,SEKER
38695,713.214,244.532348188698,201.700885555091,1.21235138614158,0.565361317218747,39019,221.963970462612,0.77359056377449,0.991696353058766,0.95592758893288,0.90770800716856,0.00631948179838993,0.00264634155240823,0.823933826277918,0.998897316376967,SEKER
38701,718.151,248.234796843932,199.679034478743,1.24316905624039,0.594093725705314,39125,221.981178528261,0.764600126442232,0.989162939297125,0.942975722879398,0.89423876648455,0.0064141700949312,0.00253007973549814,0.799662971483809,0.994116261569915,SEKER
38702,705.036,240.768527165259,204.908823117479,1.1750032209556,0.525066023108486,38966,221.984046409512,0.774799303317251,0.993224862700816,0.978409557225059,0.921981161836598,0.00622108746745023,0.00277290033563128,0.850049262781564,0.998810621739271,SEKER
38702,714.602,251.905962680185,195.896301080343,1.28591485031089,0.628689445238008,39018,221.984046409512,0.793008769772969,0.991901173817213,0.952389980709408,0.881217911825845,0.00650886162679409,0.00242112976082801,0.776545008122702,0.99857075787977,SEKER
38702,708.716,251.234875725556,196.429954817022,1.27900490513061,0.623456761357429,39004,221.984046409512,0.751072211764249,0.992257204389293,0.968275175413767,0.883571780265105,0.00649152177472884,0.00244058326047726,0.780699090880848,0.998517966667612,SEKER
38713,711.163,242.960078945504,203.04924888985,1.19655738828812,0.549139180044484,39057,222.015590658252,0.7719287750992,0.991192359884272,0.961896589605848,0.913794527981077,0.00627593002209862,0.00269930567328382,0.835020439368158,0.999149876097565,SEKER
38723,716.994,254.2911515357,194.562685771558,1.30698828774532,0.643890329202162,39073,222.044263359312,0.75523179841242,0.991042407800783,0.946559279544584,0.873189106338762,0.00656692796363143,0.00235491508000458,0.762459215428685,0.996525264448779,SEKER
38727,711.247,245.082886055554,201.802641711876,1.21446817532484,0.567453150187338,39004,222.055731403084,0.749144017796692,0.992898164290842,0.962017172285803,0.906043400161158,0.00632847589680467,0.00263072164391337,0.820914642975592,0.99697470855201,SEKER
38729,727.147,240.518966974776,205.21252068791,1.17204820723663,0.521572074568269,39234,222.061465202876,0.782783571832808,0.98712851098537,0.920453204661211,0.923259682992754,0.00621030666876954,0.00278348120907194,0.852408442239881,0.999063786560623,SEKER
38746,714.422,250.539224388278,197.054713887879,1.27141959431039,0.617561740088952,39096,222.110196524853,0.767916600602505,0.991047677511766,0.953953264520897,0.886528634656554,0.00646619584959166,0.00246376730837415,0.785933020066014,0.999250641527474,SEKER
38747,704.737,245.542068659572,201.230326410377,1.22020409666696,0.573029088182525,39008,222.113062740248,0.791886368281218,0.993309064807219,0.980378548684633,0.904582517988775,0.00633706012490184,0.00261734126045348,0.818269531850913,0.998455834942239,SEKER
38760,709.626,247.173775409388,199.978568615984,1.23600132314194,0.587725198545004,39056,222.15032017518,0.769520935496039,0.992421138877509,0.967240769582824,0.898761690261186,0.00637703238930308,0.00256670877195243,0.807772575881143,0.998407972586868,SEKER
38768,717.447,245.130090129315,201.573777284748,1.21608124544413,0.569034745716572,39165,222.17324472198,0.769389537191395,0.989863398442487,0.946462939324673,0.906348317355798,0.00632300067399183,0.00263198568022819,0.821467272373686,0.998970943679788,SEKER
38771,716.198,249.347818717363,198.171163224715,1.25824471461883,0.606926509772675,39156,222.181840817217,0.782114903574599,0.990167534988252,0.949840446402585,0.891051872681754,0.00643129707042281,0.00250086519553516,0.793973439809661,0.999012884188238,SEKER
38776,711.692,242.084012910732,204.085531617668,1.18618900120882,0.537857180408068,39108,222.196166903596,0.775209916033587,0.99151068835021,0.962030193526303,0.917847338335102,0.00624314041960832,0.00273315761519532,0.84244373648883,0.99929749436031,SEKER
38792,718.64,242.781682221994,203.601790602361,1.19243392459231,0.544715523553953,39186,222.242004174203,0.76098556183302,0.989945388659215,0.943907119452834,0.915398567718094,0.0062585502738192,0.00271078093272892,0.837954537780338,0.999205418115341,SEKER
38794,721.177,254.060759263834,194.613439531975,1.30546358912737,0.642826979179604,39179,222.247733168318,0.779778894472362,0.990173307128819,0.937326056946534,0.874781819169172,0.00654897044037311,0.00236565705793453,0.765243231148927,0.998997175091104,SEKER
38795,715.694,249.871763199937,197.902295238601,1.26260164339519,0.610501054836833,39140,222.250597609997,0.80087116285791,0.991185487991824,0.951767492754495,0.889458635756938,0.00644082389998549,0.00248670468208256,0.791136664722593,0.998890453028934,SEKER
38798,716.355,251.71882929219,196.491187533442,1.28106930622193,0.62503354384815,39139,222.259190713533,0.792539935449606,0.991287462633179,0.950085324244661,0.882966090929732,0.00648793312264009,0.00243255253855844,0.779629117731731,0.998758932963004,SEKER
38800,721.457,248.267441020043,199.378045491713,1.24520952348468,0.59587432227017,39236,222.264919264657,0.774512935164484,0.988887756142318,0.936743496291363,0.895264068262228,0.00639864538711452,0.00253555141882442,0.801497751921435,0.998032633744132,SEKER
38802,707.093,245.751491334871,201.239548533411,1.22118884248078,0.573973077276452,39092,222.270647668139,0.791958363098275,0.992581602373887,0.975238638693006,0.904452894510673,0.00633347485528764,0.00261436141549107,0.818035038388735,0.99897526163866,SEKER
38807,711.716,245.517524042892,201.724118998599,1.21709553256047,0.570023786072262,39161,222.284968030988,0.791527290527862,0.990960394269809,0.962734369010603,0.90537312518741,0.00632662983592888,0.00262218049997096,0.819700495811618,0.997653811489925,SEKER
38807,722.477,251.351562224021,197.064957707462,1.27547568653553,0.620734026220548,39200,222.284968030988,0.754882508558979,0.989974489795918,0.934268879660778,0.884358808292878,0.00647696452248359,0.00244379799470246,0.7820905018052,0.997537419722904,SEKER
38814,717.913,254.345488211728,194.543297934721,1.30739784362591,0.644175028290807,39196,222.305014989205,0.745992696521238,0.990254107561996,0.946356196869892,0.874027750805427,0.00655293162806534,0.00235893669945205,0.763924509177993,0.998753255992293,SEKER
38819,730.463,249.177436943191,198.966885820957,1.25235632007336,0.602001716164497,39314,222.319333138336,0.780281407035176,0.98740906547286,0.914234829115064,0.892212938160293,0.00641895558729465,0.00250910132929985,0.796043927020624,0.996930643060297,SEKER
38823,724.18,255.192031917568,193.783719126015,1.31689098066912,0.650665703143307,39221,222.330786993734,0.748568343520429,0.989852375003187,0.930263332136241,0.871229345693486,0.00657321772963368,0.00233608027390084,0.7590405727975,0.999573684278954,SEKER
38825,721.732,249.281354879421,198.615656658907,1.25509418075497,0.604305159084329,39189,222.336513700163,0.760201284461153,0.990711679297762,0.93663289352158,0.891909921653419,0.0064206401771905,0.0025063520601131,0.795503308343809,0.99843157307364,SEKER
38830,710.511,249.025200388145,198.749855149616,1.25295789624945,0.60250989089294,39153,222.350829820953,0.76512315270936,0.991750312875131,0.966575188007469,0.892884854522288,0.00641321659511062,0.00251441810887781,0.797243363435288,0.998912367448715,SEKER
38830,724.363,253.495743685141,195.34292451784,1.2976960609699,0.637323375404643,39225,222.350829820953,0.761193444679683,0.989929891650733,0.929961002780383,0.87713831636214,0.00652834776423232,0.00238372074130399,0.769371626030609,0.998410528521927,SEKER
38834,713.685,248.808630544639,198.816500421608,1.25144859715878,0.601232724420224,39151,222.362282053961,0.772600668470476,0.991903144236418,0.958095614599459,0.893708074222397,0.00640697920751503,0.00252124937575718,0.798714121930306,0.999549667420586,SEKER
38837,715.528,253.29223448558,195.382216423064,1.29639349538917,0.636386041029225,39154,222.370870841663,0.787960558350917,0.99190376462175,0.953240032173516,0.877922180651466,0.00652193100614311,0.00238990176114016,0.770747355279825,0.999191857973173,SEKER
38838,711.171,244.239253736982,202.896992545689,1.20375985209334,0.556674832583752,39190,222.37373369718,0.787852969814995,0.991018116866548,0.96498073681915,0.910474996523905,0.0062886671233581,0.00266569504325812,0.828964719295206,0.997874447889395,SEKER
38841,721.773,257.90594056115,191.96277683557,1.34352057629415,0.667830794774772,39169,222.3823220426,0.787147373540856,0.991626030789655,0.936912434310629,0.862261340544314,0.00664004378263048,0.00226415610008817,0.743494619397277,0.998900319524227,SEKER
38844,708.154,246.911838554152,200.533217239708,1.23127650347825,0.583427452673072,39120,222.390910056352,0.780470162748644,0.992944785276074,0.973370958008385,0.900689539062251,0.00635649877855402,0.00258046638182717,0.81124164577617,0.998862777087224,SEKER
38845,710.022,242.84796082717,203.978554968333,1.19055633502685,0.542673930089386,39162,222.393772653906,0.769086085372614,0.991905418517951,0.968280930271519,0.915773687769112,0.00625171735943288,0.00271226264426679,0.838641447210238,0.998449887792232,SEKER
38848,709.386,245.782401932907,201.947377267399,1.21706161901507,0.569990784324901,39160,222.402360225497,0.774234693877551,0.992032686414709,0.970092847564842,0.904875037742561,0.00632677105469798,0.00261647333292734,0.818798833929602,0.996528634470011,SEKER
38848,719.237,260.743893371716,189.981785804486,1.37246785141841,0.684924000394808,39210,222.402360225497,0.728076915868583,0.99076766131089,0.943701156573721,0.85295328434956,0.00671190005590291,0.00219142305807434,0.727529305282701,0.99851058246528,SEKER
38852,716.903,252.085058247506,197.161651554855,1.27857043324356,0.623123430008561,39209,222.41380980517,0.744291187739464,0.990894947588564,0.949953721697505,0.882296679348589,0.00648834186779333,0.00242533685407537,0.778447430389547,0.995299868330497,SEKER
38854,714.487,241.104806178613,205.414584786861,1.17374726058904,0.52358707248002,39202,222.419534373984,0.786932393567465,0.991122901892761,0.9564382525955,0.922501454447216,0.00620540500794288,0.00277215897918263,0.85100893345723,0.998869404382223,SEKER
38855,727.362,255.880359379735,193.438423118259,1.32280006864666,0.654603790122726,39228,222.422396603141,0.789799983738515,0.990491485673499,0.922901944240744,0.86924372445897,0.00658551947959683,0.00231918854503795,0.755584652511302,0.999487430210316,SEKER
38865,711.966,250.408222626195,197.81047674117,1.26589969728372,0.613168683794586,39179,222.45101686918,0.762133542504167,0.99198550243753,0.963496247016561,0.888353483508609,0.00644302644091587,0.00247521492514781,0.789171911661881,0.999012484077589,SEKER
38866,727.944,250.82295741951,197.633592486003,1.26913119507897,0.615751252594708,39268,222.453878693263,0.754914148084842,0.989762656616074,0.921687651196261,0.886896004185139,0.0064535315550741,0.00246302031313088,0.786584522239567,0.998278954740519,SEKER
38867,719.796,251.853565252907,196.740319622848,1.28013193094182,0.624319018772419,39272,222.456740480529,0.781843418088188,0.989687309024241,0.942696786352213,0.883278107487348,0.00647988178282109,0.0024329697596118,0.780180215166432,0.998733605323607,SEKER
38871,717.084,260.507278403039,190.162062703193,1.3699224477263,0.683480971706626,39136,222.468187261461,0.774322709163347,0.993228740801308,0.94993855081496,0.853980697296578,0.00670184143456662,0.00219870076926256,0.72928303135515,0.9990611953993,SEKER
38886,716.01,243.280192582511,203.948688331325,1.19284999856086,0.545165605070745,39295,222.511107445385,0.74242511025832,0.989591551087925,0.9531581379914,0.91462895142981,0.00625624113003424,0.00270067932092299,0.836546118793594,0.997874036599035,SEKER
38887,710.41,246.818014632335,201.018617413045,1.2278365944841,0.580246906818766,39248,222.513968496623,0.808276693479662,0.990802079086833,0.968269321395746,0.901530501442874,0.00634705723332566,0.00258627008440554,0.812757245031839,0.997933087882171,SEKER
38888,711.477,244.822274597486,202.418598267146,1.20948508038958,0.562498760851589,39192,222.516829511075,0.793713644249413,0.992243314962237,0.965392102653742,0.908891275832304,0.00629557381705116,0.00265010341881034,0.826083351284074,0.999135488536312,SEKER
38890,718.332,243.012893568758,204.093207302388,1.19069564725251,0.542826007024,39276,222.522551429626,0.75814878353088,0.990172115286689,0.947103365459644,0.915682078270738,0.00624872444249827,0.00270987958539806,0.838473668466218,0.99836694737857,SEKER
38896,726.873,241.084044604562,205.758053298281,1.17168704087159,0.521141610829647,39321,222.539716302549,0.782175032175032,0.989191526156507,0.925119278545933,0.923079404394305,0.00619817062434599,0.00277587263005944,0.852075586816944,0.998365922916471,SEKER
38897,708.832,248.955062403752,199.059468394592,1.25065672289576,0.60055970115659,39175,222.542576985986,0.76407959612627,0.992903637523931,0.972835343003168,0.893906614459881,0.00640036667104795,0.00252088608583336,0.799069035375125,0.999361061149729,SEKER
38898,728.258,255.203105182663,194.618637199584,1.31129838773328,0.646866881619605,39279,222.545437632651,0.738522878298842,0.990300160391049,0.921651231672419,0.872032640329212,0.00656082845345939,0.00234028855592383,0.760440925799537,0.997164959967336,SEKER
38899,720.474,254.550559630675,194.962146460201,1.30564093724029,0.642950946673005,39215,222.548298242546,0.762321908009485,0.991941858982532,0.941698058495751,0.874279351675514,0.00654388440912813,0.00235839349492209,0.764364384766157,0.997985431719179,SEKER
38927,716.92,243.512600280699,203.760686928797,1.1950911824605,0.547575566321548,39284,222.628380396358,0.752154422846543,0.990912330719886,0.951742376708049,0.914237621132265,0.00625562206901891,0.00269579349168222,0.835830427893582,0.998893574407804,SEKER
38928,717.454,252.30580542638,196.675957120529,1.28285027372085,0.626384560696918,39271,222.631239940513,0.801713485460087,0.991265819561509,0.950350555971362,0.882386513319746,0.00648134518666203,0.00242370836092328,0.778605958888578,0.998834867480894,SEKER
38929,715.093,247.637227957462,200.470363435518,1.23528098474823,0.587075180427652,39229,222.63409944794,0.750308380232827,0.992352596293558,0.956660975165808,0.899033240212908,0.00636125325483476,0.00256345351298763,0.80826076700772,0.998429156202655,SEKER
38934,708.524,242.491497184186,204.711075659733,1.18455484835247,0.536029919556711,39207,222.648396434196,0.795350547475078,0.993036957686127,0.97460751761801,0.918169911191078,0.00622827084769575,0.00273048301745369,0.843035985816632,0.998622364334697,SEKER
38938,781.143,241.335288120925,205.876815371625,1.17223150010988,0.521790248135603,39426,222.659833362234,0.78813885234288,0.987622381169786,0.8019040635069,0.922616145760942,0.00619793744211117,0.00277020017968065,0.851220552418775,0.99782754508622,SEKER
38940,715.812,241.576850065596,205.474267048058,1.17570367100564,0.525886976487037,39325,222.665551605962,0.769185185185185,0.99020979020979,0.95500987388714,0.92171725703643,0.00620382254919352,0.00276204026005302,0.849562701918761,0.998833987395359,SEKER
38944,712.513,248.522649996245,199.830271882376,1.24366867769929,0.594531020177867,39279,222.676987652892,0.761070940003909,0.991471269635174,0.963972923497513,0.896002789509353,0.00638153887623883,0.00253712946490254,0.802820998808541,0.998443330017444,SEKER
38945,718.24,241.878085737109,205.264801171747,1.178370983999,0.528988201730676,39299,222.679846572857,0.783917069243156,0.990992137204509,0.948685791274144,0.920628447567925,0.00621076096384926,0.00275208687774225,0.847556738471328,0.998736267907438,SEKER
38959,718.457,258.542132307494,192.142647587226,1.34557390331642,0.669094521822598,39336,222.719867599047,0.772996031746032,0.990415904006508,0.948453631816249,0.861445156390053,0.00663626202693843,0.00225431095734067,0.742087757467883,0.998533920419387,SEKER
38971,716.507,249.879920179796,199.057824613535,1.255313227023,0.604488420517966,39315,222.754165612843,0.754915444666137,0.991250158972402,0.95391689057038,0.891444840596096,0.0064119452972671,0.00249774141161589,0.794673903825398,0.997564662642029,SEKER
38974,717.63,245.885594006404,202.11892299316,1.21653920555833,0.569481825726152,39309,222.762739291176,0.761032570491291,0.99147777862576,0.951006911653945,0.905960921343664,0.00630896479720849,0.00262165612507022,0.820765191001861,0.998493033411334,SEKER
38976,716.184,257.744462084665,192.811584473323,1.33676854940387,0.663616832562822,39281,222.768454893411,0.768939393939394,0.99223543188819,0.954900018804059,0.864299675312656,0.00661290183920015,0.00227629863673406,0.747013928745563,0.998584725913689,SEKER
38986,713.852,244.306104987619,203.532402416304,1.20033027708245,0.553116319537224,39300,222.79703070518,0.776335178621212,0.992010178117048,0.961395713047127,0.911958506794053,0.00626650861816086,0.00267365717134131,0.831668318114039,0.998276662722518,SEKER
38988,713.031,239.831273528604,207.257671192635,1.15716476089174,0.503180783478641,39351,222.802745427731,0.782577278201526,0.990775329724785,0.963660366813048,0.92899788317706,0.00615141257639796,0.00282626914059902,0.863037066947459,0.998676081214961,SEKER
38990,720.442,235.313444854289,211.142214823126,1.11447843365389,0.441460448772107,39379,222.808460003708,0.763746057863705,0.99012163843673,0.943984911875936,0.946858179487684,0.00603522556692202,0.00299235427657641,0.896540412062732,0.999174954143083,SEKER
38997,719.366,251.660481190256,197.485585930174,1.27432328797524,0.619837458195107,39347,222.828459865514,0.784679463962333,0.991104785625334,0.946980960534752,0.885432861018237,0.00645332926097535,0.00244673047025097,0.783991351370941,0.99905843662317,SEKER
39014,709.353,241.775143654186,205.65395831457,1.17564060344691,0.525813171551676,39295,222.877023486715,0.762438929059996,0.992848962972388,0.974328764322064,0.921835967577786,0.00619713804414277,0.00276048587729661,0.849781551120074,0.999037695556853,SEKER
39023,711.172,248.191397176423,200.431681145095,1.23828426603255,0.589773085641013,39313,222.902729355655,0.78359437751004,0.992623305267978,0.969574576272955,0.898108201539346,0.00636013113231743,0.00255246903541338,0.806598341672239,0.998798035500677,SEKER
39034,707.518,241.305499151171,206.284032768164,1.16977303532924,0.518847710187738,39306,222.934143614639,0.770387621378385,0.993079936905307,0.979891375664719,0.923866817784276,0.00618193111521164,0.00277805858494292,0.853529897002844,0.998436258361268,SEKER
39037,712.794,250.78223126576,198.444191998628,1.26374185477544,0.611426994520766,39368,222.942710371581,0.741443494776828,0.99159215606584,0.965513227604177,0.888989260707722,0.00642421885046904,0.00247506237621802,0.790301905653662,0.998737596083323,SEKER
39040,717.134,248.732079791433,200.084264267967,1.24313663896284,0.594065323087631,39366,222.951276799351,0.754746162471484,0.991718742061678,0.953935577712894,0.896351113962862,0.00637121106023139,0.00253696458798816,0.803445319502464,0.998792314076721,SEKER
39052,711.179,244.515521944758,203.602253480795,1.20094703159964,0.553760201490435,39399,222.98553921947,0.791038729541403,0.991192669864717,0.970276016281635,0.911948400845682,0.00626128039395571,0.00267130809408701,0.831649885804997,0.998767461687689,SEKER
39059,724.031,250.637033207211,199.000890807325,1.25947694098455,0.607943361848996,39468,223.005523200235,0.763676533844289,0.989637174419783,0.936303531892967,0.88975487918367,0.00641688300282165,0.00248076369010388,0.791663745031147,0.997082231880204,SEKER
39064,717.191,247.848944796849,200.904247475355,1.23366702253148,0.585612007341692,39399,223.01979637587,0.762283885571557,0.991497246122998,0.954370294959387,0.899821447933416,0.00634468935072826,0.00256575679946923,0.809678638160989,0.998873834747413,SEKER
39070,715.415,251.973374200327,197.726764041792,1.27435137787957,0.619859356553106,39403,223.036922980933,0.769155051578864,0.99154886683755,0.95926189197387,0.885160678935908,0.00644928011774577,0.00244219004227316,0.783509427534278,0.998466318559943,SEKER
39073,727.356,249.151424417972,200.237227811147,1.24428123152483,0.595066002616743,39539,223.045485790314,0.762072866281791,0.988214168289537,0.928095292772856,0.895220592502559,0.00637656244511484,0.00252630995908663,0.801419909240633,0.997191751638456,SEKER
39074,781.022,253.70388011473,196.81827274552,1.28902604710266,0.631004077708529,39744,223.048339987057,0.728611919146714,0.983142109500805,0.804954256989849,0.879168028041943,0.00649290781887522,0.00239280079444998,0.772936421531159,0.996335180107981,SEKER
39082,719.5,247.516140617209,201.458511383486,1.2286209151325,0.580975978726203,39529,223.071172246303,0.749328936268119,0.988691846492449,0.948691583946626,0.901238891694295,0.00633325164058157,0.00257730731459395,0.812231539902362,0.997924657854316,SEKER
39085,708.873,246.336088968854,202.297612645046,1.21769152758653,0.57060299620425,39341,223.079733741041,0.777594302084991,0.993492793777484,0.977424251406143,0.905590953704095,0.00630257359521182,0.00261472482660135,0.820094975430693,0.998622703398235,SEKER
39087,716.009,253.83417422489,196.494803252105,1.29181113201868,0.633054816314252,39382,223.085441221661,0.782506856719585,0.992509268193591,0.958087646086789,0.878862910807329,0.00649408177206973,0.00238991284692574,0.772400015992732,0.997794939030818,SEKER
39088,719.97,254.245642326647,195.922755402902,1.29768306802243,0.637314046329807,39470,223.088294907214,0.783420852206678,0.990321763364581,0.947598823283947,0.87745179372867,0.00650444234360025,0.00237838904370495,0.769921650317661,0.999114289321114,SEKER
39091,717.854,248.130028776882,200.732997792714,1.23611977853842,0.58783191266251,39454,223.096855744859,0.745556148916692,0.990799411973438,0.95326664022782,0.899112682348763,0.00634749760243745,0.0025588144976838,0.808403615560388,0.999283698236164,SEKER
39099,730.036,247.73447291037,201.332779795171,1.23047261932412,0.582688118852696,39497,223.119683039395,0.742508260853052,0.989923285312809,0.921906676751939,0.900640433356723,0.00633608207141794,0.00257161717677131,0.811153190196986,0.9981017906148,SEKER
39101,727.736,245.269750924993,203.538849896509,1.20502671136101,0.557975944973916,39601,223.125389498124,0.753347590698033,0.987374056210702,0.927790689200119,0.90971425810417,0.00627272322766662,0.00265006114399807,0.82758003139802,0.997256043623596,SEKER
39102,715.945,254.584549293275,195.929846919653,1.29936583576097,0.638518833547576,39444,223.128242672761,0.751932617976232,0.991329479768786,0.958626685927035,0.876440629614654,0.00651078076040291,0.00236975169661958,0.768148177239331,0.998105498306852,SEKER
39104,714.999,249.006691682999,200.194235950892,1.24382548029046,0.594668087029832,39434,223.133948912584,0.795556731023539,0.991631586955419,0.961214203216295,0.896096194863099,0.00636780614983119,0.0025327255377149,0.802988390448125,0.998777420416801,SEKER
39108,717.398,256.096467983607,194.82002290362,1.31452847693331,0.649069573971691,39413,223.145360954475,0.78772131246601,0.992261436581839,0.954893962303107,0.87133322341938,0.00654844195519094,0.00232838525316315,0.759221586234407,0.998018395407605,SEKER
