Area,Perimeter,MajorAxisLength,MinorAxisLength,AspectRation,Eccentricity,ConvexArea,EquivDiameter,Extent,Solidity,roundness,Compactness,ShapeFactor1,ShapeFactor2,ShapeFactor3,ShapeFactor4,Class
28395,610.291,208.178116708527,173.888747041636,1.19719142411602,0.549812187138347,28715,190.141097274511,0.763922518159806,0.988855998607,0.958027126250128,0.913357754795763,0.00733150613518321,0.00314728916733569,0.834222388245556,0.998723889013168,SEKER
28734,638.018,200.524795663648,182.734419351024,1.09735646068106,0.41178525136724,29172,191.272750485845,0.783968132707629,0.984985602632661,0.887033636552887,0.953860842260513,0.00697865927694188,0.00356362371210096,0.909850506397935,0.998430331449707,SEKER
29380,624.11,212.826129860206,175.931142612714,1.20971265632436,0.562727316750412,29690,193.41090409881,0.778113247523704,0.989558773997979,0.947849473016411,0.908774238510331,0.00724391184003426,0.00304773321721317,0.825870616580033,0.999066137363272,SEKER
30008,645.884,210.557998960925,182.516515695305,1.15363805932189,0.498615976402717,30724,195.467061824781,0.782681272822118,0.976695742741831,0.903936374317338,0.928328834759944,0.00701672883767412,0.00321456207939006,0.861794425446755,0.99419884850682,SEKER
30140,620.134,201.847882166738,190.279278786648,1.06079801990978,0.333679657773177,30417,195.896502976234,0.77309803519212,0.990893250484926,0.98487706935091,0.970515523241471,0.00669701002543921,0.00366497196445168,0.941900380852666,0.999166058960777,SEKER
30279,634.927,212.560556425386,181.510181599753,1.17106684898868,0.520400660291264,30600,196.347702240276,0.775688484693224,0.989509803921569,0.943851783250593,0.923725951522894,0.00702006527379987,0.0031527787389953,0.853269633516877,0.999235781060337,SEKER
30477,670.033,211.05015532184,184.039050112943,1.1467683363521,0.489477894457261,30970,196.988633187028,0.762401500938086,0.984081369066839,0.853079868774835,0.933373552303864,0.00692489927886079,0.00324201624537651,0.871186188140334,0.999048735626615,SEKER
30519,629.727,212.996755056346,182.737203764065,1.16559053476242,0.513759557963588,30847,197.124320330528,0.770681818181818,0.989366875222874,0.96710924399015,0.925480391841559,0.0069791524970132,0.00315828514636252,0.856513955683206,0.998344559636264,SEKER
30685,635.681,213.534145164516,183.157146295974,1.16585210832808,0.514080860347291,31044,197.659696018684,0.771561478501383,0.988435768586522,0.954239807502237,0.925658497690839,0.00695890973324153,0.00315154951881169,0.856843654347261,0.998952980928295,SEKER
30834,631.934,217.227812764409,180.897468573821,1.20083390042444,0.553642224684321,31120,198.13901211615,0.783682805947389,0.990809768637532,0.970278230120595,0.912125429956056,0.00704507403400173,0.00300803981211981,0.83197279997252,0.999061142438045,SEKER
30917,640.765,213.560089393098,184.439870859033,1.15788461788895,0.504102365412161,31280,198.405511527722,0.770805285464971,0.988395140664962,0.94625817993264,0.92903834275195,0.00690752949487654,0.00317422029479992,0.86311224230329,0.999384388874617,SEKER
31091,638.558,210.486254870828,188.32684762014,1.1176646215381,0.446621923566855,31458,198.963038490472,0.786377317449478,0.988333651217496,0.958172835629964,0.945254304669785,0.00677000594612036,0.00333398366836809,0.893505700496759,0.998639710587848,SEKER
31107,640.594,214.648548507602,184.969252585646,1.16045529463451,0.507365875296869,31423,199.014226923797,0.761046141801634,0.989943671832734,0.952581756919709,0.927163161863865,0.00690032945985154,0.00314538825697802,0.859631528717401,0.997563958934867,SEKER
31158,642.626,216.484836208562,183.64431215612,1.17882679657687,0.529514250950734,31492,199.17730225821,0.798759228876128,0.989394131843008,0.948119004016837,0.920051980298156,0.00694796958112082,0.00307105170823927,0.846495646450557,0.997871751221581,SEKER
31158,641.105,212.0669751385,187.192960068368,1.13287900923757,0.469924156725518,31474,199.17730225821,0.781313473256601,0.989959966956853,0.952623101345308,0.939218858231592,0.00680618060011876,0.00326700987845184,0.882132063657855,0.9993488982934,SEKER
31178,636.888,212.975925175588,186.56208823219,1.14158201804926,0.482352224460347,31520,199.241216935033,0.764110482072397,0.989149746192893,0.965899596025826,0.935510512612018,0.00683096815625081,0.00322742911256885,0.875179919207602,0.999089658325205,SEKER
31202,644.454,215.640694698434,184.471684245499,1.16896365737873,0.517871223251886,31573,199.317887493387,0.779192887823394,0.988249453647104,0.944079243407028,0.924305534129939,0.00691111770714807,0.00311164659191265,0.854340720423232,0.998693253193524,SEKER
31203,639.782,215.067736952165,184.874875944121,1.16331511166055,0.51094682922762,31558,199.321081459968,0.762984154929578,0.98875087141137,0.957948541785651,0.926782809382055,0.0068925339535354,0.0031366824591192,0.858926375766094,0.999202032732524,SEKER
31272,638.666,212.450318949182,187.535938994111,1.13285122888287,0.469883494214805,31593,199.541341688779,0.770322199231451,0.989839521412971,0.963425036380755,0.939237665896417,0.00679362749261901,0.00326124551720406,0.88216739303855,0.999364415284123,SEKER
31335,635.011,216.790092286783,184.163440299905,1.17716139497474,0.52758671006422,31599,199.742236730934,0.774277242401779,0.991645305231178,0.976510834463214,0.921362386186462,0.00691846472911387,0.00307546938589828,0.84890864667921,0.999302486731014,SEKER
31374,636.401,219.865394008333,182.008863698133,1.207992784203,0.560994520118261,31604,199.8664991351,0.769196822594881,0.992722440197443,0.973459862403212,0.909040279106065,0.0070078853193196,0.0029518837956689,0.826354229037234,0.998229945872614,SEKER
31530,638.857,213.785654347426,188.066482344252,1.13675574553522,0.475535641525624,31791,200.362778093886,0.768949370793093,0.991790129281872,0.970792738740304,0.937213391167368,0.00678038865675312,0.00322692069692609,0.878368940583439,0.998490939907905,SEKER
31573,674.103,217.307026058546,185.448250670846,1.17179334543439,0.521268390422128,32197,200.499356971346,0.756964756653081,0.980619312358294,0.873118506983121,0.922654736977205,0.00688268539760383,0.00307676654467165,0.851291763666475,0.997538023687478,SEKER
31637,656.711,229.719254636411,175.510445975356,1.30886371668537,0.645190802030003,32045,200.702465049103,0.761823348102485,0.987267904509284,0.921842181991718,0.87368586219194,0.00726109475096916,0.00260977519565463,0.763326985794073,0.999090995672673,SEKER
31675,657.431,236.752632109384,171.210559184609,1.38281559990762,0.690678219290455,32009,200.822963277326,0.74093567251462,0.989565434721485,0.920928960232452,0.848239622461906,0.00747443195294029,0.00238688873922109,0.719510457114316,0.994950284394336,SEKER
31682,646.721,210.045681626729,192.248415947661,1.09257431636738,0.402841973574384,32026,200.845152434156,0.773184303006638,0.989258727284082,0.951893863107529,0.956197484655159,0.00662981130063533,0.0034187812857825,0.914313629660853,0.998955588872088,SEKER
31703,656.305,215.708906739895,187.272449690278,1.15184538407356,0.496263280854626,32093,200.911705200914,0.777110501029513,0.987847817281027,0.924908560143662,0.931401990939466,0.00680405345676734,0.0031586108837337,0.867509668726,0.999237007561227,SEKER
31748,641.826,219.776518299812,184.115105311921,1.19369085946248,0.546072627557524,32020,201.054244089131,0.775589974104656,0.991505309181761,0.968482156016241,0.914812217631273,0.00692253112951405,0.00299069761657298,0.836881393527448,0.99897766990794,SEKER
31768,650.954,220.959494859984,183.292068076593,1.20550494726073,0.558465259169797,32173,201.117562279247,0.777674418604651,0.987411804929599,0.942104629800205,0.910201041175846,0.00695541094371645,0.00294477331458202,0.828465935357594,0.99871978371057,SEKER
31811,642.092,223.98468285222,180.91712284293,1.23805132058551,0.589564968712359,32052,201.253628930189,0.773877292852625,0.992480968426307,0.969600136066738,0.898515141157984,0.00704110788256328,0.00283088587217068,0.807329458890153,0.999515302726536,SEKER
31821,649.681,213.735645200693,189.969201915978,1.12510682281661,0.458286561004727,32168,201.285259154806,0.772354368932039,0.98921288236757,0.947378131655798,0.94174866792015,0.00671681107446947,0.00325898944568868,0.886890553529376,0.997846612867501,SEKER
31823,662.532,222.872688946637,181.894696257825,1.22528415358922,0.577858150317048,32274,201.291584603299,0.774847820793767,0.986025903203817,0.911039619618029,0.903168466063129,0.00700350969256943,0.00287455458764103,0.815713278090826,0.999480553517006,SEKER
31837,656.404,224.91255418413,180.439421864232,1.24647126365413,0.596968353593323,32238,201.335857178331,0.785245659037096,0.987561263105652,0.928537747530147,0.895173939528085,0.00706450212595815,0.00279827920223228,0.801336382010231,0.99884277269632,SEKER
31915,640.718,216.320361538156,188.065306942129,1.15024065339558,0.494138341379461,32184,201.582340670563,0.777655945419103,0.99164180959483,0.976946683198448,0.931869470063762,0.00677801540147754,0.00315284520289667,0.868380709236916,0.99884679438879,SEKER
31972,639.974,213.687480532895,190.644947293341,1.12086621526926,0.451705438552652,32246,201.762272797153,0.772270531400966,0.991502822055449,0.98096837706725,0.944193231601575,0.00668358190081618,0.0032766689712814,0.891500858602225,0.999253193290773,SEKER
31992,640.338,212.88736370737,191.487253659592,1.11175736054902,0.436968431674381,32258,201.825368859238,0.774212284013359,0.991753983507967,0.980466376243067,0.948038274064317,0.00665439371428389,0.00331582605174689,0.898776569090849,0.99922146617575,SEKER
31994,654.535,212.171396083836,192.422531787773,1.10263280558976,0.421302376628277,32391,201.831677380576,0.78974131121643,0.987743508999413,0.938453277390992,0.951267141122195,0.00663159955253598,0.00334971639083027,0.904909173778794,0.99778254108762,SEKER
32015,653.676,212.929989278447,191.810134583788,1.11010812718779,0.434206940282972,32375,201.897904953707,0.761880964279765,0.988880308880309,0.941538948867788,0.948189147230393,0.00665094453470082,0.00331621752056693,0.8990626589255,0.998056764524262,SEKER
32026,654.237,230.979067419152,176.931808304158,1.30546943273243,0.642831065083752,32349,201.932586918725,0.779448987538941,0.990015147299762,0.940247873362075,0.874246264715767,0.00721223591516742,0.00259887163247107,0.764306531369471,0.997778813940591,SEKER
32038,645.085,224.482321107924,181.940866806836,1.23382022438232,0.585751299809343,32308,201.970414997408,0.770514670514671,0.991642936733936,0.967478614801258,0.899716351829356,0.00700675201660292,0.00283216769253913,0.809489513749126,0.998764533489084,SEKER
32044,652.651,216.147146845467,188.970540325967,1.14381398535783,0.485443520101132,32395,201.989326380117,0.778069153069153,0.989164994597932,0.94535422940668,0.934499156375763,0.00674532351908212,0.00317320552276394,0.873288673267012,0.998879797737396,SEKER
32057,642.082,215.918285273981,189.303386911369,1.14059388369566,0.4809714696791,32301,202.030294969777,0.779804908900727,0.992446054301724,0.977128658233448,0.935679415541017,0.00673544889646508,0.00318459793704157,0.875495968667179,0.998585347061992,SEKER
32066,669.313,236.436655048021,173.230899314783,1.36486421292766,0.680580172001965,32481,202.058652973531,0.780878628482369,0.987223299775253,0.899489569384345,0.854599524479365,0.00737343775488123,0.00242605346984429,0.730340347240357,0.996815403205524,SEKER
32109,663.582,224.472352289152,182.364496199987,1.23089941828912,0.583080943792937,32567,202.194086317828,0.767625331707667,0.985936684373753,0.91632059983195,0.900752739728826,0.00699094809209731,0.00283882229412411,0.811355498128986,0.998697010672647,SEKER
32114,648.566,222.657507373999,183.829036100673,1.21122055632202,0.564236126931391,32393,202.209828494129,0.760670803922498,0.991387028061618,0.959391599713714,0.908165329249268,0.0069333470565485,0.00290925891879081,0.824764265250432,0.998971432191153,SEKER
32167,654.893,217.960517017149,188.204715944682,1.15810337654458,0.504381753098667,32521,202.376620278865,0.760593019956493,0.989114725869438,0.942496457059229,0.928501285684425,0.00677590440566883,0.00310654086442238,0.862114637517631,0.998417872677674,SEKER
32213,658.216,221.481114338168,185.295432369925,1.1952864218261,0.547784366560733,32585,202.521271610055,0.76290735126942,0.988583704158355,0.934338332357564,0.91439521701537,0.00687551964542788,0.00296497525270657,0.836118612900586,0.999401225036144,SEKER
32218,653.595,222.756071381096,184.404683949012,1.20797404171517,0.560975566460154,32566,202.536988355899,0.75443156539047,0.989314008475097,0.947743902155772,0.909232179846598,0.00691402543240103,0.00291480783016974,0.826703156868597,0.998635953701248,SEKER
32233,665.493,221.233683701027,185.592372872437,1.1920408165323,0.544289509536922,32710,202.584131277473,0.775204425204425,0.985417303576888,0.914584019736575,0.915702020996241,0.00686357719421173,0.00297678162378273,0.8385101912566,0.999538373056174,SEKER
32251,644.051,220.980962776812,186.027783501276,1.1878922525317,0.539747142543915,32514,202.640688306307,0.764060649135276,0.991911176723873,0.977040421644609,0.9170051834328,0.00685191041446192,0.00298867438291836,0.840898506442622,0.998896820968673,SEKER
32258,654.808,220.804030078904,186.277755809551,1.18534834779013,0.53691890750618,32612,202.662678443928,0.775805675805676,0.989145099963204,0.945408163831568,0.917839580969183,0.00684493862232326,0.00299651495954581,0.842429496393685,0.998572411679922,SEKER
32262,652.419,222.698656271345,184.512992892548,1.20695379105923,0.559941517597533,32563,202.675243165626,0.781313571636152,0.990756379940423,0.952462641652081,0.910087409412469,0.0069028162008352,0.00292104667882256,0.8282590927711,0.999670451999354,SEKER
32279,646.556,218.181603796504,188.553141772327,1.15713587026809,0.503143725687597,32623,202.728634545065,0.790183598531212,0.989455292278454,0.970325943687563,0.929173821337145,0.00675924296900474,0.00310789031015091,0.863363990258273,0.999029442225635,SEKER
32323,649.59,217.371457379769,189.591319048293,1.14652642573999,0.489149967062039,32615,202.866758746904,0.784843628593629,0.991047064234248,0.962593367623502,0.933272294312663,0.00672497779846453,0.00314705338997045,0.870997175331621,0.998621278262591,SEKER
32338,653.602,221.411341343968,186.136272979216,1.18951205909603,0.541530904990862,32672,202.913825053015,0.782490865535848,0.989777179236043,0.951253517768984,0.916456328846243,0.00684678524781891,0.00297929541203475,0.839892202682334,0.999061903431366,SEKER
32355,657.166,221.279621000057,186.360409938842,1.18737462035351,0.53917432775905,32720,202.967153672475,0.783793604651163,0.988844743276284,0.941458315972127,0.917242865633898,0.00683911670530234,0.00298618801014348,0.841334474556285,0.99897920231659,SEKER
32368,675.385,221.658064937458,186.17622928518,1.19058198669352,0.542701939342946,32806,203.007924929023,0.759099437148218,0.986648783759069,0.891708502338534,0.915860765031501,0.00684806181838416,0.00297211255833939,0.838800940924086,0.998661290685795,SEKER
32376,643.009,219.130013730037,188.300427392052,1.16372552502919,0.511456520670891,32608,203.033010863617,0.784302325581395,0.99288518155054,0.984008731460785,0.926541314024415,0.00676828557357417,0.00307692983967631,0.85847880659409,0.999033699930142,SEKER
32433,653.76,219.83669711196,188.00923682406,1.16928668413076,0.518261407847297,32775,203.211658510026,0.76932017647896,0.989565217391304,0.953586943724989,0.9243755077276,0.00677817954281009,0.00305271703844801,0.854470079286658,0.999120485698042,SEKER
32465,653.85,225.202449417725,183.692094560686,1.22597790588819,0.578509867521597,32767,203.311883124984,0.765034404750683,0.990783410138249,0.954265043453442,0.902796055951696,0.00693677651063377,0.0028424712305333,0.815040718641939,0.99922191345425,SEKER
32514,649.012,221.445489897254,187.134423177447,1.18334984091768,0.534673643692279,32843,203.465256389191,0.784983099951714,0.98998264470359,0.970006873650654,0.918805149220218,0.00681077350978821,0.00299412469071594,0.844202902233588,0.99898737006036,SEKER
32518,651.651,221.262785372889,187.256110603346,1.18160515381833,0.532696426660149,32811,203.477771551828,0.758915235250187,0.991070067965012,0.962284651111448,0.919620401636505,0.00680431715889321,0.00300191714379021,0.845701683106086,0.999285467350991,SEKER
32518,655.131,220.821199193386,187.665586505827,1.17667390865256,0.527019604549459,32842,203.477771551828,0.79403218323444,0.990134583764692,0.952088655357595,0.921459408313561,0.00679073741292164,0.0030199623917195,0.849087441169578,0.999099038188805,SEKER
32525,663.914,225.077855560317,184.214734173858,1.22182330620684,0.574579253881493,33000,203.499671234406,0.769057977868155,0.985606060606061,0.927264249095811,0.904130131895053,0.00692014928701975,0.0028524562955169,0.817451295400567,0.998781044409387,SEKER
32578,657.571,227.037573996575,182.842305722646,1.24171248606419,0.59281399771747,32901,203.66540670517,0.781922043010753,0.990182669219781,0.946779790962294,0.897055950343453,0.00696904579767251,0.00278375625875933,0.804709378046596,0.999217682373403,SEKER
32581,649.583,224.424177897585,184.92347131983,1.21360569480895,0.566603091116333,32851,203.674783925297,0.772061611374408,0.991781072113482,0.970297634580016,0.90754385660819,0.00688819182645054,0.00288240817574908,0.823635851667267,0.999569160032213,SEKER
32615,664.789,218.146746288941,191.00227698353,1.14211594612431,0.48309517204947,33016,203.78102892943,0.808562857922007,0.987854373637024,0.927383996993245,0.934146543077554,0.00668854043504342,0.00314174667092942,0.872629763943744,0.996644368462838,SEKER
32622,657.009,235.270869763519,177.158189532593,1.32802706092361,0.658024287867092,32902,203.802896025426,0.779311992355471,0.991489879034709,0.94968113253043,0.866247896436466,0.00721203083083559,0.00250499065095953,0.750385418080603,0.99653214133352,SEKER
32698,653.049,225.014190639487,185.143724263941,1.21534873263491,0.568317851857586,32994,204.040159365137,0.767684830840749,0.991028671879736,0.963472927514416,0.906787962062559,0.00688158880174589,0.002870063235328,0.822264408141568,0.999338006325646,SEKER
32705,654.454,223.875867501602,186.149929796842,1.20266425964239,0.555543832848451,33021,204.061998692955,0.779469946136613,0.990430332212834,0.959545923206473,0.911496182997459,0.00684531012082561,0.00291468957964839,0.830825291618938,0.999203884237062,SEKER
32713,660.043,215.416320785902,193.486462096994,1.11334053272376,0.439591560128493,33020,204.086955063084,0.799516081728419,0.990702604482132,0.943595320689673,0.947407115294304,0.00658503716522185,0.00327253696973076,0.897580242110275,0.999312464913372,SEKER
32729,656.679,214.265720692008,194.793825044591,1.09996156522395,0.416528465712701,33066,204.13685865036,0.769153036285016,0.989808262263352,0.953753937226312,0.952727566458439,0.00654666261395117,0.00332716736971274,0.90768981588982,0.998423910624001,SEKER
32774,660.614,222.870051301159,187.479247653151,1.18877184590309,0.540717402508646,33120,204.277147128968,0.790153816481026,0.989553140096618,0.943721321119155,0.916575133968688,0.00680020904684077,0.00296056302098385,0.840109976209718,0.998699087180431,SEKER
32775,649.807,220.02509946298,189.809403781021,1.15918966647626,0.505764487610189,33062,204.280263556456,0.772630834512023,0.991319339422902,0.975402340828814,0.928440728148955,0.00671319906828315,0.00307698955771222,0.862002185685762,0.999224026126888,SEKER
32795,651.03,225.210252085729,185.600231202765,1.2134157949388,0.566415511021873,33091,204.342582125189,0.775992617481425,0.991054969629204,0.972334053139782,0.907341385361995,0.00686721305338401,0.00287106592696996,0.823268389590625,0.998966867403093,SEKER
32796,654.824,223.145368688528,187.419262114213,1.19062131699432,0.542744878080534,33111,204.345697554743,0.800820452714087,0.990486545256863,0.961128742472966,0.915751461729746,0.0068040422212626,0.00295159825464349,0.838600739660167,0.998455917086599,SEKER
32799,653.729,219.905549413948,190.112339602128,1.15671370871649,0.502601593364647,33087,204.355043558432,0.746177996177996,0.991295675038535,0.964439445502009,0.929285523275979,0.00670464189194633,0.00308426748512245,0.86357158377031,0.998905089405132,SEKER
32829,658.101,221.599499993417,189.002627541416,1.17246782690817,0.52207126255298,33154,204.448480097336,0.789785166117353,0.990197261265609,0.952538233225274,0.922603526196624,0.00675011422807327,0.00301683338571389,0.851197266550445,0.998001409382572,SEKER
32836,669.19,218.406003761023,191.758772774643,1.13896225242167,0.478674896169862,33225,204.470275812705,0.802914710485133,0.98829194883371,0.921427619698948,0.93619347587365,0.00665141928861685,0.00315178460198459,0.876458224268386,0.998252833266218,SEKER
32849,664.105,230.72230757754,181.743685501681,1.26949284064896,0.616038377882255,33245,204.510747407087,0.746568181818182,0.98808843435103,0.935962647337584,0.886393472544288,0.007023723936118,0.00267456645410917,0.785693388169121,0.997432131225923,SEKER
32870,655.512,220.358162919771,190.020659766901,1.15965370918134,0.50635283368871,33198,204.576107684756,0.781242572610163,0.990119886740165,0.961276389025118,0.928379983632551,0.00670392950775086,0.00307193678753494,0.861889394009576,0.999493232667258,SEKER
32885,659.728,227.067403663747,184.559693246439,1.23031957666156,0.582547094512749,33225,204.622780815372,0.785669915902141,0.989766741911211,0.949462631936475,0.901154359955551,0.00690489291968212,0.00280888179712709,0.812079180466898,0.999116913527703,SEKER
32920,671.612,219.093133833251,191.462212480656,1.14431527242164,0.486132629246483,33376,204.731643408345,0.777974713458584,0.98633748801534,0.917134004436038,0.934450294385598,0.00665531998278405,0.00313021035884333,0.873197352677331,0.999213066506813,SEKER
32925,656.646,225.128170216913,186.461528278006,1.20737061578331,0.560364526908099,33252,204.747190482324,0.768683024770621,0.990166005052328,0.959562001189692,0.909469438165153,0.00683760577727905,0.00288560086194828,0.827134658956439,0.998658082519951,SEKER
32934,668.197,221.408730830372,189.601811051501,1.1677564133089,0.516407504501626,33401,204.775172240943,0.776708645818593,0.986018382683153,0.926926508208133,0.924873971649417,0.00672280108187199,0.00303431213397512,0.855391863434566,0.998889334417966,SEKER
32947,668.231,209.693292722529,200.249599312651,1.04715961201567,0.296720861081351,33336,204.815583587747,0.765319396051103,0.988330933525318,0.927198032842191,0.976738840468128,0.00636456407935561,0.00357324058471055,0.954018762479024,0.999009917173207,SEKER
32951,688.26,226.649046227471,185.521575459696,1.22168564850674,0.57444786808749,33524,204.828016244283,0.770801656179092,0.982907767569503,0.874124721476479,0.903723265787372,0.00687836624768508,0.00283013343216938,0.816715741125394,0.997769899842441,SEKER
32988,676.797,224.751709935168,187.177294457018,1.20074237950254,0.553546740934802,33461,204.942982562769,0.766699205131781,0.985864140342488,0.905000876844604,0.911863952545177,0.00681313538059803,0.00290567456750344,0.831495867951313,0.998412327030391,SEKER
33006,669.769,223.527749139746,188.24294120801,1.18744292723702,0.539249994326433,33458,204.998888810473,0.757018348623853,0.986490525434874,0.924597413774908,0.917107113543703,0.00677233682178227,0.00295527949567766,0.841085457712463,0.998740977962579,SEKER
33010,665.85,224.971259206432,186.890091494319,1.20376236860728,0.556677424230566,33374,205.011310350692,0.791587731709072,0.989093306166477,0.935626642704888,0.911277783099284,0.0068152456590861,0.00289910808350292,0.830427197970345,0.999637010784689,SEKER
33013,652.684,223.781853880398,188.029142329705,1.19014452285274,0.54222382295702,33289,205.020626011975,0.789784688995215,0.991708972934002,0.973842946411521,0.916162872265549,0.00677859794264071,0.00294584837625757,0.83935440851786,0.998953052029837,SEKER
33019,655.703,224.450211414497,187.502627162863,1.19705102168804,0.549663318002298,33340,205.039256064809,0.764328703703704,0.990371925614877,0.965071385531109,0.913517767582578,0.00679760778383649,0.00292014125430404,0.834514711689057,0.998956688241087,SEKER
33051,663.071,218.951371381023,192.47394174679,1.13756371067137,0.476689675487118,33423,205.138587771881,0.777926846490609,0.988869939861772,0.944657550199048,0.936913920556798,0.0066246519433912,0.00314877475648553,0.87780769453311,0.998562178248962,SEKER
33058,655.511,224.44587881024,187.878161189724,1.1946352752707,0.547087283438198,33320,205.16031017196,0.799274661508704,0.992136854741897,0.966777360039696,0.91407474826221,0.00678945728145199,0.00292375965485616,0.835532645410622,0.998156771847777,SEKER
33062,667.966,222.039143557775,189.781341162754,1.16997351898444,0.519088990364949,33439,205.172721939428,0.778662270372115,0.988725739406083,0.931172778173704,0.924038521550332,0.00671584125454525,0.00302023329562523,0.853847189308923,0.998978600750738,SEKER
33078,659.456,235.560077511721,178.931232760117,1.31648384621328,0.650391530940832,33333,205.222361502712,0.787721470756335,0.992349923499235,0.955822960677117,0.87121028176984,0.00712135188075824,0.00253066219440679,0.759007355061484,0.999220922095507,SEKER
33078,652.214,221.386902518904,190.354812125572,1.16302235833608,0.510582618449458,33327,205.222361502712,0.77241733607323,0.992528580430282,0.977167182774258,0.926985106922432,0.00669287449419262,0.00304848084787033,0.859301388455993,0.999386727323554,SEKER
33089,663.915,217.335822126728,194.207048851102,1.11909337695234,0.448903019458828,33466,205.256481738682,0.774410222804718,0.988734835355286,0.943340639820542,0.944420849403268,0.00656821971430771,0.00322321814617302,0.891930740787591,0.998153784715584,SEKER
33090,653.809,228.406675036144,184.688554788127,1.23671266634887,0.588365282366854,33352,205.259583297069,0.769355963729365,0.992144399136484,0.972758069244267,0.898658426968423,0.00690258915189315,0.00277696490977925,0.80758696836136,0.998753032950781,SEKER
33143,648.385,222.526309539847,189.737379264391,1.17281218072358,0.522480156774231,33377,205.423898880236,0.769979555803364,0.992989184168739,0.990685399616032,0.923144320799745,0.00671412695108612,0.00300779144937524,0.852195437024823,0.999465188899767,SEKER
33159,653.801,222.44402868829,189.980420019631,1.17087870773896,0.520175444011767,33415,205.473477762638,0.788111422731378,0.992338770013467,0.974810341281187,0.923708669431479,0.00670840582310353,0.00301258402471866,0.853237705982873,0.99903786257538,SEKER
33168,680.621,234.31554800769,180.582753928228,1.29755219095184,0.63722005194865,33542,205.501360627554,0.761240274494503,0.988849800250432,0.899742964189992,0.877028273944543,0.00706450639193468,0.002578196195846,0.769178593298145,0.998049368967265,SEKER
33171,654.338,222.253649008938,190.361453229385,1.16753494595948,0.516138042666578,33429,205.510654075184,0.790237278444826,0.992282150228843,0.973563187362105,0.924667176406717,0.00670023963730181,0.00302142531890551,0.85500938712397,0.998253338590635,SEKER
33194,664.658,232.308544254803,182.085601664036,1.27582050492621,0.621001572333122,33520,205.581889883178,0.7736988089411,0.99027446300716,0.944219534016819,0.884951909722653,0.00699851009986152,0.0026476711280204,0.783139882521771,0.999145920346777,SEKER
33236,660.788,210.858002487167,200.927367309907,1.04942400485417,0.303273094043191,33611,205.711909010679,0.768284789644013,0.988842938323763,0.956520581600019,0.975594507129028,0.00634426532937679,0.00354518159721961,0.95178464234033,0.998825651123482,SEKER
33248,660.068,230.96983467744,183.429248655006,1.25917669276315,0.607696024139773,33511,205.749042241646,0.787661983843074,0.992151830742144,0.958954568388314,0.890804821023422,0.00694687905069297,0.00269835903743175,0.79353322915857,0.999198547089552,SEKER
33251,658.962,217.452162976616,194.983482547544,1.11523376306295,0.442693502941374,33565,205.758324502288,0.757943925233645,0.99064501713094,0.962263101295507,0.94622339776135,0.00653971799274054,0.00323380266942387,0.895338718471033,0.998511968216407,SEKER
33276,704.493,234.788138398934,180.705496041287,1.29928609556673,0.638461899955089,33857,205.835660395878,0.759656652360515,0.982839590040464,0.842534348413973,0.876686794313852,0.00705578009372923,0.00257100344448637,0.768579735324297,0.998604963441218,SEKER
33316,670.587,229.218082946795,185.279361525868,1.23714849327561,0.588756561495935,33699,205.95933742464,0.782616866337797,0.988634677586872,0.931005952172734,0.898530058260921,0.00688012015088229,0.00276634426069941,0.807356265598374,0.998819587521652,SEKER
33319,668.601,225.017237808188,188.836510273636,1.19159815801576,0.54380889242355,33732,205.968610208038,0.79603879969419,0.987756433060595,0.936629385098983,0.915345918447426,0.00675342110532092,0.00292445262832313,0.837858150418362,0.998390228717008,SEKER
33325,674.433,223.825484177477,189.735706376687,1.17966980729031,0.530484184982245,33701,205.987154522556,0.798969072164949,0.988843061036764,0.920666620585032,0.920302508356125,0.00671644363623336,0.00297195042159907,0.846956706886575,0.99912925519612,SEKER
33330,653.776,224.360166693822,189.431387512528,1.18438749586303,0.53584201133043,33580,206.002606842785,0.790184921763869,0.992555092316855,0.979912348116995,0.918178168069874,0.00673147814862952,0.00295119598678292,0.843051148320149,0.99849923844335,SEKER
33333,679.262,220.531291441488,192.716705596529,1.14432887776316,0.48615130600508,33834,206.011877678587,0.77224075618571,0.985192410001773,0.907840654729255,0.93416166173972,0.00661600490329369,0.00310787641089705,0.872658010264314,0.998607761556791,SEKER
33338,659.103,232.26379452556,182.918509157086,1.26976649654463,0.616255392693031,33639,206.027328144547,0.776747437092265,0.991052052676952,0.964368085376664,0.887040223231496,0.00696693846438179,0.00266069437568774,0.786840357630582,0.99910352424851,SEKER
33344,661.508,225.318056087632,188.668525973394,1.19425354560414,0.54667767952588,33692,206.045867174397,0.76335248735148,0.989671138549211,0.957540958506441,0.914466735387866,0.00675737932124617,0.00291494060557489,0.836249410130941,0.998693823058246,SEKER
33382,659.434,222.870104411361,190.920248987046,1.16734660463638,0.51590865413751,33730,206.163242316251,0.781688326893806,0.989682774977765,0.964671717961635,0.925037670982224,0.00667635565308734,0.00301548313031485,0.855694692736218,0.998892294170996,SEKER
33399,664.701,221.559942483789,192.089887926348,1.15341804233204,0.498328414857876,33752,206.215730618713,0.761491108071135,0.98954136051197,0.949927944078231,0.930744647732527,0.00663372982675497,0.00307085798554993,0.866285599282746,0.99918944002514,SEKER
33421,654.804,219.544082329979,194.025390342122,1.1315224360217,0.467930880223371,33691,206.283636831897,0.763385107354957,0.991985990323825,0.979504999423077,0.939600077773211,0.00656904587923698,0.00315830620826164,0.882848306151425,0.998962666014093,SEKER
33423,659.036,224.16805278239,189.981079737973,1.17994935649155,0.530804973473392,33707,206.289809015577,0.772982723929786,0.991574450410894,0.967023472039447,0.920246245863731,0.00670699975413309,0.00296704594075162,0.84685315302629,0.999243832956209,SEKER
33427,665.61,228.223182029707,186.625865588569,1.2228914856467,0.575596241467215,33789,206.302152828957,0.754491693752257,0.989286454171476,0.948129346799019,0.903949156234722,0.00682751015734905,0.002812018234437,0.817124077057467,0.999254076550493,SEKER
33429,658.605,229.446090532674,185.698093366419,1.23558667928771,0.587351259444396,33713,206.308324458689,0.791743640756004,0.991575949930294,0.968463377126054,0.899158159460163,0.00686368394306363,0.00276746029300812,0.808485395723788,0.998953785354969,SEKER
33431,666.841,219.907407658935,193.680468452029,1.13541344368135,0.47360670860756,33788,206.314495903805,0.788708802227098,0.989434118621996,0.944745089733718,0.938188022405269,0.00657794883966781,0.00314361817239784,0.88019676538471,0.999387240502637,SEKER
33433,657.349,225.002512531217,189.566015425456,1.18693486290899,0.538686621315429,33708,206.320667164321,0.77680708194893,0.991841699299869,0.972284134638382,0.916970503321362,0.00672995281701365,0.00293503473300172,0.840834903961431,0.998016261462557,SEKER
33446,656.077,224.233933786844,190.256598567,1.17858689514981,0.529237524121514,33713,206.360775859203,0.7678145087236,0.992080206448551,0.976437439959996,0.92029235885131,0.00670435728597871,0.0029664714823037,0.846938025760108,0.998190058164914,SEKER
33447,664.412,226.118615379206,188.74064076551,1.19803882439996,0.550708724916241,33791,206.363860820535,0.770224525043178,0.989819774496168,0.952120900848396,0.912635434612305,0.00676050513885271,0.00289299856283538,0.83290343650999,0.997850653915112,SEKER
33459,655.414,219.129947440109,194.543100160034,1.12638252017085,0.46023357712343,33765,206.400876759993,0.786308516638466,0.990937361172812,0.978794213322714,0.94191085778636,0.00654920790938489,0.00317985819552085,0.887196064015837,0.999322138471814,SEKER
33468,659.987,224.459938905073,189.954346396386,1.18165202936016,0.532749760371282,33748,206.428634358697,0.792329545454546,0.991703212042195,0.965536869079133,0.919668050190454,0.00670670308668198,0.00295946521141082,0.845789322541111,0.99942866939186,SEKER
33498,657.523,227.938076908781,187.316054338338,1.21686353961455,0.569797937147565,33745,206.52113274321,0.781494960806271,0.992680397095866,0.973658914278652,0.90604051566978,0.00680452793924357,0.00282857851752301,0.82090941603516,0.998934737699456,SEKER
33534,657.067,218.844751825534,195.192853572502,1.12117194774371,0.452185632267984,33793,206.632076147797,0.783504672897196,0.992335690823543,0.976058643827526,0.944194797563739,0.0065260556994553,0.00319946196428444,0.891503815746431,0.999529069521371,SEKER
33538,658.284,227.518681443713,187.944051910939,1.21056601222755,0.563582376270599,33800,206.644399515999,0.760516111476451,0.992248520710059,0.972569006638046,0.908252448567051,0.00678390725277932,0.00284764583042445,0.824922510328044,0.99862315372456,SEKER
33539,662.418,223.683536249734,191.200602121603,1.16988928783536,0.518987647749282,33915,206.647480243221,0.764264880138547,0.98891346012089,0.960496359999724,0.9238385788595,0.00666935615998491,0.0029967329954702,0.85347771978914,0.998474441787465,SEKER
33547,653.512,213.754070948645,199.925701390225,1.06916754305355,0.353836994080826,33832,206.672124407794,0.783570410856516,0.991576022700402,0.987089243664287,0.96686871735625,0.00637177902490969,0.00343487158115992,0.93483511660212,0.999495364777669,SEKER
33560,669.259,227.936176758361,187.856592075965,1.21335202688116,0.566352488247581,33897,206.71216490887,0.739858906525573,0.990058117237514,0.941549974297553,0.906886163700156,0.0067919003801657,0.00283388468259818,0.822442513910786,0.997912291246892,SEKER
33576,666.339,224.588725300139,190.463017786809,1.17917235539935,0.529912303306771,33927,206.761434880946,0.761792399319342,0.989654257670882,0.950272923156273,0.920622505001672,0.00668896608589883,0.0029639106381945,0.847545796715554,0.999402573421896,SEKER
33583,657.754,221.711051228351,192.95040907747,1.14905717115807,0.49255959615,33868,206.782986802205,0.775302428663773,0.991584976969411,0.975444036138192,0.932668830248021,0.00660188342996013,0.0030814666088826,0.869871146916211,0.99953167934757,SEKER
33584,658.848,223.73518256806,191.354482397849,1.16921840431669,0.518178983972781,33884,206.786065464735,0.748056576456176,0.991146263723291,0.972236275997983,0.924244739210074,0.00666195755621904,0.00299867620305887,0.854228337957497,0.998779494228766,SEKER
33607,690.171,214.76529721499,199.524143201535,1.07638751766527,0.36999576273767,34162,206.856862056627,0.770802752293578,0.983753878578538,0.886596874986831,0.963176382493279,0.00639049296917278,0.00339263723232375,0.927708743792839,0.998574111847539,SEKER
33620,670.224,222.77608329063,192.226031831046,1.15892775379369,0.50543180142783,34012,206.896866805653,0.783244804771224,0.988474656003763,0.94051910592211,0.928721179354514,0.00662629635010796,0.00304082912691498,0.86252302898164,0.999601876573026,SEKER
33623,659.408,217.371862005668,197.083782733568,1.10294139370933,0.421848171005096,33918,206.906097572378,0.793238492934154,0.991302553216581,0.971712749833543,0.95185317760669,0.00646497522546078,0.00327360657224089,0.906024471719954,0.999291893573564,SEKER
33631,669.076,224.889400261303,190.753366029564,1.1789537712611,0.529660589693102,34009,206.930710937232,0.762884493240178,0.988885295068952,0.94405814021881,0.920144349608275,0.00668696738905484,0.00295687402527575,0.846665624116036,0.998179630548735,SEKER
33639,663.03,224.662906420846,190.853100482343,1.17715093887946,0.527574560003757,33919,206.955321374799,0.786251869857891,0.991745039653292,0.961582569463249,0.92118153669357,0.00667864402689872,0.00296653145716944,0.848575423545126,0.998901356536181,SEKER
33717,664.363,231.622525487449,185.65312622547,1.2476090771892,0.597950376397927,33985,207.195119946961,0.766225797654759,0.992114168015301,0.95994845705087,0.894537867208379,0.00686960659274101,0.00271335456250541,0.800197995869716,0.998334283195662,SEKER
33731,671.696,231.172012619896,186.126456220104,1.24201587090082,0.593081147784727,34073,207.238131345228,0.803214668412906,0.989962727085962,0.939493017174541,0.896467219351412,0.00685339932465375,0.00273038226561925,0.803653475371653,0.998150371116193,SEKER
33736,655.729,221.390268047897,194.135951562853,1.14038778632005,0.480682529309785,33988,207.253490395664,0.7868638335588,0.992585618453572,0.985949497491812,0.936145442268604,0.00656243384064197,0.00310898058334933,0.87636828908028,0.999399693185347,SEKER
33794,665.826,218.999893955056,196.577721811977,1.11406263098585,0.440779116703251,34127,207.431572270906,0.777731749976986,0.990242330119846,0.957917183150397,0.947176587736045,0.00648043717686738,0.00321742095547696,0.897143488355298,0.99947403500893,SEKER
33809,669.341,230.247497134597,187.16429975073,1.23018918373454,0.582426872760963,34143,207.477603051392,0.784067717996289,0.990217614152242,0.948303455379827,0.901106876875653,0.00681024274999546,0.00276979464644464,0.811993603552594,0.998905748352031,SEKER
33824,656.339,220.753864836952,195.281545449933,1.13043894817777,0.466327554951368,34079,207.523623621799,0.788438228438228,0.992517386073535,0.986684731174649,0.940067906738917,0.00652654519976798,0.0031441265542918,0.883727669280488,0.99900017693703,SEKER
33838,661.029,222.973513667261,193.483638341044,1.15241534415554,0.497013691962908,34146,207.566566948409,0.782128328402367,0.990979909799098,0.973135967242513,0.930902345908928,0.0065894412692021,0.00305242395541156,0.866579177618745,0.998659141213532,SEKER
33845,670.945,226.381604770418,190.521424480256,1.18822124801968,0.540110506534591,34159,207.588035280364,0.763926507764536,0.990807693433649,0.944779673047757,0.916982788821941,0.00668877544010689,0.00291723298716973,0.840857434995664,0.999124670817176,SEKER
33849,669.571,221.610480978111,194.671348914688,1.13838262391261,0.47785400559852,34239,207.600301901853,0.786271777003484,0.988609480417068,0.948773259318592,0.93678016033167,0.00654703184667525,0.00311010430130785,0.87755706879103,0.998995718603394,SEKER
33858,664.46,234.33500135413,184.139291588422,1.27259640966743,0.618486935361369,34142,207.627899150483,0.781254326457151,0.991681799543085,0.963681409327046,0.886030247085084,0.00692111174180784,0.00263117549436034,0.785049598749655,0.999051300779665,SEKER
33860,683.315,225.535015385215,191.521161344873,1.17759841158802,0.528093987489809,34319,207.634031374273,0.77518315018315,0.986625484425537,0.911286442202472,0.920628803556879,0.00666080966878959,0.00295151517575358,0.84755739393857,0.998082240831742,SEKER
33864,662.898,221.216425831431,195.063517829697,1.13407380474173,0.471666862437303,34167,207.646295278562,0.771600437477215,0.991131793836158,0.968399824424562,0.938656767905606,0.00653249544742001,0.00312813971318773,0.881076527934999,0.99920581030388,SEKER
33866,668.421,230.931158562343,186.860875068174,1.23584543034003,0.587584681491416,34171,207.652426959092,0.799933862433862,0.991074302771356,0.952518888353428,0.899196229091943,0.00681896765376314,0.0027498962000582,0.808553858413169,0.999247591103715,SEKER
33876,666.966,228.149173221578,189.164786775113,1.20608691031281,0.559059341899092,34211,207.683082646248,0.788272251308901,0.990207827891614,0.95696178998521,0.910295135913322,0.00673483212957781,0.00285256419246987,0.828637234467454,0.999408521889002,SEKER
33930,666.214,224.150968781285,192.860562160267,1.16224367631479,0.509611259891621,34251,207.848545226721,0.762729009778577,0.990628010860997,0.960652271511344,0.927270340863564,0.00660627671032377,0.00301274239580449,0.859830285045229,0.999332311497759,SEKER
33946,667.313,231.542539694339,187.028992099329,1.23800346189841,0.589522187399557,34246,207.897545886381,0.791226720742139,0.991239852829528,0.957942187668104,0.897880562944624,0.00682090790356268,0.0027346152359717,0.806189505313755,0.998065398524593,SEKER
33946,668.564,234.754844967483,184.293738484972,1.27380803546196,0.619435382533387,34280,207.897545886381,0.761530868628859,0.990256709451575,0.954360587455317,0.885594271399075,0.00691553776490552,0.00262388571017594,0.784277213534859,0.999018616630421,SEKER
33961,690.353,238.192498892404,181.654297214681,1.31124065075601,0.646827292438467,34379,207.943473518047,0.770405154031124,0.987841414817185,0.895463526043605,0.873005969898237,0.00701370686647636,0.00251302163685168,0.762139423477961,0.999348193608049,SEKER
33961,667.497,233.11383397158,185.73329780606,1.25509984868192,0.604309902971466,34279,207.943473518047,0.771192406385539,0.990723183290061,0.957837194660822,0.892025453724888,0.00686416283300199,0.0026808735399263,0.795709410093093,0.998694760202621,SEKER
33969,666.389,222.361832581153,194.769037195583,1.14166931142069,0.482473840558548,34260,207.967964107717,0.764705882352941,0.991506129597198,0.961251403316644,0.935268259366488,0.00654602233157151,0.00308959837673042,0.874726716978421,0.998648648654037,SEKER
33972,672.812,232.988269251825,185.915624727797,1.25319359033404,0.602708674654198,34349,207.977147335333,0.785661424606846,0.989024425747474,0.943069114436136,0.892650724447167,0.0068582441202115,0.00268608004013074,0.796825315856052,0.998576378446705,SEKER
33993,669.092,219.750574680408,197.092321362035,1.11496263863447,0.442251583619533,34299,208.041418578567,0.778228021978022,0.991078457097875,0.954174231415584,0.946716152533979,0.00646458314007025,0.00320331343930102,0.89627147346874,0.999309206991512,SEKER
33996,663.743,223.096358068568,194.380876450562,1.14772791512394,0.49077447889987,34285,208.050598563947,0.764693973952359,0.991570657722036,0.969700850948088,0.932559367464004,0.00656242964079798,0.00306161360023297,0.869666973844864,0.998141062743115,SEKER
34004,659.963,229.059750534421,189.1650396806,1.21089896378941,0.563915151416015,34277,208.07507654492,0.781970794526848,0.992035475683403,0.981071580724483,0.908387772445657,0.0067362589852494,0.00282933034392033,0.825168345128783,0.999195494068266,SEKER
34027,670.16,231.657705340033,187.412365714149,1.23608548698099,0.587801025225957,34334,208.145434705408,0.77850736707239,0.99105842604998,0.952086747878445,0.898504258254166,0.00680805552473132,0.0027370542821872,0.807309902100869,0.997904053482928,SEKER
34036,666.067,226.9280102067,191.110470591538,1.18741798659329,0.539222369212265,34369,208.172959686425,0.753842746400886,0.990311036108121,0.964078825789416,0.917352421575496,0.00666729375386943,0.00291255543259611,0.841535465370427,0.999254347936998,SEKER
34051,677.272,227.620945797896,190.664003626731,1.19383282354396,0.546225424350395,34502,208.218826569014,0.757901531339031,0.986928294011941,0.932853600767972,0.914761274886763,0.00668470663997814,0.00288730857039714,0.836788190032456,0.998985207614686,SEKER
34053,671.582,232.436144132938,186.791440323572,1.2443618601061,0.595136326097011,34362,208.224941389994,0.743986366913548,0.991007508294046,0.948783552484217,0.895837186452823,0.00682571709197246,0.00271171717236516,0.80252426463171,0.998630586717396,SEKER
34060,662.146,220.43837742334,196.882203013011,1.11964603224585,0.449779933921597,34367,208.246341849454,0.789083495505514,0.991067011959147,0.976218397502057,0.944691864835896,0.00647206040585261,0.00317967715520119,0.892442719487124,0.999219949880452,SEKER
34082,668.346,230.626946957561,188.391282903796,1.22419118020091,0.576827653379046,34364,208.313586123574,0.801740766878382,0.991793737632406,0.958809282221966,0.903249116686731,0.00676682550782116,0.00277840097423797,0.815858966795359,0.998767351438704,SEKER
34097,680.595,227.819142013653,190.810171228547,1.19395701259959,0.546359010060335,34502,208.35942204958,0.762250737726907,0.988261550055069,0.925014467241924,0.914582594807124,0.00668150107087583,0.00288366983043577,0.836461322724132,0.998698862034808,SEKER
34104,667.289,229.478735980193,189.544041710421,1.21068820686425,0.563704560873975,34421,208.380808698037,0.7984267453294,0.990790505795881,0.962470112304693,0.908061515189902,0.00672879239913772,0.00282213621957911,0.824575715368981,0.998304094263877,SEKER
34113,673.914,221.24236619821,196.510381834822,1.12585586640495,0.459431580717025,34492,208.408302592653,0.774661640475974,0.989011944798794,0.943888774499387,0.941990931365921,0.00648557342356903,0.00315003246953528,0.887346914775636,0.999024729536483,SEKER
34130,666.585,235.541347782227,184.778034452147,1.27472590819893,0.6201511211669,34392,208.460225611053,0.795515465118989,0.992381949290533,0.965239484592277,0.885026037143117,0.00690129937832485,0.00261176934966996,0.783271086421249,0.998455947004291,SEKER
34131,668.091,224.338018557635,193.804212679785,1.15754975320531,0.503674085490244,34473,208.463279503504,0.770625423346128,0.990079192411453,0.960920888529893,0.929237410777734,0.0065728522034993,0.00302301549839957,0.863482165588907,0.999523567674628,SEKER
34151,674.271,231.51360089504,188.035623022045,1.23122202683849,0.583377425712423,34580,208.524347960257,0.750455973806228,0.987593984962406,0.943939861986964,0.900700205750742,0.00677911630391613,0.00275216137418773,0.81126086063943,0.998842241131214,SEKER
34151,662.129,226.524818514271,192.236336380151,1.17836629005618,0.528982778594503,34389,208.524347960257,0.778210737398596,0.993079182296665,0.978876877507323,0.9205364309656,0.00663303617798223,0.00293802882066777,0.847387320734886,0.998532653375016,SEKER
34179,677.064,225.060501742526,193.592892794246,1.16254526958139,0.509987930350184,34576,208.609813766043,0.778015524344996,0.98851804720037,0.936935664759438,0.926905486084345,0.00658475969871928,0.00299820624129148,0.859153780133256,0.998805162936882,SEKER
34191,661.403,223.980914906336,194.474673021449,1.15172279981997,0.496101592003775,34445,208.646431251627,0.771980130955069,0.9926259253883,0.982176064204513,0.931536650517204,0.00655087347273656,0.00304283750159204,0.867760531256812,0.999419588632356,SEKER
34207,668.737,228.032468677892,191.415453546416,1.19129602366508,0.543480297567656,34515,208.695244571494,0.757730816941343,0.991076343618717,0.961200850682326,0.915199689682295,0.00666625160575004,0.00288486118752226,0.837590471994568,0.997818198746882,SEKER
34207,661.138,226.873517660477,192.194708068254,1.18043581917931,0.531362195205578,34421,208.695244571494,0.774299425053194,0.993782865111415,0.983423568596852,0.919874856808156,0.00663237108371027,0.00292929812233685,0.846169752187825,0.998849084588585,SEKER
34220,677.527,233.183019314855,186.959104240898,1.24724078167596,0.59763297902688,34577,208.73489698859,0.773752995975218,0.989675217630217,0.936777940865714,0.895154791296126,0.00681423200803201,0.00269891521181276,0.801302100380411,0.999416658037052,SEKER
34222,671.994,223.298263790904,195.238368109852,1.14372121603303,0.485315785234181,34576,208.740996691897,0.784332599926659,0.989761684405368,0.952323409745014,0.934807970058208,0.0065249916366929,0.00307361415791763,0.873865940884347,0.999459016558095,SEKER
34239,666.439,232.686293389298,187.724346125707,1.23951047475474,0.590865460403177,34510,208.792836975283,0.769554077137463,0.99214720370907,0.968746458650215,0.897314723329923,0.00679594302956564,0.00271774476254228,0.805173712704656,0.998021250894587,SEKER
34246,684.324,229.908504189669,189.991144417768,1.2101011596842,0.563116981029543,34732,208.814179233596,0.779558388345095,0.986007140389266,0.918959080399892,0.908249044416946,0.00671344110814895,0.0028180243711208,0.824916326684295,0.998232203563095,SEKER
34253,672.539,228.004279943417,191.368532321015,1.19144081410912,0.543637824535247,34556,208.835519310805,0.792893518518519,0.991231624030559,0.951641846482255,0.915928066625026,0.00665647621940901,0.00288981217510098,0.838924223231457,0.999528559502745,SEKER
34254,668.704,223.968828567707,194.929186063963,1.14897534376517,0.492450072048987,34575,208.838567715253,0.775363303001494,0.990715835140998,0.962616530563087,0.932444791763153,0.00653847225339251,0.00304893775284001,0.86945328968623,0.998980392404997,SEKER
34259,676.402,227.544924058459,191.86803821079,1.18594491391252,0.537585123069977,34623,208.853809070081,0.770124761155446,0.989486757357826,0.940967838637026,0.917857473350733,0.00664190210042496,0.00290785821038981,0.842462341385791,0.999113928929309,SEKER
34276,689.626,229.558977214963,190.411506578501,1.20559403861616,0.55855630265462,34738,208.905621358886,0.763113367174281,0.986700443318556,0.905675761120146,0.910030284562838,0.00669736775630069,0.00283339609376959,0.82815511882152,0.998418874300681,SEKER
34291,671.507,230.658067029187,189.623931207576,1.21639745342424,0.569343532771492,34619,208.951327415055,0.782042510490786,0.990525434010226,0.9556281312608,0.905892129012831,0.00672648995448331,0.00279430755930373,0.8206405494074,0.998225074475827,SEKER
34313,671.844,220.933975426092,198.103851952546,1.11524320828963,0.442708884432823,34600,209.018344885079,0.796975890741859,0.991705202312139,0.955282162171399,0.946067007041207,0.0064387834181241,0.00318178748036141,0.895042781811907,0.998190383544391,SEKER
34321,669.531,227.995845081106,191.827326713576,1.18854726793714,0.540470045800425,34652,209.042709547249,0.787467878120411,0.990447881796145,0.962118171113308,0.916870697678222,0.00664304201745595,0.0028958704902587,0.840651876260949,0.999154490816179,SEKER
34327,677.311,231.158128342748,189.304371787069,1.22109239295729,0.573880789017942,34714,209.06098118043,0.793596116055947,0.988851760096791,0.940306538949109,0.904406791486242,0.0067340032144594,0.00277912666940715,0.817951644486438,0.998794530889295,SEKER
34333,665.686,229.214864249517,190.871870066735,1.20088342074385,0.553693873253172,34592,209.079251216835,0.77905604719764,0.992512719703978,0.973604944200828,0.91215398225325,0.00667622591237343,0.00285090943188928,0.832024887340462,0.999164892853433,SEKER
34337,667.785,229.806760463036,190.6295846378,1.20551466814384,0.558475194754994,34583,209.091430354214,0.809796707702467,0.992886678425816,0.967606758988939,0.90985761225178,0.00669268603730774,0.00282926708145807,0.82784087457251,0.997974317186187,SEKER
34349,674.863,238.23124327213,183.724936942974,1.29667342515444,0.636587835102446,34645,209.127963510641,0.783365261813538,0.991456198585655,0.947747670509757,0.877836007730336,0.0069356092833017,0.00254049267072786,0.770596056467935,0.999211427950781,SEKER
34390,680.24,245.014670841665,178.974510005424,1.36899199128546,0.682950706891803,34759,209.252737003467,0.793932957798504,0.98938404442015,0.933937271858759,0.854041663238575,0.00712459060313069,0.00233806137364131,0.729387162547312,0.998525184073694,SEKER
34394,669.762,230.921133285333,189.905263160408,1.21598069185834,0.568936466343328,34730,209.264906044041,0.781681818181818,0.990325367117766,0.963499611561409,0.906218080029369,0.00671399468760054,0.00279313319556696,0.821231208572117,0.998601293175181,SEKER
34395,665.156,231.717147143012,189.189825942239,1.22478651264131,0.57738952559961,34638,209.267948193616,0.791235334713596,0.992984583405508,0.976918090431799,0.903118093649148,0.00673694278653909,0.00276452674019035,0.815622291076471,0.998963181520066,SEKER
34397,678.85,229.774702161511,190.931593976552,1.20343991989995,0.556345117669946,34776,209.274032360098,0.772202765804598,0.989101679319071,0.937956690827949,0.91077925633866,0.00668007972094982,0.00283539736155075,0.829518853776803,0.998276102944653,SEKER
34410,684.481,232.457936137719,188.939629271714,1.23032916404965,0.582555931558291,34802,209.313575131516,0.800698080279232,0.988736279524165,0.922936330451462,0.900436348223918,0.00675553432542049,0.00273937532630807,0.810785617202825,0.997533190636633,SEKER
34412,667.199,233.958985706268,187.398290924791,1.24845848140719,0.598680682985463,34677,209.319657971788,0.78745995423341,0.99235804712057,0.971424393419318,0.894685268616211,0.00679876164437602,0.00268714266570681,0.800461729878861,0.999343235709135,SEKER
34419,687.797,224.143245668034,195.615162734266,1.14583778954049,0.488214124766151,34885,209.340946520836,0.775202702702703,0.986641823133152,0.914297554010418,0.933960538926428,0.00651219517324834,0.00305647803542292,0.872282288271743,0.999494009048613,SEKER
34421,678.034,232.40391461493,189.14974745636,1.22867684329607,0.581027878996433,34762,209.347028565798,0.755708263809607,0.990190437834417,0.940871694208673,0.90078959690789,0.00675180600839399,0.00274216236591831,0.811421897897479,0.99697529608998,SEKER
34425,680.503,232.645666600276,188.554405145298,1.23383840553076,0.58576782462685,34791,209.359192125658,0.758928571428571,0.989480037940847,0.934165286025574,0.89990583183899,0.00675804405520046,0.00273394042326226,0.809830506177824,0.999199980492618,SEKER
34428,688.178,229.732497873278,191.379071703338,1.20040553979378,0.553194985955554,34908,209.368314331807,0.777770247373772,0.986249570299072,0.913524267541691,0.911356975047106,0.00667283890650861,0.00283951711210887,0.830571535967011,0.99702267296983,SEKER
34441,675.683,228.697829086715,191.915203089773,1.19166082418044,0.543876990664141,34826,209.407839299831,0.790874437402407,0.988945041061276,0.947980998029527,0.915652938797378,0.00664027842068217,0.0028793179620646,0.838420304328275,0.999112630865444,SEKER
34443,684.507,234.607330003755,187.57262382249,1.2507546422434,0.60064303412014,34874,209.413919402014,0.784650082012029,0.987641222687389,0.923751269430309,0.892614563230662,0.0068114661906267,0.00266732687498016,0.796760758491466,0.996552217440577,SEKER
34447,682.912,225.087411313528,195.32917528387,1.15234916128843,0.496926670663736,34853,209.426079076824,0.745783628136569,0.988351074512955,0.928179090862091,0.930421109979852,0.00653431100860823,0.00302063176870322,0.86568344189614,0.997569588210294,SEKER
34461,675.775,246.725439312431,178.157783722004,1.38487038937024,0.691799925363614,34691,209.46863237993,0.770181476846058,0.993370038338474,0.948273245107533,0.848994870426305,0.00715955541953022,0.00229448954409669,0.720792290010178,0.998203899321464,SEKER
34469,666.834,230.157970513912,190.993671113055,1.20505548258546,0.558005411288855,34747,209.492944672312,0.789667812142039,0.991999309292889,0.974098955544388,0.910213729311839,0.00667724536580439,0.00282716155118167,0.828489033027767,0.998375251512038,SEKER
34474,672.3,225.649409257869,194.650348124099,1.15925510245688,0.505847536217252,34774,209.508138422353,0.793308173784978,0.991372864784034,0.958462926157543,0.92846748020036,0.00654549542431598,0.00300046851985852,0.862051861789606,0.999338019362053,SEKER
34475,677.676,241.043182075535,182.369113536695,1.32173248748634,0.653897960365723,34878,209.51117704014,0.776463963963964,0.988445438385229,0.943343645356627,0.86918524405509,0.00699182544091473,0.00246161267256549,0.755482988483107,0.998546409621394,SEKER
34483,687.567,233.740724315387,188.587866479368,1.23942610242615,0.590790465329703,35051,209.535484396087,0.740677893289802,0.983795041510941,0.916610562183916,0.896444062153926,0.00677843355611133,0.00270023701100326,0.803611956571032,0.996017635195889,SEKER
34491,674.657,233.182837010237,188.576365741391,1.2365432756829,0.588213023903597,34829,209.559788932563,0.785850991114149,0.990295443452296,0.952246946013307,0.898693023978277,0.00676068646923072,0.00272029523386306,0.80764915134722,0.998693127209409,SEKER
34503,678.24,236.54464120598,185.892769444302,1.27247897760141,0.618394789345927,34885,209.596240452918,0.747724514563107,0.989049734843056,0.942540290079512,0.886074778039061,0.00685577025783206,0.00260685885095298,0.785128512276971,0.999059526587917,SEKER
34509,668.332,230.32948561906,190.919741307841,1.20642047826618,0.559399185016144,34776,209.614463836029,0.783654282859479,0.992322291235335,0.970862500705161,0.910063526051147,0.00667447580686371,0.00282412399886425,0.828215621448647,0.999176286135596,SEKER
34521,667.908,224.755317712523,195.682976512322,1.14856857616519,0.491904913092609,34830,209.650905850184,0.785800459811978,0.991128337639966,0.972433565881855,0.932796198034081,0.0065106838652566,0.00304055903485425,0.870108747066837,0.999379564727431,SEKER
34523,673.987,231.917048612578,189.734176028231,1.22232616952505,0.575058573984268,34878,209.656978903379,0.78586387434555,0.989821664086244,0.955026346185607,0.904017105071111,0.00671775478992493,0.00276764575423675,0.817246926261153,0.998942304932914,SEKER
34532,689.551,217.022102585856,202.714908484657,1.07057790770372,0.357077019102264,35057,209.684305466085,0.768333926664293,0.98502438885244,0.912638553174804,0.966188710585975,0.00628466647126886,0.00337839038149325,0.933520624463788,0.999406556936715,SEKER
34543,670.896,235.018010417078,187.291135183299,1.25482719823909,0.60408158755019,34826,209.717699762769,0.769194798254209,0.991873887325561,0.964405129243852,0.892347354105286,0.00680363634939289,0.00266107194614872,0.796283800378705,0.999198570232388,SEKER
34543,669.456,226.975443399274,193.972556977221,1.17014203935008,0.51929162043643,34827,209.717699762769,0.786784803206997,0.991845407298935,0.968558462636255,0.923966472416368,0.00657080865585718,0.00295408803141481,0.853714042149546,0.99896669030267,SEKER
34594,670.069,233.440887657745,188.865990825778,1.23601335866279,0.587736043391792,34848,209.872458437424,0.78143212107522,0.992711202938476,0.96821452285295,0.899038983886682,0.00674801664039269,0.00271938065158476,0.808271094547997,0.999033870282318,SEKER
34600,673.252,231.434916466981,190.457822307481,1.21515049192018,0.568123459417987,34919,209.890657838401,0.777790266381927,0.990864572295885,0.959247461028054,0.906910076675253,0.00668887041812085,0.00279119034875542,0.822485887175113,0.999444130398243,SEKER
34601,685.556,226.519539171954,194.718756786125,1.16331648224705,0.510948533100304,35048,209.893690918478,0.780620417371686,0.987246062542799,0.925151041778264,0.926603028090856,0.00654661828189803,0.00297695069748958,0.858593171667144,0.998815588145158,SEKER
34622,683.382,235.92880475975,187.053084797932,1.26129331154638,0.609433751958981,35010,209.957375478502,0.763726203869146,0.988917452156527,0.931611723511519,0.889918361991893,0.00681441871526054,0.0026363875341415,0.791954691010334,0.998887154819118,SEKER
34623,675.213,228.194370717705,193.503300520009,1.17927895857315,0.530034969563075,34965,209.960407594779,0.759576148479663,0.99021879021879,0.95431767887179,0.920094597138493,0.0065908318377294,0.00291373409364694,0.846574067683446,0.998346984892773,SEKER
34626,667.845,231.888421086257,190.468282875751,1.21746475363316,0.570382778405612,34913,209.969503680891,0.761848184818482,0.991779566350643,0.975575378294174,0.905476447238337,0.00669694510154961,0.00277693129078902,0.81988759650336,0.998184250683844,SEKER
34629,670.997,233.131220766509,189.682874868037,1.22905782047377,0.58138110691384,34915,209.978599372969,0.745816372682044,0.991808678218531,0.966515131198321,0.900688456409157,0.0067322539133821,0.00273299373988942,0.811239695508711,0.997060492043741,SEKER
34631,670.02,229.336783696473,192.401402581596,1.19197043586631,0.544213157794032,34953,209.984662948805,0.76068620129157,0.990787629101937,0.969391848199118,0.915617022111549,0.0066222974703726,0.00287107065186925,0.838354531180421,0.99929381594162,SEKER
34635,667.638,227.063224549428,194.415219730712,1.16792926430316,0.516617610183087,34929,209.996789575227,0.764012970683608,0.991582925362879,0.976434152072341,0.924838401251167,0.00655588926084677,0.00295852190324073,0.855326068428814,0.998960345839378,SEKER
34638,677.314,234.690450249994,188.339799672226,1.24610119931333,0.596648029879584,34989,210.00588408551,0.757876772273762,0.989968275743805,0.948817239250446,0.894820747336801,0.00677551966770581,0.00267957892520251,0.80070416986439,0.997758426363205,SEKER
34666,681.015,225.792667176528,195.827765174962,1.15301661628418,0.497802899395014,35034,210.090747196989,0.797799871122158,0.989495918250842,0.939291173227946,0.930458680629946,0.00651337527192432,0.00301144011691228,0.865753356359619,0.998228005486441,SEKER
34671,674.874,235.589519493412,187.64972443296,1.25547490253619,0.604623586529932,35015,210.10589771711,0.765769944341373,0.990175639011852,0.956601016661472,0.891830409811526,0.00679500214857986,0.00265154174458171,0.795361479864594,0.998556376414039,SEKER
34676,668.424,226.447506699135,195.193788028223,1.16011635916607,0.506938032748704,34982,210.121047144822,0.777907394113424,0.991252644217026,0.975292283967308,0.927901791491106,0.00653038143670364,0.00298625138750798,0.861001734652404,0.998862197640615,SEKER
34680,669.575,231.262447311072,191.241096120096,1.20927170991451,0.562284269911252,34941,210.133165900615,0.775943079608001,0.99253026530437,0.972054226354624,0.908635052270134,0.00666846733884291,0.00280390785434143,0.825617658213949,0.998396077283991,SEKER
34700,690.412,233.630136234254,189.50181499077,1.23286490024189,0.584881320149164,35154,210.193749198948,0.747877063666537,0.987085395687546,0.914792670692811,0.899685942006185,0.00673285695199578,0.00272108988607298,0.809434794243556,0.997923746857399,SEKER
34703,676.387,230.769315544459,191.762660929521,1.20341110425701,0.556315398410006,35025,210.202835187693,0.773239750445633,0.990806566738044,0.953205150506494,0.910878617860252,0.00664983763779669,0.00282379285092195,0.829699856475004,0.998470020482471,SEKER
34722,670.391,227.259351498407,194.731862679168,1.16703732184203,0.515531503479467,34999,210.260370665264,0.79037581662152,0.992085488156805,0.970863661702516,0.925200082104161,0.00654511121186587,0.00295828113203114,0.855995191925545,0.998978336294445,SEKER
34729,671.193,228.810271352696,193.657635112268,1.1815194955781,0.532598936854611,35043,210.281563978175,0.777143752237737,0.991039579944639,0.968740162417395,0.919021522657261,0.00658844974956652,0.00289911691466334,0.844600559107271,0.997912026561407,SEKER
34733,670.564,228.327247814824,193.860023594625,1.17779438783249,0.528321130189347,35019,210.293673483741,0.77780763632292,0.991833004940175,0.970670189529503,0.921018737344443,0.00657378423444057,0.00291789104257374,0.848275514539552,0.999094140360406,SEKER
34747,672.202,234.540419154962,188.725982982275,1.24275637857978,0.593731887861297,35043,210.336051263003,0.784144249864597,0.991553234597495,0.966334706344912,0.896800867077983,0.00674994730926301,0.00269317282338196,0.804251795191821,0.999489048458875,SEKER
34748,669.267,221.090495867781,200.26914135255,1.10396686366462,0.423653580658801,35046,210.339077920527,0.770465631929047,0.991496889801975,0.974856863971515,0.951370962803918,0.00636268262541099,0.00321528586759127,0.905106708866455,0.999207814669105,SEKER
34750,675.599,223.198836561427,198.528209810822,1.12426761302141,0.456997571298064,35091,210.345131104922,0.805069039013993,0.990282408594796,0.956724017993517,0.942411413721833,0.00642298810248709,0.00312520873484978,0.888139272713183,0.99850622016382,SEKER
34757,686.779,231.229869991117,191.672033081067,1.20638293586274,0.559360960741551,35150,210.36631587866,0.786410842364866,0.988819345661451,0.926015239236532,0.909771371175971,0.00665275685447872,0.00281132127311061,0.827683947811406,0.998503790927184,SEKER
34761,687.872,229.737021397124,192.887572598501,1.19104107279801,0.54320266910642,35171,210.378420505857,0.776816840976133,0.988342668675898,0.923181009636135,0.91573582362329,0.00660904523451925,0.00286681259365223,0.838572098667026,0.998773812014856,SEKER
34766,669.475,232.175332190538,190.994047329458,1.21561554109613,0.568579226054799,35054,210.393550310514,0.752103839913467,0.991784104524448,0.974755876299174,0.906183909916197,0.0066782296551383,0.00277783534176017,0.821169278591006,0.998226136925921,SEKER
34771,683.109,230.586519119367,192.185558405258,1.19981189550743,0.552573787670634,35163,210.408679027236,0.783978174603175,0.988851918209482,0.936369007157577,0.912493409548867,0.00663157571307603,0.00283606017207361,0.832644222470117,0.999016442845182,SEKER
34772,671.947,228.047674630307,194.336638048155,1.17346722121332,0.5232560944664,35103,210.411704640049,0.763179842851499,0.990570606500869,0.96776407502179,0.922665425030758,0.00655837094876071,0.00293192412111733,0.85131148654719,0.99898612450551,SEKER
34774,677.726,228.522215517314,193.960290032834,1.1781907290334,0.528779858054085,35139,210.417755735158,0.780561167227834,0.989612681066621,0.9513848244463,0.920775930947576,0.00657164017706661,0.00291386463228395,0.847828315012376,0.998903460559588,SEKER
34787,677.348,230.856637934612,192.645931645796,1.19834681149182,0.551033739089574,35126,210.457083612555,0.726833956666179,0.990349029209133,0.952803043232931,0.911635400634075,0.00663629050894333,0.00282741708237307,0.831079103689251,0.995920994003495,SEKER
34792,692.19,228.032660547443,194.338583139702,1.17337821889707,0.523150809289498,35231,210.472207762511,0.784929498025945,0.987539382929806,0.912512068770037,0.922991501556076,0.00655416936501044,0.00293418999264813,0.85191331194474,0.999616524624421,SEKER
34794,693.537,237.490550847999,186.993337716811,1.27004819395043,0.61647855836511,35187,210.4782571182,0.747197526091998,0.988831102395771,0.909023168065601,0.886259501132374,0.00682561794700233,0.00259755860482031,0.785455903347404,0.997566851474074,SEKER
34794,671.293,236.61087920035,187.423153116231,1.26244210102268,0.610371181770207,35052,210.4782571182,0.78497461928934,0.992639507018145,0.970264152250808,0.889554435660491,0.00680033566707911,0.00262663804983912,0.791307094003255,0.998979390307621,SEKER
34800,671.796,226.636188574421,195.61382696342,1.15858982001718,0.505001894272023,35120,210.49640414217,0.784632034632035,0.990888382687927,0.968978811891932,0.928785493023983,0.00651253415443738,0.0029894512133644,0.862642492051804,0.999448809605473,SEKER
34841,675.857,231.956964125302,191.611272370017,1.2105601160947,0.563576479016081,35137,210.620366959413,0.78907913212846,0.991575831744315,0.958497188007509,0.908014845571253,0.00665758629560869,0.00279169753746849,0.824490959777787,0.998095871987632,SEKER
34841,670.201,223.72249147379,198.530793245748,1.126890634023,0.461004955462305,35122,210.620366959413,0.787580812875808,0.991999316667616,0.974743465781251,0.941435818866198,0.00642124196991446,0.00311144171518538,0.886301401044269,0.998764747758246,SEKER
34847,686.633,236.426223619075,188.062657858295,1.25716729898193,0.606033554879254,35229,210.638501740271,0.761017689451845,0.989156660705669,0.928807931300964,0.890926981431838,0.00678469376471647,0.00263680770562478,0.793750886243247,0.997877657722936,SEKER
34850,674.295,230.433581497671,192.752188193799,1.19549139056199,0.548003376347995,35119,210.647568545237,0.772504599561102,0.992340328597056,0.963191780426982,0.914135722650158,0.00661215441887147,0.00284816714814202,0.835644119425127,0.999005350346495,SEKER
34865,680,224.825092117302,197.677632012539,1.13733197746441,0.476359223310328,35256,210.692896717453,0.793179543179543,0.988909689130928,0.947505431378963,0.937141378363251,0.00644844664039301,0.00306799981758907,0.878233963040573,0.998843569861338,SEKER
34878,671.541,225.413503647309,197.147955929614,1.1433722585883,0.484834722615302,35188,210.73217324669,0.765204036858271,0.991190178469933,0.971888338731714,0.934869339400403,0.00646291368906786,0.00304517170083141,0.873980681750947,0.999285266056121,SEKER
34878,679.271,229.296981635089,193.949870082933,1.18224869930071,0.533427615725719,35217,210.73217324669,0.784480431848853,0.990373967118153,0.94989431811762,0.919035966997842,0.00657425831857012,0.00289305413070745,0.844627108635658,0.998559300578624,SEKER
34879,689.973,236.193130134605,188.398162444095,1.25369126253921,0.603127826920053,35298,210.735194214962,0.76978591922313,0.988129639073035,0.920682093261607,0.892215595326018,0.00677178617892155,0.0026470505805665,0.79604866854296,0.997999260308283,SEKER
34879,675.467,223.80001449334,198.868746301588,1.12536544155583,0.458682478157239,35258,210.735194214962,0.7923623889684,0.989250666515401,0.96065094926719,0.941622790740404,0.00641646877758365,0.00311159950713706,0.886653480041747,0.997809185074191,SEKER
34882,680.065,234.523244890576,189.531178881546,1.2373860927502,0.588969591395544,35219,210.744256859948,0.792916893980724,0.990431301286238,0.947786227212791,0.898607116570804,0.00672333137121081,0.00270423042228096,0.807494749951694,0.999182773559026,SEKER
34883,672.664,232.322464187597,191.468438727401,1.21337211360647,0.566372342039741,35182,210.747277655007,0.799738640011005,0.991501335910409,0.968784810670316,0.907132585701362,0.00666004828104227,0.00278189165332159,0.822889528041238,0.998471205904026,SEKER
34895,677.7,225.369838410819,197.232923868121,1.14265830466272,0.483847618930669,35227,210.783523818949,0.763032449925654,0.990575410906407,0.954768529025381,0.935278319873129,0.00645851378165407,0.00304842716294364,0.874745535624704,0.99953525074821,SEKER
34911,677.462,235.255598389278,189.279988802989,1.24289736002754,0.593855566433165,35252,210.831842344199,0.762515289183994,0.990326789969363,0.955877575248606,0.896182041097851,0.00673872413821654,0.00268128135114854,0.803142250786311,0.998223383228884,SEKER
34911,670.061,232.394657378899,191.376871066779,1.21432990352218,0.567317077348528,35204,210.831842344199,0.771070765968725,0.991677082149756,0.977110028755438,0.907214669743706,0.00665677458047316,0.00278153077967676,0.823038456998182,0.999440210081646,SEKER
34912,676.03,230.310606076524,193.113979153455,1.19261488518919,0.544911378424838,35245,210.834861884353,0.774376719013397,0.990551851326429,0.959958934583343,0.915437050321075,0.00659688949577579,0.0028578071226283,0.83802499310055,0.999441080932281,SEKER
34924,816.638,258.319787463975,181.639925775713,1.42215312168177,0.711032481820071,37992,210.871092993636,0.712095261397928,0.919246157085702,0.658073911453909,0.816318002828353,0.00739662660245031,0.00202605371610072,0.666375081741671,0.947687402709862,SEKER
34934,687.791,230.15919857071,193.71721048044,1.18811951710377,0.53999820664878,35445,210.901280830103,0.757064840499307,0.985583298067428,0.927994073557422,0.916327838034724,0.00658840094380002,0.00286525517757659,0.839656706757392,0.997612520965538,SEKER
34936,682.571,232.023556066831,192.052253889525,1.20812722250216,0.561130428509521,35353,210.907317878891,0.786846846846847,0.988204678527989,0.942296064962636,0.908990972529284,0.00664138871269838,0.00279690002604036,0.826264588139734,0.998232741921146,SEKER
34945,675.172,234.989902297963,189.554167926161,1.23969789147291,0.591031958565993,35231,210.934482460242,0.760004349717268,0.991882149243564,0.963309985276571,0.897632112688744,0.00672456438111212,0.00269300675468671,0.805743409730059,0.998878406110544,SEKER
34958,672.491,231.261891087858,192.608125477999,1.20068605887696,0.553487962601166,35254,210.973714013978,0.797927461139896,0.991603789640892,0.971367321644567,0.91227185344527,0.00661542110783963,0.00282640478747738,0.832239934588468,0.999258887101048,SEKER
34960,681.462,237.561122125691,187.951051233225,1.26395207990035,0.611597287235674,35342,210.979748990137,0.803493449781659,0.989191330428386,0.946014952796427,0.888107225215539,0.00679522660542594,0.0026076261038613,0.788734443480044,0.996922540325645,SEKER
34968,673.319,238.108675335276,187.137647830629,1.27237185085696,0.618310695422861,35218,211.003887168695,0.755509463313456,0.992901357260492,0.969256937140763,0.88616631406472,0.00680933068334694,0.00259027060254207,0.785290736183053,0.999181827458055,SEKER
34968,750.395,242.822452005871,184.329547189153,1.31732788209312,0.650959510014587,35858,211.003887168695,0.743367346938776,0.975179876178259,0.78037041140775,0.868963662238255,0.00694413326486705,0.00244232959828445,0.75509784629052,0.99471144662697,SEKER
34971,673.194,235.001586559662,189.689458143456,1.23887531157339,0.590300279102739,35269,211.012938273778,0.782454020673916,0.991550653548442,0.969700103745248,0.897921334757487,0.0067198989608436,0.00269460845543427,0.806262723412667,0.998858982677878,SEKER
34980,675.203,233.008682688639,191.342760140273,1.2177554171259,0.570665001114299,35276,211.040089259922,0.785290948275862,0.991609025966663,0.964186269651433,0.905717704699988,0.00666119733243681,0.00276505319825998,0.820324560607015,0.998954677480616,SEKER
34995,679.687,236.99073340175,188.131684709326,1.25970664520394,0.608132399745595,35298,211.0853331428,0.757992548951655,0.991415944246133,0.951914483886007,0.890690239710618,0.00677213125880127,0.00262912904489227,0.793329103115759,0.999361943028602,SEKER
35022,670.696,231.836185261737,192.603633057894,1.20369580563442,0.556608864424358,35293,211.166747703598,0.791779706999457,0.992321423511745,0.978361547357034,0.910844644312948,0.00661973003431378,0.0028105885804813,0.829637966073581,0.998631739957837,SEKER
35031,675.649,232.068017764463,192.536781527798,1.20531784068987,0.558273938715564,35369,211.193878916074,0.798991880302892,0.990443608809975,0.964317664522974,0.910051634648017,0.00662464724856449,0.00280289388993982,0.828193977725528,0.998236976904487,SEKER
35042,676.65,225.6145212543,197.895934072212,1.14006648146683,0.480231412834111,35380,211.227034554315,0.800045662100457,0.990446579988694,0.961768562262876,0.936229784235526,0.0064384030949803,0.00305131988315481,0.8765262088897,0.999298150882343,SEKER
35049,679.396,228.963198657554,195.075216182025,1.17371751849762,0.523551941530224,35349,211.248130887406,0.777484472049689,0.991513196978698,0.954200246118792,0.922629191616759,0.00653265995199731,0.00291997128434747,0.851244625223394,0.999120729151641,SEKER
35059,671.731,230.031610826528,194.321814119948,1.18376627898574,0.535143215814854,35314,211.278264851996,0.777706299911269,0.992779067791811,0.976379395678822,0.91847491782912,0.00656127130912258,0.00288029494669488,0.843596174681208,0.998620704668974,SEKER
35062,701.948,223.264100757669,200.252371364798,1.11491364240052,0.442171640656619,35579,211.287304203315,0.778740227434257,0.985468956406869,0.894204121957755,0.9463559232599,0.0063676943915826,0.00315050369662331,0.895589533489098,0.998504988878116,SEKER
35066,674.509,229.03917130402,195.117975885899,1.17384966845883,0.523707996801623,35356,211.299356070205,0.788708951866847,0.991797714673606,0.968546764747125,0.922546806588522,0.0065316594793823,0.0029184814511931,0.851092610346679,0.999054778483208,SEKER
35069,692.225,234.236651902047,191.213807476494,1.22499862846381,0.577589389799805,35563,211.308394519284,0.752682864010989,0.986109158394961,0.919684116747131,0.902114988424821,0.00667930799002102,0.00272871907461986,0.813811452340715,0.996917912945513,SEKER
35081,677.561,234.795275157432,190.579238761587,1.23200867357414,0.584098759905428,35395,211.34454445018,0.768443879786209,0.991128690493007,0.96025157469061,0.900122646456458,0.00669294704134524,0.00271021600022533,0.810220778663778,0.998199026823769,SEKER
35083,687.873,229.649875656529,194.933950008919,1.17809071044844,0.528664177113422,35513,211.350568837521,0.76761333800105,0.987891757947794,0.931729961528882,0.92031649585399,0.00654590188001393,0.00289666371799157,0.846982452540968,0.997822159251353,SEKER
35083,685.515,227.984772665586,196.194184273196,1.16203634429919,0.509351983786621,35477,211.350568837521,0.782700845548045,0.988894213152183,0.938150821312875,0.927038092791992,0.00649844006115744,0.00296059635733801,0.859399625487414,0.998653599093489,SEKER
35085,693.747,245.934942837211,181.85601125932,1.35236081080936,0.673214080819633,35658,211.356593053146,0.735457499213919,0.983930674743396,0.916070944666136,0.859400419537156,0.00700968912176746,0.00235863514613514,0.738569081100641,0.998811881355989,SEKER
35087,678.15,237.29387575674,188.492282330493,1.2589049950633,0.607471966276819,35477,211.36261709707,0.768945868945869,0.989006962257237,0.958748215702769,0.890720910613585,0.00676301410085615,0.00262595117869287,0.793383740604294,0.998794754048751,SEKER
35091,688.22,225.852179516809,197.988502974948,1.14073381091925,0.48116745403242,35466,211.374664669874,0.780250811580024,0.989426492979191,0.931002892130104,0.935898272587368,0.00643618533290044,0.00304595081910719,0.875905576632019,0.999175106436864,SEKER
35091,685.847,232.503681071645,192.62691667872,1.20701553594109,0.560004226430895,35452,211.374664669874,0.762367203284886,0.989817217646395,0.937456494320012,0.909123948901004,0.00662573540428159,0.0027919410559069,0.826506354465355,0.997606010393719,SEKER
35105,687.922,232.375560092077,192.494682097379,1.20717911560031,0.560170279440421,35508,211.416825768263,0.782720178372352,0.988650444970148,0.93218142389795,0.909806632351916,0.00661944338675621,0.00279767736217429,0.827748108271534,0.999240229283061,SEKER
35106,688.658,231.112620102961,193.551490751618,1.19406272307943,0.546472660474056,35503,211.419836953566,0.787430186393917,0.988817846379179,0.930216456985973,0.914791398493855,0.00658327978416683,0.00284387409369965,0.836843302758343,0.999243392882415,SEKER
35106,680.346,234.364202717976,191.01055243614,1.22696992249331,0.579438587749625,35445,211.419836953566,0.810387811634349,0.99043588658485,0.953084794781923,0.902099529286817,0.00667590163271168,0.00272714052144284,0.813783560739496,0.998487952446873,SEKER
35122,679.818,231.796231505501,193.14332588602,1.20012550494388,0.552902155106883,35481,211.468010087078,0.784393425049134,0.989881908627153,0.955000905943581,0.912301329118282,0.00659974464738629,0.00282007153873808,0.832293715110984,0.998856915109191,SEKER
35123,685.227,233.224886155997,192.004207712632,1.21468632867181,0.56766767343525,35457,211.471020543556,0.791914682539683,0.990580139323688,0.940010129256237,0.906725795986066,0.00664023250166549,0.0027686428390774,0.822151669106565,0.998656392558459,SEKER
35128,669.663,228.402453594965,195.966868026179,1.16551566035363,0.513667509570547,35376,211.486072183151,0.785527404458955,0.992989597467209,0.98435257091389,0.925936078419661,0.00650200562499901,0.00294816054101151,0.85735762131918,0.999263734171043,SEKER
35130,678.016,239.183150167506,187.160106071078,1.27796011227238,0.622654309088071,35473,211.49209253905,0.780146568954031,0.990330674033772,0.960302652931671,0.884226553546676,0.00680851551857403,0.00256735784137386,0.781856597997032,0.999181545757188,SEKER
35131,684.17,234.523025493709,190.924540976422,1.22835453365145,0.580728620782057,35466,211.495102652735,0.74998932581871,0.990554333728078,0.943131656104877,0.901809543892347,0.00667567178542339,0.00272354181497936,0.813260453455323,0.998972165041279,SEKER
35134,668.885,226.266431682644,197.955771047047,1.14301508102468,0.484341376106544,35360,211.504132736751,0.797575537445234,0.993608597285068,0.986812284628327,0.93475700820439,0.0064400988126215,0.00303296370538438,0.873770664387223,0.998733046751549,SEKER
35145,681.083,243.764584779737,183.706528309757,1.32692390968661,0.657307236209345,35444,211.537239746852,0.782809158945118,0.991564157544295,0.952079756328457,0.867793161742487,0.00693596769895396,0.00242634034030056,0.753064971567022,0.999259916319752,SEKER
35149,682.373,238.929221311281,187.422334154177,1.27481723237282,0.620222204244549,35509,211.549277375027,0.782549648232256,0.989861725196429,0.948591369225064,0.885405628553978,0.00679761078014399,0.00257694512556358,0.783943127075065,0.999384207595527,SEKER
35162,673.468,230.230210445966,194.642456777073,1.18283654171942,0.534093600114581,35450,211.58839493691,0.786287707685771,0.991875881523272,0.974203092234664,0.919029672635292,0.00654769951783077,0.00288128778567855,0.844615539184131,0.999042123451042,SEKER
35165,676.072,232.883461147834,192.385078478107,1.21050688021179,0.563523226309533,35463,211.597421039605,0.785845177438098,0.99159687561684,0.966795424504285,0.908597888388834,0.00662259238298975,0.00278416314766125,0.825550122784647,0.999334103590506,SEKER
35175,706.545,226.797234116321,197.679157529116,1.14729967969899,0.490196672121028,35707,211.627505268241,0.773552955665025,0.985100960595962,0.885450556817002,0.933113254633873,0.00644768256194232,0.00301523277063561,0.87070034597342,0.998954228049104,SEKER
35176,680.437,235.791339936426,190.024008653724,1.24085025680151,0.592053018957602,35499,211.630513455891,0.795369239813684,0.990901152145131,0.954729791084488,0.897533020139547,0.00670318796726251,0.00268326089429251,0.805565522240817,0.99958618514296,SEKER
35208,678.529,232.285537153376,193.463469371821,1.20066872525139,0.553469869653394,35535,211.726752893997,0.767660910518053,0.990797804981005,0.960980094116165,0.911493481207122,0.00659752150515155,0.00280914945367894,0.830820366283078,0.997540030097998,SEKER
35221,674.683,237.280978058076,189.129991263555,1.2545920214601,0.603884463306759,35484,211.765837672456,0.762755544005544,0.99258820877015,0.97232625233457,0.892468664810651,0.00673691769279907,0.00263640976096083,0.796500317668907,0.999282943637849,SEKER
35223,674.287,231.268962910586,194.315959970837,1.19016967492169,0.542251338065355,35537,211.771850075043,0.766784221525601,0.991164138784928,0.973523934602878,0.915695073864793,0.00656585080517237,0.00284756918234219,0.838497468300248,0.997954259269564,SEKER
35237,676.073,233.927614601491,192.02295689163,1.21822733275329,0.571122485704072,35502,211.813932114564,0.778271048679212,0.992535631795392,0.968772062970618,0.905467840876337,0.00663869269805859,0.00275267190087142,0.819872010861255,0.998790492990586,SEKER
35246,683.282,240.090358737129,186.985513491286,1.28400513095533,0.627256068308807,35599,211.840980439894,0.781282557134307,0.990083991123346,0.948679990984115,0.882338556009387,0.00681184698227114,0.00254674624977945,0.778521327420731,0.999625378966376,SEKER
35247,682.573,234.990539624924,191.235329742883,1.22880296198862,0.581144871728649,35605,211.843985596194,0.759012016021362,0.989945232411178,0.950678806024016,0.901500060105928,0.00666696568856709,0.00271625802754508,0.812702358370991,0.99865106518141,SEKER
35254,687.045,225.063640101738,199.692033617845,1.12705367372064,0.461251975326137,35676,211.865020496762,0.769805223163595,0.98817131965467,0.938529434058568,0.941356055562732,0.00638405968405678,0.00309237664063666,0.886151223344625,0.9987399917426,SEKER
35259,677.828,234.88963381851,191.297192487456,1.22787810298843,0.580285549392879,35577,211.880044147195,0.752240143369176,0.991061640947803,0.964363679030688,0.902040846599921,0.00666183481716754,0.0027206861030767,0.813677688934703,0.999097017133155,SEKER
35272,682.696,232.130230809024,193.597547672422,1.1990349753903,0.551758353041187,35619,211.91910065376,0.779922609176341,0.990258008366321,0.951010327733005,0.912931934436875,0.00658114739195464,0.00281990823718523,0.833444716914654,0.999329365634936,SEKER
35272,682.862,230.08115174289,195.420888710484,1.1773621195826,0.527819836609066,35637,211.91910065376,0.775089546663151,0.989757835957011,0.950548013162809,0.921062412320392,0.00652305374639629,0.00289592265010703,0.84835596738946,0.998822179926198,SEKER
35277,676.858,238.552548526479,188.774182075354,1.26369266127322,0.611387126236739,35527,211.934120470542,0.78755609135356,0.992963098488474,0.967623431363695,0.888416920211681,0.00676226857517588,0.00259860017429926,0.789284624118408,0.997413187154222,SEKER
35283,681.373,223.975012214674,200.836520534912,1.11521057832576,0.442655742821236,35589,211.952142845716,0.779080551139375,0.991401837646464,0.955004742266782,0.9463204879416,0.00634795828627593,0.00314026860872914,0.895522465898029,0.998696127097855,SEKER
35287,677.949,223.620886871451,201.097336234317,1.1120032271879,0.437377571901235,35627,211.964156911186,0.789383025367992,0.990456676116429,0.964785021955223,0.947872803281713,0.00633720313065581,0.00315556870865935,0.898462851201133,0.999093590044105,SEKER
35288,676.973,232.621305702862,193.387722043394,1.20287525622058,0.555762067794156,35608,211.967160321155,0.794953818427574,0.991013255448214,0.96759633128344,0.911211291161399,0.00659207962204891,0.00280335809718397,0.830306017140024,0.998754563108797,SEKER
35300,685.599,238.216983066095,188.807623897236,1.26169154692478,0.609759171387383,35640,212.003197921992,0.767224516409476,0.990460157126824,0.943722302190903,0.889958369857997,0.00674835646079589,0.00261129865419246,0.792025900080303,0.999292383076805,SEKER
35302,679.016,235.934090748344,190.740547603881,1.23693726222449,0.588567005439458,35644,212.009203593242,0.781674859395067,0.990405117270789,0.962164122669646,0.898595039490831,0.00668330663272179,0.00268798732952268,0.807473044997529,0.998793497599315,SEKER
35304,686.408,234.615822846013,192.04540997515,1.22166847349474,0.574431470371208,35737,212.015209094372,0.789904685192643,0.987883705963008,0.941605757637736,0.903669695089259,0.00664558754945651,0.00273370734536744,0.816618917822714,0.997637586763398,SEKER
35313,691.229,233.156694785761,193.117146052861,1.20733295593515,0.560326339406872,35743,212.042231744605,0.773898750821828,0.987969672383404,0.928753744489397,0.909440888838481,0.00660257397518651,0.00278606307207021,0.827082730291326,0.998564237565543,SEKER
35316,682.911,237.776630215736,189.241627140611,1.25647107250384,0.605454602264216,35637,212.051238529434,0.76056338028169,0.990992507786851,0.951597200699663,0.89180857823176,0.00673283016807497,0.0026270237820303,0.795322540207753,0.999299765081315,SEKER
35321,682.903,232.944452574472,193.411100698499,1.20440063539889,0.557333834054943,35670,212.066248987411,0.761491031390135,0.990215867675918,0.951754225401026,0.910372608764376,0.00659506957828124,0.00279431828967569,0.828778286788455,0.998181095212821,SEKER
35330,682.682,234.639510736771,192.016233688024,1.22197746633234,0.574726301888229,35655,212.093265134689,0.746871300524269,0.990884868882345,0.952613204637168,0.903911129326484,0.00664136741400428,0.00273489214728336,0.81705532972028,0.998423201664925,SEKER
35337,677.215,228.982968258459,196.633014057191,1.16451944428752,0.512439522975302,35671,212.114275314762,0.765267671517672,0.990636651621766,0.968247540742091,0.926332106392045,0.00647997759454564,0.00294320243605012,0.858091171332723,0.999263853988407,SEKER
35338,680.836,227.467483803256,198.044921487565,1.14856509369031,0.491900240691929,35669,212.117276599176,0.787686958072354,0.990720233255768,0.958002863948227,0.932516916495381,0.00643690881779547,0.00300250677266103,0.869587799550053,0.99877819246216,SEKER
35339,677.909,228.871151473587,196.958053699572,1.16202992045552,0.509343946215008,35667,212.120277841125,0.764648606543189,0.990803824263325,0.966320783969412,0.926810899824588,0.00647644674364263,0.0029476851407369,0.858978444033662,0.99815865299344,SEKER
35344,694.82,234.366626905209,192.352180000264,1.21842459443343,0.571313449208285,35807,212.135283413956,0.762545846817691,0.987069567403022,0.919985411803564,0.905142878980614,0.00663101592647151,0.00274554388513388,0.819283631369314,0.998235326277107,SEKER
35352,684.112,231.522954231537,194.654422899161,1.18940505323876,0.541413473803345,35760,212.159290122958,0.755384615384615,0.988590604026846,0.949225585446035,0.916363955475385,0.00654907655101655,0.00284860231134991,0.839722898894494,0.998770659265413,SEKER
35354,687.741,235.015308381981,191.828254709782,1.22513395504504,0.57771680969225,35726,212.165291375774,0.754363504459523,0.989587415327773,0.939287602176253,0.902772218697054,0.00664748849867006,0.0027236424918437,0.814997678851201,0.998481329643496,SEKER
35354,681.226,237.289685150932,189.889846207567,1.24961755401894,0.599673407374131,35666,212.165291375774,0.768565217391304,0.991252172937812,0.95733952878303,0.894119317663652,0.0067118200246346,0.00264607395021722,0.799449354219314,0.999005946581558,SEKER
35364,683.341,222.294908686479,202.880789428521,1.09569225017629,0.408708384602848,35761,212.195295093964,0.792168809641145,0.988898520734879,0.951691714128184,0.954566599603235,0.00628590964501976,0.00321938439006453,0.911197393078083,0.998391921976496,SEKER
35376,681.424,236.606392974437,190.512796810476,1.24194488210582,0.593018665865505,35693,212.231293956737,0.770702163351561,0.991118706749223,0.957378649903917,0.896980387083907,0.00668833087331628,0.00267072579285816,0.804573814813196,0.999236331583609,SEKER
35377,687.757,237.874433893319,189.491758058704,1.25532865561164,0.604501322881004,35712,212.234293586347,0.781984969053935,0.990619399641577,0.93985493666795,0.892211450018749,0.00672398546777056,0.00262831672335185,0.796041271544559,0.99929341921941,SEKER
35384,679.656,235.75769620133,191.326518061421,1.23222697297845,0.58429853221545,35698,212.255289806659,0.747981228596795,0.991203989018993,0.962583648452159,0.900311180617406,0.00666283337670502,0.00270028304439636,0.810560221944708,0.998794168703664,SEKER
35402,681.514,231.008489369887,195.345932202163,1.18256104320011,0.533781706651766,35696,212.309270552923,0.775900234510268,0.991763783056925,0.957829256498384,0.919053975600771,0.0065252948807945,0.00287173246096496,0.844660210067583,0.998862259167142,SEKER
35403,678.413,233.986551094945,192.87931802819,1.21312411038672,0.566127096873678,35713,212.312269080849,0.770669162784623,0.99131968750875,0.966632974936804,0.907369539348862,0.00660922947476048,0.0027635503202737,0.823319480938165,0.998788712877168,SEKER
35408,684.211,241.922654035538,186.690713159474,1.29584728635583,0.635991731920651,35765,212.327261085294,0.735093838232852,0.990018174192647,0.950454117758198,0.877665888429381,0.00683242922603756,0.00250075866123708,0.770297411712534,0.998187810654604,SEKER
35410,704.701,228.550568204841,197.433811050332,1.15760601990597,0.503746100020513,35997,212.333257590685,0.765952844473286,0.983693085534906,0.896037148330982,0.929042790216907,0.00645440746130587,0.00296605370780759,0.863120506054016,0.999153493712413,SEKER
35412,675.129,228.003368422639,197.942791770045,1.15186497262056,0.496289108519473,35693,212.339253926733,0.795918367346939,0.992127307875494,0.976307875846077,0.931298758416278,0.00643859054621708,0.00298762899875987,0.8673173774277,0.99903250720409,SEKER
35414,680.978,237.1379832266,190.367856320332,1.2456828994679,0.596285402767835,35729,212.345250093453,0.764749071434741,0.991183632343475,0.959662851792475,0.895450181384668,0.00669616488469531,0.0026556547696857,0.801831027341835,0.998827199022503,SEKER
35432,681.365,233.742231894946,193.218809116159,1.20972814688256,0.562742865950598,35757,212.399207976528,0.790645780336502,0.990910870598764,0.959060244862428,0.908689911337842,0.00659692458497815,0.00277449602846306,0.825717354967176,0.998893525673212,SEKER
35437,685.657,228.037132015471,198.233124313427,1.15034827204217,0.494281411525393,35804,212.414193844903,0.781549115610251,0.989749748631438,0.947224634601994,0.931489498957968,0.00643500104454302,0.00298841038964524,0.867672686668966,0.99812577580783,SEKER
35438,678.412,233.18003280462,193.710572952389,1.20375480414243,0.556669633836165,35726,212.417190891709,0.793595342066958,0.991938644124727,0.967591457032077,0.91095789093439,0.00657994336036516,0.00279508568910047,0.829844279055632,0.998929037603328,SEKER
35438,677.413,234.429704580743,192.6140461632,1.21709558181501,0.570023833999144,35725,212.417190891709,0.767454954954955,0.991966410076977,0.970447430033106,0.906101858003015,0.00661520696937589,0.0027506243481415,0.821020577076516,0.999260516939033,SEKER
35442,698.883,236.867490194818,191.003257990667,1.24012277427431,0.591408965105346,36046,212.429178656096,0.729589526122936,0.983243633135438,0.911841033936654,0.896827076106469,0.00668324276832057,0.002666870001065,0.804298804437679,0.997429264704766,SEKER
35442,681.165,228.755127509374,197.586555108646,1.1577464235033,0.503925708892765,35791,212.429178656096,0.791557788944724,0.99024894526557,0.959894351020222,0.928631331542028,0.00645435154645262,0.00296077707073518,0.862356149921521,0.99838974835772,SEKER
35450,680.993,235.796159460083,191.585719523606,1.23076062269364,0.582953270474066,35744,212.453152155626,0.775456633490102,0.991774843330349,0.960596075467638,0.901003445696881,0.0066515136660108,0.00270399608104374,0.811807209157653,0.999140346250062,SEKER
35454,677.189,235.532463879198,191.853264893691,1.22766982365252,0.580091585109638,35744,212.465137890997,0.781699922831,0.991886750223814,0.971527983647894,0.902063071865831,0.0066433255451909,0.00271339433990181,0.813717785624019,0.998976770379957,SEKER
35467,683.515,226.947476005845,199.261077840254,1.13894533978074,0.478650981559671,35845,212.504086862164,0.766721431968524,0.989454596177989,0.953977692494037,0.936358009360238,0.00639883486073943,0.00303422920098365,0.876766321693067,0.998588916169023,SEKER
35473,687.235,241.050143515874,187.644663691116,1.28460963810124,0.627710838792899,35874,212.52206090284,0.791348770802659,0.988821988069354,0.943837533775427,0.881650837469193,0.00679531315411368,0.00253265326105566,0.77730819921013,0.998537604480455,SEKER
35481,679.09,237.901882166372,190.084488083866,1.25155863355567,0.601326085036257,35754,212.546023925992,0.789010207031511,0.992364490686357,0.966832064223895,0.893418841374916,0.00670505008783214,0.00263513104527722,0.798197226123697,0.9989906296353,SEKER
35499,688.485,228.519750691063,197.998262563158,1.1541502825974,0.499284173094856,35887,212.599930852655,0.771650291279019,0.989188285451556,0.941102696501313,0.930335037604997,0.00643735740981614,0.00297471178818617,0.865523282195491,0.998943940740556,SEKER
35507,682.142,239.232413666491,189.116163141886,1.26500247092579,0.612446176853882,35835,212.623885099749,0.781920281876239,0.990846937351751,0.958902086844267,0.88877540397249,0.00673761268669533,0.00259330689178559,0.789921718706463,0.999252926001623,SEKER
35510,676.975,227.151612549002,199.323035239466,1.13961546028086,0.479596811960676,35799,212.632867246683,0.77195652173913,0.991927148803039,0.973677814193202,0.936083459239425,0.00639683504784573,0.00302972492396853,0.876252242661647,0.998590602842991,SEKER
35511,702,224.14210686629,204.151325527742,1.09792138888577,0.41282134262359,36641,212.635861211345,0.759074002821598,0.969160230343058,0.905521032472359,0.948665398858729,0.00631190636327589,0.00315349794836132,0.899966038991791,0.988091963479897,SEKER
35517,678.829,232.996395035574,194.232581971698,1.19957420464875,0.552324609661699,35881,212.653824114119,0.771622238154207,0.989855355201918,0.968557402164718,0.912691477830166,0.00656013725921598,0.00280794547594021,0.833005733703812,0.999252190475603,SEKER
35532,676.181,231.10699672607,195.880197180658,1.17983849338748,0.530677806251511,35820,212.698724734141,0.791640673736744,0.991959798994975,0.976570476702256,0.920347405086364,0.00650419331098924,0.00287859370826818,0.847039346049203,0.999369625882606,SEKER
35534,684.316,231.105463511398,196.03701570781,1.17888686826297,0.529583494700738,35921,212.704710767344,0.777617296918768,0.989226357840817,0.953543638899603,0.920379412652238,0.00650378408035678,0.00287881303216529,0.847098263234078,0.998633018655019,SEKER
35539,690.791,247.062481294198,184.042212436033,1.34242290409364,0.667151862334435,35853,212.719675113382,0.826104137610414,0.991242016009818,0.935883360932885,0.860995461549176,0.00695186925051908,0.00235659421374236,0.741313184808279,0.995155798393233,SEKER
35544,683.35,232.234703515348,195.029380887113,1.1907677830848,0.542904714711566,35949,212.734638406788,0.784462591039506,0.988734039889844,0.956510554906844,0.916032940756108,0.00653372449683064,0.00283782065751689,0.839116348550284,0.999192714113435,SEKER
35555,697.407,238.238613722529,190.254622443273,1.25220933222563,0.601877373180817,36021,212.767553948103,0.756087187666135,0.987063102079343,0.918624328003088,0.893085930209062,0.00670056570728532,0.00262944579861931,0.797602478737385,0.998765267281246,SEKER
35565,682.802,227.295701721943,199.383916533488,1.13999015403917,0.480124129649073,35922,212.79747274934,0.801428668003696,0.990061800567897,0.958612544638697,0.936214240468395,0.00639099400314756,0.00302865039036574,0.876497104055814,0.999198068667471,SEKER
35589,687.923,235.063905985539,192.994447015851,1.21798274313163,0.570885487707173,35977,212.869260715538,0.779998684989151,0.989215332017678,0.945030857263913,0.905580377485236,0.00660495956575174,0.00274004654284126,0.820075820086302,0.998838196924638,SEKER
35598,694.499,245.397667962786,185.348636543777,1.32397881386533,0.655380253739297,36045,212.896174962075,0.753636074944427,0.987598834789846,0.927453646878142,0.867555819619116,0.00689358020008951,0.00240887522462835,0.752653100154996,0.996496758795274,SEKER
35602,688.378,240.655626467646,188.590307776753,1.2760763228221,0.621199848062567,35941,212.908135757329,0.780916867734152,0.990567875128683,0.944126734387058,0.884700428086408,0.00675960975416117,0.00255438488896268,0.782694847456273,0.998778362833804,SEKER
35605,694.737,245.554451656193,184.744494120404,1.32915707623826,0.658756144732823,35968,212.91710591283,0.742621754093232,0.989907695729537,0.927000559389375,0.867087134754704,0.00689662832906032,0.00240473682778867,0.751840099257123,0.99931358812728,SEKER
35608,689.304,240.389454975315,188.879738588388,1.27271170942892,0.618577370046126,35997,212.926075690437,0.784144461572341,0.989193543906437,0.94175047497018,0.885754642242114,0.00675099570251952,0.00256331124574278,0.784561286253455,0.998520335779386,SEKER
35609,686.971,230.169389547823,197.140940847916,1.16753723786571,0.516140832760711,36002,212.929065532337,0.789329018243078,0.989083939781123,0.948184460774578,0.925097233609755,0.00646379818438662,0.0029202301463071,0.855804891632422,0.99918407932848,SEKER
35610,678.391,234.428595260664,193.826015919139,1.20947951258753,0.562493166292973,35888,212.932055332257,0.756806154761652,0.992253678109675,0.97234790411335,0.908302398414729,0.00658322368044548,0.00276401387051415,0.82501324696595,0.997836619818635,SEKER
35615,692.536,233.003590697499,195.224649757406,1.19351521945123,0.545883450468476,36004,212.947003702195,0.743341960260478,0.989195644928341,0.933164275619886,0.913921554018699,0.00654228810044923,0.00281543242088412,0.835252606899953,0.996886698421407,SEKER
35634,685.864,235.123044735122,193.217862100237,1.21688047978269,0.569814436080283,36006,213.003797940536,0.784285242654341,0.9896683886019,0.951915555365433,0.905924802821841,0.00659827818193641,0.00274144151116688,0.820699748367791,0.998693503551329,SEKER
35647,683.548,233.60413276836,194.407001861909,1.20162406976624,0.554465018582357,35993,213.042648432595,0.771312965206855,0.990387019698275,0.9587266865078,0.9119815043848,0.00655326206324122,0.00279628492163341,0.831710264339963,0.999403072702539,SEKER
35647,679.754,236.157114767621,192.34177047608,1.22779942278315,0.580212296104942,35927,213.042648432595,0.765088427197802,0.992206418570991,0.969458686679314,0.90212250705311,0.0066248804883334,0.00270657386241526,0.813825017731789,0.99921388701758,SEKER
35652,680.437,227.476881974933,199.809697736229,1.13846767475334,0.477974624433388,36002,213.057589043193,0.798978082560172,0.990278317871229,0.967649150322498,0.936612051270647,0.00638048025285911,0.00302881046802005,0.87724213458541,0.998711813157113,SEKER
35672,690.775,241.456477837061,188.250901759814,1.28263118837609,0.62621882613213,36078,213.117341011455,0.779375136552327,0.988746604578968,0.93942929778768,0.882632526244626,0.00676879563346774,0.00253402488608514,0.77904017638497,0.999221227229372,SEKER
35677,689.725,235.973947683876,192.7272628363,1.22439318761202,0.577018460325792,36120,213.132276386089,0.768437149995692,0.987735326688815,0.942423824783019,0.903202571631395,0.00661417573461548,0.00271516454688668,0.815774885401566,0.998829212310651,SEKER
35680,686.068,230.909790669522,197.036223443623,1.17191543074612,0.521413909676695,35991,213.141237108521,0.804020100502513,0.991358950848823,0.952577640762021,0.923049804386894,0.0064716869582265,0.00289799614210689,0.852020941378683,0.998496488520513,SEKER
35683,699.955,237.164077228632,192.140905780398,1.23432371813471,0.586208482673038,36188,213.150197454248,0.787495586158192,0.986045097822483,0.915231551768563,0.898745712019301,0.00664641642318842,0.00267494364039506,0.807743854873081,0.997017398247405,SEKER
35684,678.241,237.692502955669,191.412411316126,1.24178208362419,0.592875310842143,35953,213.153184152453,0.768587921082106,0.992518009623675,0.974799540107882,0.896760232240927,0.00666103864352844,0.00265721734739574,0.804178914128802,0.998614967593502,SEKER
35690,699.055,235.795252030591,192.90219302836,1.22235651305387,0.575087465185039,36122,213.171103462918,0.754768853360403,0.988040529317314,0.91776970807954,0.904051721258841,0.00660675965342087,0.00272233383095457,0.817309514711073,0.99904360848798,SEKER
35690,691.225,238.389290851272,190.761978922917,1.24966878723564,0.59971718608021,36059,213.171103462918,0.752572537112011,0.989766771125101,0.93867994156412,0.894214260639384,0.00667944216450749,0.00263442793431746,0.799619143930841,0.999259085846454,SEKER
35693,680.082,229.622684676023,198.089394925501,1.15918716780563,0.505761315852927,35997,213.180062553308,0.779544412169393,0.991554851793205,0.969773595731333,0.92839286699433,0.00643326939949073,0.00294807604024656,0.861913315485952,0.999118855072124,SEKER
35699,694.117,236.664965645481,192.479821813884,1.22955727730422,0.581843363186509,36104,213.19797960464,0.758488080567713,0.988782406381564,0.931109060429616,0.900843008271898,0.0066294564454321,0.0026931102524373,0.811518125552363,0.997808016937187,SEKER
35702,689.386,233.52723742888,194.803818799143,1.19878161972617,0.551491833709271,36067,213.206937565678,0.783970136144049,0.989879945656695,0.944011947044934,0.91298531131988,0.00654101275639685,0.0028033667655301,0.833542178685858,0.999235043075113,SEKER
35703,684.558,235.507802513547,193.074849361991,1.21977462777661,0.572616189562053,36029,213.209923469053,0.765304810083169,0.990951733325932,0.957401433996556,0.905319998715493,0.00659630290209638,0.0027333094917478,0.819604300074221,0.999732530047139,SEKER
35703,677.734,230.113877213603,197.716266407851,1.16385910676121,0.511622189790829,35987,213.209923469053,0.785544554455446,0.992108261316587,0.976778354210255,0.926540919873083,0.00644522525316088,0.00293005842380381,0.858478076199259,0.999147526939349,SEKER
35704,683.565,241.104351986157,188.654697598884,1.27801933932645,0.622699878681622,35994,213.212909330613,0.766311813186813,0.991943101628049,0.960211940512756,0.884317962634101,0.00675286668121657,0.00254742686862182,0.782018259037327,0.999434458756105,SEKER
35720,685.105,236.703013030594,192.341664682065,1.23063826769856,0.582840661267908,36074,213.260677430088,0.775577557755776,0.990186838165992,0.956328371176292,0.900963087455604,0.00662662410499983,0.00269339526138444,0.811734484957535,0.998951520399321,SEKER
35720,685.93,240.812022329686,189.089157246279,1.27353691685262,0.619223515046369,36024,213.260677430088,0.793636686811234,0.991561181434599,0.954029313137808,0.885589827978444,0.00674165795995762,0.00255786109003656,0.784269343418891,0.998795961599724,SEKER
35725,684.673,235.155394856775,193.905126256892,1.2127342860716,0.565741088489669,36053,213.275602767086,0.765727146072232,0.990902282750395,0.9576695917646,0.906956027511017,0.00658237634308678,0.00274730829581151,0.822569235838565,0.997557914969145,SEKER
35730,698.169,242.216334704889,187.990912864718,1.28844703722032,0.630575224137081,36142,213.29052705966,0.78629431570608,0.988600520170439,0.921131761342161,0.88057862538267,0.00677907457892215,0.00251433263468652,0.775418715480833,0.999085946566464,SEKER
35734,700.162,249.469799434674,182.915041249451,1.36385612539353,0.679996702477815,36085,213.302465741881,0.766495066495067,0.990272966606623,0.915997786114641,0.855023198099519,0.00698130070618107,0.00230158860866111,0.73106466928833,0.997067027267686,SEKER
35735,684.121,235.489119541004,193.432329044049,1.21742379210756,0.570342978907233,36043,213.305450308029,0.750230937185086,0.991454651388619,0.959484154020192,0.905797476859172,0.00658987322068011,0.00273641050269897,0.820469069084442,0.998858565391741,SEKER
35736,684.029,235.661573311109,193.377657525935,1.21865977862258,0.571540919940107,36088,213.308434832418,0.752970922882427,0.990246065174019,0.959769124488874,0.905147291666506,0.00659451458784163,0.00273048390659808,0.81929161961121,0.998437743782733,SEKER
35738,684.449,237.850027560178,191.889282215502,1.23951700071012,0.590871260020411,36051,213.314403755924,0.799168138822424,0.991317855260603,0.958645243764663,0.896844141428379,0.0066553815983037,0.0026559544727134,0.804329414014406,0.996979982842068,SEKER
35758,682.303,239.435320549712,190.499750389992,1.2568799699713,0.60579480781415,36049,213.374083807383,0.745890696704214,0.991927654026464,0.96522491223307,0.891155420668529,0.00669599307986218,0.00260500506141555,0.794157983786903,0.998161262814548,SEKER
35762,690.56,236.821440666449,192.707578538919,1.2289160730574,0.5812497474112,36157,213.386017814708,0.791159683199858,0.989075421080289,0.942385999743461,0.901041802694089,0.00662215314206277,0.00269251878906003,0.811876330202213,0.997727871520357,SEKER
35764,674.477,222.122920293272,205.098363856075,1.08300678814358,0.383946726078979,36032,213.391984568091,0.7745148995149,0.9925621669627,0.987919734773072,0.960693224662932,0.00621079633970674,0.00326336733744238,0.922931471913264,0.999541049073413,SEKER
35772,693.316,245.51020839419,185.67799338822,1.32223643693129,0.654231453759253,36140,213.415849913417,0.74641627543036,0.989817376867737,0.935170159955623,0.869274851377087,0.00686319491205944,0.00241732229328198,0.755638767236656,0.999133111198145,SEKER
35777,685.863,221.319945152059,206.193121707736,1.0733624056857,0.363352382137551,36174,213.430764399114,0.797170231729055,0.989025266766186,0.955738399697904,0.964353954870516,0.00618609568024314,0.00330021519245684,0.929978550274405,0.998204013958633,SEKER
35781,688.213,240.178449454184,189.850959446787,1.2650894688868,0.612516338108979,36108,213.442695237314,0.775706202441087,0.990943835161183,0.949328663810832,0.888683792081976,0.00671245771370796,0.00258255966387521,0.789758882309201,0.999115644969177,SEKER
35789,685.127,233.61876741028,195.22443658144,1.19666764827785,0.549256353317525,36146,213.466554913239,0.777075733889178,0.990123388480053,0.958114167360857,0.913738897262266,0.00652766960267902,0.0028068963708463,0.834918772370062,0.99912028383511,SEKER
35795,695.242,249.736141441153,182.704085588467,1.36688865296462,0.681746497839167,36189,213.484447920206,0.791907258688967,0.989112713808063,0.930593961895925,0.854840019102765,0.00697684429225179,0.00229814895795669,0.730751458259616,0.998855876432418,SEKER
35795,684.955,227.56501196074,200.513615417818,1.13491052209374,0.472880197611423,36124,213.484447920206,0.768017679747677,0.990892481452774,0.958756122360166,0.938125092608861,0.0063574524922682,0.00303742732826347,0.880078689382383,0.998810564850539,SEKER
35804,683.756,236.584733687132,192.932802052645,1.22625458797087,0.578769272302695,36096,213.511284619099,0.785347663961395,0.991910460992908,0.962363431046353,0.902472789733986,0.00660777381541539,0.0027037802861422,0.814457136210244,0.998731799983432,SEKER
35809,681.549,232.78712354206,196.047826754553,1.18739966362139,0.539202072047738,36094,213.526192438823,0.765149572649573,0.992103950795146,0.968741460682582,0.917259465170732,0.00650079933932979,0.00283867276644178,0.841364926445297,0.999036430643978,SEKER
35822,691.654,235.405304224263,194.237923335661,1.21194306539954,0.564955654498953,36203,213.564947899937,0.749539671911617,0.989476010275392,0.940983282341824,0.907222327057172,0.0065715287874564,0.00274600356503679,0.82305235071103,0.997492588905027,SEKER
35835,687.914,237.704179503981,192.176759084987,1.2369038828408,0.588537036731468,36190,213.603696329405,0.790885014345619,0.990190660403426,0.951588043896993,0.89861144543244,0.00663329648399557,0.00266806837480082,0.807502529862179,0.998803014590298,SEKER
35838,689.511,235.503228099848,193.965675317458,1.21414898648643,0.567138917925171,36193,213.612637276493,0.788931448949941,0.990191473489349,0.947264432999922,0.90704759760629,0.00657132730899739,0.00274380454827462,0.822735344323342,0.998923284456752,SEKER
35838,684.103,241.756864583975,189.108450682781,1.27840328505207,0.622995054097808,36131,213.612637276493,0.783549783549784,0.991890620243005,0.962300340064557,0.88358457843208,0.00674582467168858,0.00253633912752943,0.780721707242997,0.998077195250911,SEKER
35842,679.664,232.110748502132,196.733453053665,1.17982348654663,0.530660587327897,36127,213.624557957173,0.771459319845028,0.992111163395798,0.97502009226937,0.920356163321799,0.00647594298594197,0.00286619991817257,0.847055467364423,0.999375934804277,SEKER
35845,683.888,229.295296952314,199.457906258927,1.14959241903729,0.493274837618637,36169,213.633498031165,0.761363636363636,0.991042052586469,0.963093567111756,0.931695943487208,0.00639685582235496,0.00297333021060471,0.868057331110519,0.997912127134399,SEKER
35853,678.636,230.972173905942,197.894795112901,1.16714627979058,0.515664436436909,36172,213.657336399642,0.791282277642905,0.991181023996461,0.978276400109318,0.925034963244744,0.00644219936702486,0.00290968861866841,0.855689683225205,0.998715030431479,SEKER
35864,681.39,231.339331601975,197.813740327624,1.16948059937002,0.518495342213972,36158,213.690109814146,0.787008997147246,0.991869019304165,0.970682228747877,0.923708512229149,0.00645046095254225,0.00289674520318659,0.853237415564588,0.997844604159399,SEKER
35872,684.086,232.552030333296,196.59174620087,1.18291858548163,0.534186405051755,36214,213.713941867955,0.769785407725322,0.990556138509969,0.963261161137032,0.918994091608909,0.00648282867789074,0.00285229988414226,0.844550140412084,0.999034057464571,SEKER
35901,686.097,236.851183435931,193.254865929028,1.22558975318589,0.5781454602746,36225,213.800310793827,0.765594011899431,0.991055900621118,0.95839683109224,0.902677823654029,0.00659734223102228,0.00270196593049447,0.814827253316773,0.998643932281645,SEKER
35901,684.781,238.026453316317,192.274009218168,1.23795438751285,0.589478310985729,36216,213.800310793827,0.778341463414634,0.991302186878728,0.962084030806883,0.898220797793868,0.00663007864171798,0.00266213986675772,0.806800601589452,0.998782344585671,SEKER
35915,685.086,238.637069656493,191.837438489713,1.24395462916531,0.594780918126933,36222,213.841993652237,0.799390135327635,0.991524487880294,0.961602424220952,0.896097131766042,0.00664449588351646,0.00264278691808485,0.802990069559327,0.9988832142021,SEKER
35923,684.665,229.981829875404,199.115358666536,1.15501803284076,0.500412097537183,36239,213.86580878093,0.771012190934066,0.991280112585888,0.962999823700904,0.929924807089303,0.00640207749562687,0.00295319430876544,0.864760146840078,0.998813563682309,SEKER
35932,688.727,242.496230238705,188.791161595121,1.28446812970386,0.627604469169821,36273,213.892597631203,0.742780361757106,0.990599068177432,0.951912516504009,0.882045042187478,0.00674875404204346,0.00251980199943418,0.77800345644751,0.999320644606274,SEKER
35954,710.093,251.660768946373,182.014821914745,1.38263887687262,0.690581427553808,36380,213.958067366968,0.794563535911602,0.98829026937878,0.896038386212161,0.850184429868609,0.00699952074724296,0.00225580033249677,0.722813564791011,0.999390135410937,SEKER
35955,683.377,242.60431695136,188.873692129594,1.28447913637914,0.627612744621019,36232,213.961042788057,0.743624744059068,0.992354824464562,0.967494358389172,0.881934194233461,0.00674744310808956,0.00251804634741867,0.777807922958225,0.999078049150233,SEKER
35955,693.613,253.664062886078,180.88373754494,1.40235969429289,0.701078792724031,36295,213.961042788057,0.776582647573382,0.990632318501171,0.93914945009473,0.843481888422438,0.00705504277252337,0.00220283749729626,0.711461696096683,0.997725206639248,SEKER
35967,684.169,231.493294796991,197.952523717892,1.16943846155202,0.518444527103576,36223,213.996744614234,0.786215489540298,0.99293266708997,0.965577849668631,0.924418760387417,0.00643626921336201,0.00289927203340482,0.854550044556209,0.999343689425025,SEKER
35969,704.8,222.254153332092,206.8145460189,1.0746543587499,0.366211228847782,36555,214.002694339532,0.81179470975896,0.983969361236493,0.90992675937218,0.962873769201374,0.00617904732775702,0.00327626262358287,0.927125895416061,0.996339884618773,SEKER
35972,685.989,233.492968726746,196.292211582172,1.18951723476304,0.541536583461974,36336,214.011618617339,0.761570055468518,0.989982386613827,0.960594609638299,0.91656558132932,0.0064909643257741,0.00282581134068766,0.840092464877555,0.999304465766412,SEKER
35975,685.086,235.363792371045,194.902669661328,1.20759655462916,0.560593501793645,36307,214.020542523019,0.767614048563991,0.99085575784284,0.963208887967389,0.909318040667962,0.00654242647313536,0.00275919149817686,0.826859299084221,0.998512440737186,SEKER
35977,702.354,247.183898212373,185.501469992991,1.33251719364656,0.660916597887714,36371,214.026491586759,0.757091750841751,0.989167193643287,0.916479362660125,0.865859358698494,0.00687060895050651,0.00238212427713592,0.749712429045768,0.999004701994015,SEKER
35978,687.586,243.53024520922,188.414958266438,1.29252076082432,0.633574162567726,36297,214.02946605662,0.746927420694237,0.99121139488112,0.956297082204394,0.878861949458246,0.00676886556254433,0.00249102622260299,0.772398326205549,0.99834087224663,SEKER
35996,686.723,235.343481898069,194.806598569663,1.2080878349401,0.561090618350306,36312,214.082999447146,0.779134199134199,0.991297642652567,0.959181780381049,0.909661902341825,0.00653804539110094,0.00276151699005029,0.827484776572147,0.999674292174939,SEKER
36000,691.429,221.697974864672,207.234623888304,1.06979215492563,0.355277139491231,36450,214.094893938333,0.77940635216177,0.987654320987654,0.946274600603898,0.965705230591392,0.00615827707957422,0.00330382718795933,0.932586592391575,0.997673820329335,SEKER
36006,693.059,229.383392530249,199.926754201879,1.14733715077786,0.490247283891138,36489,214.112734436171,0.772329472329472,0.986763134095207,0.941985734733632,0.933427359646079,0.0063706991204313,0.00298324528184593,0.871286635735851,0.999659526156,SEKER
36013,692.489,251.219346997476,182.692720409783,1.37509226658833,0.686400289907062,36327,214.133546471699,0.776677881297447,0.99135629146365,0.943720538316679,0.852376813453985,0.00697579615687324,0.00227143364213657,0.726546232113969,0.999068105098808,SEKER
36022,683.433,240.355182403865,191.074308754127,1.25791470329563,0.606653381909713,36323,214.160301831245,0.79242377579304,0.991713239545192,0.969138385971377,0.891015952680376,0.00667245523302051,0.00259422326726929,0.793909427930918,0.998670342479323,SEKER
36029,688.635,238.660505195102,192.575114167923,1.23931124863306,0.590688336616477,36371,214.181109244637,0.77495052912329,0.990596904126914,0.95473729598571,0.897430050563024,0.00662412237905859,0.00265039462094896,0.805380695653551,0.998117355555364,SEKER
36032,741.973,238.768228202832,192.47674081264,1.24050431857246,0.591746982096789,36713,214.190026088745,0.77174495063077,0.981450712281753,0.822473718321489,0.897062509953345,0.00662656050740541,0.00264702936178959,0.804721146763795,0.998260057807071,SEKER
36036,681.481,236.171870336909,194.550055415752,1.21393884896209,0.566931813070511,36286,214.201914636813,0.780658997855332,0.993110290470154,0.975077057863732,0.906974714352073,0.00655377595562517,0.00273559670137024,0.822603132474025,0.998589899788129,SEKER
36044,691.115,233.580224413175,196.66807115423,1.18768757451228,0.539520806860597,36384,214.225689753667,0.789538245859984,0.990655233069481,0.948292262505768,0.917139669215864,0.00648041905485448,0.00282829539857773,0.841145172849385,0.999017670154195,SEKER
36059,692.057,237.053247082569,193.85912916606,1.22281188460054,0.575520609046345,36417,214.270260987392,0.791670325810134,0.990169426366807,0.946106031141815,0.903890849943765,0.0065740383006342,0.00270692331654008,0.817018668612063,0.999060137919339,SEKER
36075,702.685,238.165995404271,193.080955662082,1.2335032970372,0.585463052656033,36522,214.317793419774,0.755813953488372,0.987760801708559,0.918110254293307,0.899867309168061,0.00660196799457439,0.00267034316908472,0.809761174109366,0.998843078076615,SEKER
36076,693.745,243.526218542763,189.197214434526,1.28715541225391,0.629615417179436,36427,214.320763846776,0.759127159480673,0.990364290224284,0.94195143079555,0.880072647328287,0.00675036640821497,0.00249793540086881,0.774527864575419,0.996937732829714,SEKER
36082,683.764,234.153491346077,196.331650889249,1.19264260390783,0.544941364491841,36409,214.338585544307,0.786083091871637,0.991018704166552,0.969813003747385,0.915376423866841,0.00648948205049821,0.0028105330005425,0.837913997371247,0.999331931675658,SEKER
36085,689.809,237.31039868389,193.835086961813,1.22429020670877,0.576921208968972,36414,214.34749583741,0.755928439751969,0.990965013456363,0.952969192341103,0.903236845187435,0.00657642784214744,0.00270007857527868,0.81583679850415,0.998821002681266,SEKER
36092,690.636,236.300966312981,194.681089462051,1.21378489798848,0.566779967556096,36433,214.368285081029,0.769667114494701,0.99064035352565,0.950872719220824,0.907183277435686,0.00654718403837362,0.00273535977359393,0.822981498858953,0.998922514638917,SEKER
36100,681.59,236.751848492478,194.344212586829,1.21820889514115,0.571104628763774,36350,214.392041748147,0.769952651111206,0.99312242090784,0.976496398541555,0.905555935944292,0.00655822294993015,0.00272036429642476,0.820031553123943,0.998969732312003,SEKER
36104,698.492,247.968257777305,185.621901987765,1.3358782294648,0.663054390006564,36456,214.403919094587,0.755946398659967,0.990344524906737,0.929912984227519,0.864642599889294,0.00686816579263529,0.00236792012408476,0.747606825543317,0.998711682442606,SEKER
36105,712.899,247.771299013673,185.704677354971,1.3342221776141,0.662003937377403,36668,214.406888328391,0.74277896642528,0.984646012872259,0.8927322054911,0.865341906757968,0.00686252039921544,0.00237363728950145,0.748816615591516,0.999087735488135,SEKER
36109,690.918,236.918386527453,194.403861000237,1.21869177550524,0.571571850234319,36461,214.418764852431,0.771559829059829,0.990345848989331,0.950544188338458,0.905032184269011,0.00656120043555494,0.00271530839472704,0.819083254562737,0.998210025789675,SEKER
36109,708.201,234.77340947404,196.362761480865,1.19561065297464,0.548130716556889,36550,214.418764852431,0.768865514010732,0.987934336525308,0.904715964688188,0.913300894393409,0.00650179759821761,0.00279041463016302,0.834118523699802,0.997280992778961,SEKER
36112,723.077,225.328775954348,204.666338818694,1.1009566949549,0.418317348342622,36709,214.427671813775,0.792242551884516,0.983736958239124,0.867945210088038,0.951621340441749,0.0062397202025462,0.00315646929645381,0.90558317558415,0.997007859997888,SEKER
36115,688.089,228.014068009468,201.846146727799,1.12964290726321,0.465143112973338,36464,214.436578405155,0.784154073302067,0.990428916191312,0.958535612661726,0.940453281138125,0.00631355580809823,0.00304651057813675,0.884452374003465,0.999115351105125,SEKER
36120,683.177,229.65960220264,200.469554959091,1.14560838053192,0.487901588674313,36437,214.451421902104,0.763539508730394,0.991300052144798,0.972503408020545,0.933779471205747,0.00635823926363899,0.00298190578064692,0.871944100845284,0.998906469283731,SEKER
36120,682.617,225.737954896016,203.979605928385,1.10666923719458,0.428351146550162,36472,214.451421902104,0.760821484992101,0.990348760693135,0.974099692017634,0.950001615815508,0.00624966652536036,0.00314003134300553,0.902503070052076,0.998772384100294,SEKER
36128,690.354,241.89722623026,190.490144568751,1.26986740851024,0.616335363300317,36465,214.475169360446,0.776729086491949,0.990758261346497,0.952598938345556,0.886637572091417,0.00669556095632916,0.00255241480411309,0.786126184244163,0.998276020348177,SEKER
36136,711.044,234.639327686363,196.277830298355,1.19544488203123,0.547953699382867,36663,214.498914189676,0.775583791208791,0.985625835310804,0.898166782947408,0.914164374338777,0.00649322912570189,0.00279729108214476,0.835696503310207,0.999029107813585,SEKER
36137,703.387,240.493654404602,191.502577508916,1.255824634493,0.604915692068329,36540,214.501882108513,0.781239190591491,0.988970990695129,0.917853323672656,0.891923251112643,0.00665505311466371,0.00259801246617618,0.795527085875348,0.999042511848692,SEKER
36140,693.003,236.506099409104,194.837648450763,1.2138624197616,0.566856441434119,36473,214.510785618646,0.764382402707276,0.990869958599512,0.94564424289414,0.906998957551573,0.00654416434446885,0.00273187681056342,0.822647108999641,0.998580410340192,SEKER
36144,690.759,222.62023242222,206.920034805308,1.07587567647418,0.368884042961041,36563,214.522656390666,0.783287101248266,0.988540327653639,0.951903608976477,0.963626055262593,0.00615925831181442,0.00327598811931914,0.928575174380946,0.999031443894227,SEKER
36147,710.044,241.696021950513,190.868238470167,1.2662977553926,0.613488463268173,36675,214.531559038622,0.786146150500218,0.98560327198364,0.900972632578604,0.887608978035013,0.00668647528012041,0.00256014021563601,0.787849697888359,0.99765230402277,SEKER
36152,694.2,248.935474236144,185.049003281976,1.3452408271382,0.668890084086699,36582,214.546395964289,0.761575732041289,0.988245585260511,0.942698842162494,0.861855453195744,0.00688580090274795,0.00234353778194806,0.742794822203242,0.999237921014659,SEKER
36154,679.696,234.968094635598,196.135972372372,1.1979857228306,0.550652642888043,36386,214.552330447271,0.784285652305957,0.993623921288408,0.98341491213136,0.913112611224988,0.00649908985549589,0.00278695315025672,0.833774640778116,0.998850115710393,SEKER
36154,691.479,232.057289150706,198.68015022905,1.16799433100477,0.51669665446344,36497,214.552330447271,0.779181034482759,0.990601967284982,0.950185124709949,0.924566219111235,0.00641857855702568,0.00289314839443093,0.854822693521645,0.99842806004751,SEKER
36156,687.239,238.867790590001,193.076136841253,1.23716889356658,0.588774860085622,36461,214.558264766111,0.7627365356623,0.991634897561778,0.961999059174175,0.898230206074054,0.00660658785789361,0.00265281888181534,0.806817503103837,0.998169517625122,SEKER
36156,683.782,238.97981067538,192.874917892634,1.23904037542305,0.590447291960557,36404,214.558264766111,0.780401467731491,0.993187561806395,0.971750814708479,0.897809167057873,0.00660968610121086,0.00264909016026301,0.806061300453152,0.998742496327468,SEKER
36166,684.301,238.569252898833,193.282952591399,1.23430054073713,0.586187457219617,36460,214.587933898651,0.787347063177603,0.991936368623149,0.970545706461057,0.899478584483175,0.00659650646736806,0.00266352677195221,0.809061723943857,0.998625323353618,SEKER
36166,693.373,226.829922238017,203.392250429243,1.11523384868062,0.442693642373362,36553,214.587933898651,0.775428816466552,0.989412633709955,0.945314870259395,0.946030099474618,0.00627191069617921,0.00309884209097136,0.894972949111956,0.99810412650317,SEKER
36169,685.632,238.456574182716,193.313785309598,1.23352079522327,0.585478976849534,36452,214.59683383854,0.791513480392157,0.992236365631515,0.966861367822275,0.89994094133931,0.00659284398746761,0.00266752562833262,0.809893697898683,0.999020718278297,SEKER
36186,685.681,236.999292926751,194.915156523012,1.2159100254411,0.568867373431371,36484,214.647259860886,0.796434466820733,0.991832035960969,0.967177560580263,0.905687342819317,0.00654947473958854,0.00271831278596035,0.820269562943114,0.997373985146721,SEKER
36210,690.479,236.320194543247,195.217804159191,1.21054632061397,0.56356268033312,36567,214.71842937871,0.761338071108682,0.99023709902371,0.954415402844639,0.908591116361056,0.00652637930249231,0.00274363300321509,0.82553781673023,0.999351766570469,SEKER
36236,714.592,234.893513474519,196.581398869978,1.19489186069879,0.547362212313313,36704,214.795503079146,0.776097665452988,0.987249346120314,0.891730898559895,0.914437780345289,0.00648232457982447,0.00279593569695897,0.83619645412282,0.999164336976549,SEKER
36244,701.396,237.532307801505,194.531878554399,1.22104566905255,0.573836067790455,36667,214.819212500608,0.745485211238636,0.988463741238716,0.925804774433721,0.904378922130131,0.0065537001379954,0.00270438212634188,0.817901234793257,0.99869476045704,SEKER
36246,684.492,238.566380184257,193.571226875501,1.23244752866962,0.584500192238753,36557,214.825139447111,0.787460079515088,0.99149273736904,0.972149812552053,0.900483711414788,0.00658186779739163,0.00266951498583821,0.810870914523351,0.999355854674378,SEKER
36253,698.598,230.524897194216,200.530611141534,1.14957460051579,0.493251059822758,36730,214.845882472259,0.78814296273751,0.98701334059352,0.933467364895907,0.931985590655105,0.00635878126483923,0.00295930985210317,0.868597141188746,0.998517211591209,SEKER
36253,681.763,237.312027639622,194.781124578194,1.21835228209885,0.571243463843692,36493,214.845882472259,0.782157497303128,0.993423396267777,0.980137395371025,0.905330777412261,0.00654599695582772,0.00271259340111045,0.819623816529888,0.998590547331756,SEKER
36257,690.403,221.792506390887,208.314992714814,1.06469776131055,0.343278441034109,36639,214.857734730362,0.788744343891403,0.989573951254128,0.955864628375084,0.968733065993208,0.00611723271067345,0.00332316006599311,0.9384437531486,0.99915896309319,SEKER
36261,701.08,232.458815965866,198.929629621199,1.16854797552538,0.51736821057913,36685,214.869586334692,0.766633544049557,0.988442142565081,0.927074178266159,0.924333996290524,0.00641071167275767,0.00288670040184875,0.85439333669841,0.998399603901304,SEKER
36265,684.137,240.947332496924,191.895025336492,1.25562052520339,0.604745261300947,36514,214.881437285357,0.749834587709867,0.993180697814537,0.973669100934303,0.891819116893938,0.00664407369355919,0.00259251521518327,0.795341337257483,0.998646907603206,SEKER
36272,724.509,242.871593382712,190.579345366161,1.27438570489411,0.619886114228023,36736,214.902174876463,0.78064738292011,0.987369337979094,0.868347977978138,0.884838658499781,0.0066958423407232,0.00253186961370973,0.782939451575691,0.997766844885692,SEKER
36278,689.943,246.548342581663,187.749212735101,1.3131791020052,0.648152282216561,36580,214.919948361948,0.746153846153846,0.991744122471296,0.957694018583651,0.871715242988342,0.00679608419928506,0.00242067828580398,0.759887464858224,0.997868338727532,SEKER
36299,693.838,243.741422226525,189.801484675182,1.28419133624615,0.627396254061089,36649,214.982143989546,0.73833980839249,0.990449944063958,0.947519947863754,0.882009065286197,0.00671482471215529,0.00250672468707846,0.77793999124703,0.999023796878843,SEKER
36301,713.642,231.512781597134,200.110053107349,1.15692729076904,0.50287601884029,36793,214.988066444236,0.767982567487518,0.986627891174952,0.895710467642206,0.928622881903542,0.00637758688733461,0.0029254566694661,0.86234045679484,0.997665208400189,SEKER
36311,689.155,240.151171702404,192.619744610385,1.24676300546531,0.597220560149244,36606,215.017676270763,0.783138506664366,0.991941211823198,0.960758533708341,0.895343023923336,0.00661373059685506,0.00262170655395825,0.801639130488183,0.999454011626044,SEKER
36325,690.58,246.17017165135,188.310321744118,1.30725798443409,0.644077850664228,36623,215.059123178964,0.738868661391697,0.991863036889387,0.957166508092222,0.873619747414205,0.00677688015557743,0.00243500208558833,0.76321146307206,0.997714278912571,SEKER
36331,692.777,235.048490278379,196.990750717316,1.19319556589576,0.545538777395401,36684,215.076883694583,0.783840345199569,0.990377276196707,0.951262319630413,0.915031972508555,0.00646963998454155,0.00279772454942404,0.837283510712897,0.999042972380264,SEKER
36336,685.99,238.135670191254,194.47783099873,1.22448748512014,0.577107475516906,36612,215.091683004008,0.764003364171573,0.992461488036709,0.970312019709547,0.903231686505688,0.00655371175119038,0.00269069057793852,0.81582747950791,0.998970538674542,SEKER
36340,683.845,235.806123383355,196.762148186757,1.19843234868294,0.551123926762927,36609,215.103521718441,0.803271441202476,0.992652080089596,0.976516161280072,0.912204987012751,0.00648888616905216,0.00277153065882307,0.832117938330934,0.997237055215146,SEKER
36343,697.705,243.409844596337,190.963188311677,1.27464275574966,0.620086378253096,36737,215.11240032669,0.786270607070226,0.98927511772872,0.938181721802497,0.883745686964407,0.0066975715982813,0.00252003374797205,0.781006439228192,0.995504199956055,SEKER
36345,682.374,230.786493077513,200.741648660864,1.14966921222913,0.493377287974299,36613,215.118319195273,0.784142394822006,0.992680195558955,0.980865807440068,0.932109658267665,0.00634988287460484,0.00295674253886036,0.868828415035864,0.998865279476568,SEKER
36349,686.851,226.519848145974,204.816875798319,1.10596281318648,0.427131464201444,36645,215.130156443904,0.740878887937712,0.991922499658889,0.96822716161362,0.949718791552737,0.00623180412517466,0.00312732979134496,0.901965783028391,0.997540614796021,SEKER
36361,685.038,234.790739411578,197.420070688254,1.18929518459314,0.541292841411899,36669,215.165664282467,0.789426834563613,0.99160053451144,0.973680240203345,0.916414611673804,0.00645721348179583,0.00280926642092255,0.839815740489249,0.998788816109389,SEKER
36365,690.321,239.14090141567,193.83464308892,1.23373664069929,0.585675315330153,36680,215.17749892657,0.784303153172583,0.991412213740458,0.958939671257079,0.899793793754055,0.00657612818412403,0.00265902246236942,0.809628871278314,0.998868803864067,SEKER
36369,689.67,236.84556503202,195.64726704103,1.21057435973461,0.563590725112798,36716,215.189332919811,0.768445740365112,0.990549079420416,0.960856547591102,0.908563911216655,0.00651229247524046,0.00273738314699434,0.825488380765305,0.999315068013317,SEKER
36373,689.957,244.479381472984,189.701545611949,1.28875798393909,0.630805640240997,36684,215.201166262295,0.783900862068966,0.991522189510413,0.960162933520731,0.880242599460584,0.0067214522165613,0.00248915767748302,0.774827033905126,0.998564526117075,SEKER
36384,689.513,239.469742276786,193.65352886065,1.23658858005683,0.588253756175394,36749,215.233704599545,0.755199468637137,0.990067756945767,0.961690640961565,0.898792901989146,0.00658173214261174,0.00264946692681358,0.807828680666071,0.998951721154038,SEKER
36393,681.994,233.831340495782,198.331572420577,1.17899201645982,0.529704650225274,36655,215.260323217138,0.782864026502033,0.992852271177193,0.983256019255592,0.92057943456481,0.00642517353600367,0.00284649024195195,0.847466495343665,0.999156232227361,SEKER
36396,689.842,231.767052393345,200.314433900134,1.15701623632819,0.502990213490363,36785,215.269195358233,0.798665818173839,0.989425037379367,0.961090436980538,0.928817073588557,0.00636792648624424,0.0029234694778024,0.86270115618961,0.998159244810483,SEKER
36405,691.958,236.521670284951,196.261803280974,1.20513348155851,0.558085276216608,36738,215.29580958784,0.794868995633188,0.99093581577658,0.9554576233984,0.910258283431117,0.00649695564578908,0.00275136509658766,0.828570142554963,0.998537620612692,SEKER
36411,696.862,237.172188683795,195.641222855969,1.21228126271936,0.565291700124313,36825,215.313550579967,0.770374915368991,0.988757637474542,0.942212593461555,0.907836419501232,0.00651375102809027,0.00272923745360102,0.824166964572817,0.99912216850392,SEKER
36421,687.46,238.699345653919,194.429875724995,1.22768861916848,0.580109095523697,36706,215.343115652206,0.79036913261431,0.992235601808969,0.96842694046216,0.902152098751138,0.0065538932388984,0.00267792358679097,0.813878409281083,0.999189260461334,SEKER
36421,692.256,238.703458355234,194.448720683719,1.22759078854264,0.580017939262508,36776,215.343115652206,0.794784506273868,0.990346965412225,0.955054758415711,0.902136555272427,0.00655400616005146,0.00267778517266602,0.8138503643588,0.999075210538936,SEKER
36426,696.301,242.005098973443,191.826017028222,1.26158642462893,0.609673317142846,36779,215.357896666277,0.742539138943249,0.990402131651214,0.944120242996836,0.889889913806776,0.00664374619704175,0.00257002846602962,0.791904058695032,0.999055410058205,SEKER
36439,689.312,237.311115785719,195.706793181409,1.21258496921844,0.565593064818092,36736,215.396322555898,0.799276157051985,0.991915287456446,0.963706162215413,0.907653743242232,0.00651255840680916,0.00272654208910396,0.823835317621635,0.998970323259297,SEKER
36443,703.908,229.651403267746,202.378161676984,1.13476375793102,0.472667792079586,36837,215.408144527507,0.767625065824118,0.989304232157885,0.924255796574476,0.937978786379839,0.00630166021644063,0.00300889346157669,0.879804203698596,0.998369924432529,SEKER
36453,687.95,239.778679734885,193.705032836287,1.23785467121826,0.589389130527448,36717,215.437696618375,0.758331599750364,0.992809870087426,0.967897547949884,0.89848562372842,0.00657774887484938,0.00264424433072257,0.807276416046648,0.999290882567679,SEKER
36461,694.029,242.561176505855,192.00903732646,1.26327999912548,0.611052403182878,36805,215.461335372704,0.758987489331585,0.990653443825567,0.951224886565862,0.888276262823548,0.00665261996395751,0.00255484586676912,0.789034719095769,0.996771779249278,SEKER
36461,695.283,239.629885805823,194.020816698453,1.23507307042345,0.586887217322981,36845,215.461335372704,0.775848494520694,0.989577961731578,0.947796756383204,0.899142169384068,0.00657222472795104,0.00264975446909647,0.808456640764688,0.998503025613469,SEKER
36463,695.433,239.704637022145,193.909332668165,1.2361686450252,0.587875920931059,36818,215.467244656069,0.785671191553545,0.99035797707643,0.947439901502617,0.898886426782652,0.00657391429729165,0.00264742149804607,0.807996808254084,0.998820319644135,SEKER
36469,692.125,240.758729601248,193.115919478383,1.24670576227766,0.597171096604801,36766,215.484971533856,0.765560383735332,0.991921884349671,0.956675486417563,0.89502454133542,0.00660173653243161,0.00261323054453261,0.80106892959268,0.99869725050479,SEKER
36473,690.992,232.636725406344,199.749667600328,1.16464136436922,0.512590135253195,36858,215.496788642257,0.785531218367039,0.989554506484345,0.959920600480954,0.926323168733787,0.00637832712983151,0.00289692104236083,0.858074612933005,0.999349187936887,SEKER
36474,690.09,233.844649593047,198.808751125182,1.17622915625985,0.526501063502136,36817,215.499742818107,0.771511972248075,0.990683651574001,0.962458006107684,0.921550880865289,0.00641126966038951,0.00285233861135549,0.84925602602359,0.998919698938317,SEKER
36481,689.428,230.618256951703,201.735524650771,1.14317127511841,0.484557235710002,36781,215.520420915243,0.781345041764832,0.991843614909872,0.964492296692516,0.934533214169501,0.00632159910506025,0.00297430621399971,0.873352328385978,0.998391294868632,SEKER
36496,698.972,218.336955453433,213.039183101667,1.02486759606677,0.218951263353565,36927,215.564724444085,0.771487760537775,0.988328323448967,0.93871892693501,0.987302969377811,0.00598249001132818,0.00350641663196792,0.974767153342243,0.999007269170712,SEKER
36518,691.304,232.865442547881,199.746143670273,1.16580695010703,0.514025420291973,36855,215.629686487364,0.800833333333333,0.990856057522724,0.960237602439495,0.925984053829826,0.00637673044930941,0.00289195714816648,0.857446467947119,0.999617051677472,SEKER
36520,692.007,233.331872659514,199.581719259716,1.16910443263533,0.518041341831717,36852,215.63559115723,0.796892729335777,0.990990990990991,0.958340093201025,0.92415831879039,0.00638915313963621,0.00287480617537528,0.85406859818948,0.998495383917967,SEKER
36527,691.877,238.31435956102,195.398765970747,1.21963083224742,0.572477778032595,36865,215.656256228613,0.765283888539703,0.990831411908314,0.958884020657944,0.904923465903844,0.00652433431601336,0.00269875444322763,0.818886479143426,0.998739198073853,SEKER
36532,697.29,243.79660699495,191.493538479443,1.27313228911441,0.618906929092205,36893,215.671015781595,0.812147081054644,0.990214945924701,0.944183570554886,0.884635017853477,0.00667350834870662,0.00252110235274835,0.782579114812622,0.996326739854518,SEKER
36536,687.345,231.541741826202,201.211788547328,1.15073646279796,0.494796802401976,36879,215.682822696764,0.784775324340579,0.990699313972722,0.971809873238169,0.931507299701745,0.00633735881941653,0.00294329037654759,0.867705849397637,0.998500759884933,SEKER
36540,710.343,239.11493957706,195.100090300545,1.22560137829107,0.578156382575217,37058,215.694628965635,0.751635331386021,0.986021911598036,0.910001685710878,0.902054172554628,0.00654392281272742,0.00267268889848968,0.813701730223215,0.997273962079399,SEKER
36549,694.092,239.784479973172,194.256327980501,1.234371525839,0.586251845468769,36884,215.721190708112,0.77559205500382,0.990917470990131,0.953347616950944,0.899646176984629,0.00656063038587026,0.00265101563388935,0.809363243763059,0.999054942161807,SEKER
36553,691.653,231.250575193057,201.455383595809,1.14789970397132,0.491005896445351,36884,215.732994877243,0.777591048332199,0.991025919097712,0.960188191030725,0.932897116892098,0.00632644585103979,0.00295579671080076,0.870297030705589,0.999013703914062,SEKER
36554,698.178,247.484526573888,188.257339380232,1.31460758655487,0.649123224117651,36868,215.735945818607,0.789980982019364,0.991483129000759,0.942350470841895,0.871714885795892,0.00677038153345429,0.0024115193723487,0.759886842118145,0.998953007571738,SEKER
36565,691.737,242.283744763253,192.328492029106,1.25973922119967,0.608159195431738,36892,215.76840350997,0.752056766762649,0.991136289710506,0.960270151329062,0.890560791524862,0.00662611089192541,0.00257094475851586,0.793098523401389,0.999097316204271,SEKER
36566,694.803,245.209087716622,190.102922748897,1.28987542206552,0.631631611652744,36883,215.771353967078,0.778596371688953,0.991405254453271,0.951839994390276,0.879948439009063,0.00670593140394415,0.00248009187868456,0.774309255314486,0.99876247750801,SEKER
36568,691.529,241.392193150191,193.119304881484,1.24996407427177,0.599969341273592,36883,215.777254760263,0.789669171633411,0.991459479977225,0.960926737026469,0.893886632969978,0.0066011866426983,0.00259974976001335,0.799033312602403,0.998762934899366,SEKER
36576,687.61,230.15637443194,202.503337174655,1.13655595825285,0.475249468632962,36883,215.800856319509,0.781037796284433,0.991676382073042,0.972124088192552,0.937627110490151,0.00629255179439905,0.00300004097036338,0.87914459832611,0.999197031393348,SEKER
36587,705.861,248.486777643618,187.749848707518,1.3234992164,0.655064694416897,36985,215.833304249426,0.751705292570677,0.989238880627281,0.922780248762902,0.868590700463654,0.00679166856106316,0.00238460773159907,0.754449804931942,0.998513725640556,SEKER
36589,698.326,241.37243324088,193.298303471173,1.24870435439117,0.598891637325574,37011,215.839203348963,0.779351623072335,0.988597984383021,0.942852984754218,0.894216462298178,0.00659685788736724,0.00260188162809141,0.799623081445069,0.998492823672143,SEKER
36592,698.499,239.812164374383,194.398717304933,1.23360980822839,0.585559965784493,36953,215.848051695977,0.779083631408619,0.990230833761806,0.942463270339248,0.900071321482279,0.00655367742605989,0.00265321547127146,0.810128383754856,0.999382320124203,SEKER
36594,688.123,235.726054181594,197.840655056237,1.19149450912699,0.543696216652745,36890,215.853950392478,0.763138138138138,0.991976145296828,0.971152873782505,0.915698314053115,0.00644165858287134,0.00279374732038957,0.838503402359716,0.999072199795901,SEKER
36598,691.778,242.298842026696,192.637272006479,1.25779834557949,0.606556999951101,36971,215.865747301923,0.774790414090948,0.989911011333207,0.961022872332738,0.890907053027266,0.00662054871923864,0.00257278406387292,0.793715377133729,0.998333888219804,SEKER
36600,693.853,240.854721660236,193.635018283629,1.24385931736501,0.594697654305448,36908,215.871645514891,0.770283068504683,0.991654925761353,0.955335703139347,0.896273255624248,0.00658073010000644,0.00261948304506457,0.803305748747289,0.999199340272191,SEKER
36601,692.969,247.36222830076,188.590593335082,1.31163608919377,0.647098284108522,36924,215.874594560943,0.787219856325547,0.991252302025783,0.957800813339454,0.872706378996831,0.00675834617362257,0.00241820323452897,0.761616423941761,0.998963587764718,SEKER
36606,700.229,246.887185770085,188.891456597496,1.30703203954942,0.643920761651405,36991,215.889339186944,0.780012784998935,0.989592062934227,0.938170889639579,0.87444529983825,0.00674444587690776,0.00243252116461365,0.764654582409207,0.999428038397114,SEKER
36609,688.123,224.372559271541,207.982003140016,1.07880756932844,0.375186433463139,36943,215.898185479197,0.764088328602438,0.990959045015294,0.971550952514175,0.96223079230429,0.00612889069003637,0.00324099708883077,0.925888097658542,0.998855088105149,SEKER
36613,697.658,233.050203627224,200.353567199358,1.16319468070829,0.510797067307789,36993,215.90997997172,0.757030022330659,0.989727786337956,0.945279027258517,0.926452655313182,0.00636523102797434,0.00289258983311632,0.858314522536846,0.998386886989536,SEKER
36620,688.188,236.195853966847,197.714638079998,1.19463008030432,0.547081713823374,36899,215.930618783445,0.788697206607654,0.992438819480203,0.971659302650551,0.91420156263096,0.00644991408975552,0.00277908307891184,0.835764497116889,0.998429408306245,SEKER
36629,686.542,231.346432013488,201.706496937206,1.14694586206368,0.489718271859088,36913,215.957151500255,0.784078260125011,0.992306233576247,0.976563986807991,0.933479499211227,0.00631593633496652,0.00295826206600257,0.871383975447643,0.999430244908275,SEKER
36648,728.404,244.721749642009,191.125436129036,1.28042480686238,0.624542523214036,37297,216.013154311154,0.760331950207469,0.982599136659785,0.867991552842626,0.882688827728424,0.00667762905593781,0.00250053289309351,0.779139566596579,0.997629629078263,SEKER
36655,697.963,241.022846932337,193.95364309451,1.24268275185164,0.593667270480016,37023,216.033783266107,0.778799983002592,0.990060232828242,0.945536474300019,0.8963207679924,0.00657544255715011,0.00261793336361822,0.803390919134486,0.998360038202663,SEKER
36661,689.743,229.360025052387,203.776339204337,1.12554787247599,0.458961390645254,36979,216.051463659786,0.78520025701435,0.991400524622083,0.968366078232969,0.941975235703951,0.00625624028401808,0.00303844321913906,0.887317344679513,0.998718149515069,SEKER
36663,698.145,234.708144423298,199.093115627034,1.1788862898855,0.529582828107155,37092,216.05735680283,0.772259083728278,0.988434163701068,0.94524981012842,0.920536257204473,0.00640177138868337,0.00283559054063713,0.847387000828019,0.998972917503341,SEKER
36677,690.331,239.381470349838,195.21093801,1.22627078579775,0.578784449621336,36981,216.098604304266,0.777664694781927,0.991779562478029,0.967139044925833,0.90273739228209,0.00652674619924853,0.00267375872418656,0.814934799424268,0.99933073686393,SEKER
36677,687.082,236.077717346389,198.131666903107,1.19151936203029,0.543723238827794,36958,216.098604304266,0.777664694781927,0.992396774717247,0.97630727837998,0.91537061071796,0.0064366692299367,0.00278758945779454,0.837903354966171,0.998378070952333,SEKER
36701,719.886,234.415873862504,200.836907048497,1.16719519986383,0.515724097586993,37415,216.169295995813,0.760201333940926,0.980916744621141,0.88993913726991,0.922161509090489,0.00638717947365206,0.00284916004734189,0.850381848848048,0.99256161202677,SEKER
36705,698.444,247.004676108857,189.463185486081,1.30370802895111,0.641595803128246,37077,216.181075696982,0.771761984861228,0.989966825794967,0.945522593016104,0.875210457966021,0.00672945582642303,0.00243562096228616,0.765993345733092,0.998631674955357,SEKER
36707,697.665,244.378834622982,191.500748385794,1.27612469759471,0.621237321182257,37074,216.18696530687,0.786202317462357,0.990100879322436,0.947686913590874,0.884638662101791,0.00665755399850115,0.00251511659929763,0.782585562485247,0.998676764268472,SEKER
36711,701.528,244.557916178437,191.296549327049,1.27842304024173,0.623010230807057,37042,216.198744045317,0.755152836631423,0.991064197397549,0.937380812262095,0.884039034285734,0.00666170674126113,0.00250986891100076,0.781525014140853,0.999119584602908,SEKER
36730,692.349,235.96806531963,198.496266908056,1.18877835334269,0.540724566215777,37038,216.254684291746,0.76667779911497,0.991684216210379,0.962898818553141,0.916457419773383,0.0064243960065241,0.00279551117651375,0.839894202257687,0.998448046741966,SEKER
36733,696.714,235.208400506432,199.110975786559,1.18129299290145,0.532340960169153,37081,216.263515639501,0.77053616378587,0.990615139829023,0.950948916366742,0.919454896907845,0.00640319060535302,0.00282291572571833,0.845397307447817,0.998661915505858,SEKER
36736,695.806,248.185597014839,188.702861848438,1.31521904110907,0.649537421336564,37023,216.272346626634,0.750786838340486,0.992248062015504,0.953510306335856,0.871413769485192,0.00675592326368792,0.00240304632526793,0.759361957648392,0.998727305793021,SEKER
36738,690.192,237.932852902639,197.058423209034,1.20742290041693,0.560417533865681,37032,216.278233751065,0.74666178891531,0.992060920285159,0.96913779700344,0.90898852811875,0.00647647811265282,0.0027274215891875,0.826260144251492,0.997645419871051,SEKER
36740,708.732,239.511414445291,195.929858842445,1.22243447660467,0.575161680659075,37128,216.284120715252,0.753548281237181,0.989549666020254,0.919146910745299,0.90302218462601,0.00651909130226704,0.00267399447415192,0.815449065926732,0.996833052103911,SEKER
36741,692.928,238.61541104078,196.465004385231,1.21454409546089,0.567527829317604,37052,216.287064137259,0.752642576204523,0.991606391018029,0.961578213740069,0.906425377949685,0.00649452685122289,0.00270430396407506,0.82160696579123,0.997877889091274,SEKER
36746,701.775,243.971092288626,191.984945970595,1.27078240981453,0.617059141287214,37125,216.301780646481,0.75923056261493,0.989791245791246,0.937614141597586,0.886587745365293,0.00663939183281516,0.00253043367734203,0.786037830231914,0.998883048107499,SEKER
36768,699.477,244.346990046455,191.697546744767,1.27464849809365,0.620090849895512,37178,216.366521395577,0.781732363821916,0.98897197267201,0.944350019440563,0.885488793434456,0.00664564267967948,0.00252028135304937,0.784090403298009,0.999439654933455,SEKER
36775,691.274,244.738889254757,191.479912001188,1.27814394051549,0.62279571590007,37039,216.387116662789,0.755179990553833,0.992872377763979,0.967079328273862,0.884155016481849,0.00665503437810353,0.00250867110379481,0.781730093170018,0.999163581703867,SEKER
36778,686.751,231.398456075584,202.785269128928,1.14110091462543,0.481680904229401,37050,216.39594260584,0.754265791632486,0.992658569500675,0.979939742996193,0.935165887775656,0.00629176290378987,0.00296829279301481,0.87453523765923,0.997932959565117,SEKER
36789,687.353,237.488794692422,197.36928433557,1.20327129670613,0.556171153832139,37058,216.428301317693,0.787941743414007,0.992741108532571,0.978516564728682,0.911320054480862,0.00645542946784154,0.00274655697743115,0.830504241699001,0.999321915829098,SEKER
36791,699.632,245.281935598034,191.520532068359,1.28070830291181,0.624758647417533,37159,216.434184200074,0.791340445668072,0.990096611857154,0.944522104387974,0.882389417191995,0.00666690048104248,0.00249312984891328,0.778611083572429,0.997173679470369,SEKER
36805,699.998,236.57444527078,198.473852973525,1.19196781705214,0.544210316332657,37153,216.475359900331,0.777099784637473,0.990633327052997,0.943893700734849,0.915041181445256,0.00642778006441462,0.00277973458689204,0.83730036374073,0.998035086785002,SEKER
36806,692.839,243.312911018066,192.898827464572,1.26134987037572,0.609479998573077,37082,216.478300722087,0.756624524617124,0.992557035758589,0.963526876734693,0.889711523388964,0.00661068605711206,0.00255518975612412,0.791586594851111,0.998467648806607,SEKER
36813,691.769,243.007472971415,193.325603223147,1.25698546348733,0.605882494306986,37100,216.498885355873,0.778303981056682,0.992264150943396,0.966693686894687,0.89091451677842,0.0066011320178039,0.00256532458407904,0.793728676206526,0.997705407944644,SEKER
36824,689.547,236.36141578128,198.577267003001,1.19027429145607,0.542365749645083,37125,216.531228683827,0.767198633276387,0.991892255892256,0.973224602850116,0.916102266387662,0.00641867846462306,0.0027886962572001,0.83924336248061,0.998929798635816,SEKER
36831,692.49,240.352278255202,195.326873035334,1.23051311127949,0.582725416495717,37129,216.551808286472,0.782256865535331,0.991973928734951,0.965153437946149,0.900976724075569,0.0065258146196194,0.00265258177444066,0.811759057325944,0.998880163239453,SEKER
36839,693.645,239.666123811877,195.872663857954,1.22358127515783,0.576250607496637,37173,216.575325437822,0.793772893772894,0.991014983993759,0.962150869176291,0.903654308724166,0.00650577170422317,0.00267601089209186,0.81659110967575,0.999165591259605,SEKER
36841,689.544,238.388488397797,197.082740199171,1.20958582246666,0.562599964101557,37129,216.581204326664,0.797165422481878,0.992243259985456,0.973682369631487,0.908522075802824,0.00647073880724728,0.00271941551243114,0.825412362221072,0.998407091031322,SEKER
36847,691.017,235.620749255888,199.311029466414,1.18217616900922,0.533345317425978,37168,216.598840035806,0.765095514950166,0.991363538527766,0.969693612448077,0.919268955386334,0.0063945707725429,0.0028168358300984,0.845055412337082,0.999004369957156,SEKER
36851,699.211,240.537152207223,195.536548170261,1.23013909398553,0.582380673451061,37198,216.610596377544,0.768930620761607,0.990671541480725,0.947202067879083,0.900528647611718,0.00652728968568622,0.00264790733554168,0.810951845169391,0.997583568082568,SEKER
36856,693.273,239.927457051572,195.734171875304,1.22578216543825,0.578326173570303,37126,216.6252909075,0.790816436004721,0.992727468620374,0.963628175889259,0.902878284834809,0.00650986154361764,0.00266850699870217,0.815189197226247,0.999244379417854,SEKER
36860,704.322,238.888658985621,196.710015749018,1.21442041512731,0.567406158473058,37289,216.637045813818,0.780370072405471,0.988495266700636,0.933732954384412,0.90685362266133,0.00648097284280036,0.00270376370189093,0.822383492933977,0.998719302882727,SEKER
36863,690.538,236.754221116225,198.358798745994,1.19356551165345,0.545937634066168,37161,216.645861574996,0.768459453825307,0.991980840128091,0.971461010839474,0.915066521532649,0.00642254350205424,0.00277777767890765,0.837346738829862,0.999428188762809,SEKER
36864,698.915,248.778115667512,188.826138264747,1.31749829739519,0.651073995519819,37195,216.648800082338,0.746627779803135,0.991100954429359,0.94833897310108,0.870851519640442,0.00674853829393207,0.00239423037019026,0.758382369260068,0.999167480274667,SEKER
36870,692.977,245.228463295919,191.52879904831,1.28037383680385,0.624503642849216,37138,216.666430289479,0.755145929339478,0.992783671710916,0.964817918426978,0.883528883137949,0.00665116526433194,0.00250011800400793,0.780623287338992,0.99948963350866,SEKER
36872,692.414,237.206103325337,198.192771195806,1.19684538388631,0.549445112174827,37183,216.672306706406,0.784510638297872,0.991635962671113,0.966439959459256,0.913434788013158,0.00643323126831571,0.00276260706005278,0.834363111952642,0.99860363902554,SEKER
36880,694.705,239.582757793831,196.274723703736,1.22065008307165,0.573457091665638,37219,216.695810780534,0.776094276094276,0.990891748837959,0.960284518100416,0.904471643852635,0.0064962786820453,0.00268178670426682,0.818068954533487,0.998575937309641,SEKER
36883,696.855,237.686615784997,197.717375755859,1.20215340142129,0.55501461738035,37217,216.704624151094,0.779668540988458,0.991025606577639,0.954445778953224,0.911724134888257,0.00644434063891216,0.00274670524708373,0.831240898137741,0.999279073096772,SEKER
36888,697.864,249.444926089216,188.603020288231,1.32259242565683,0.65446670072213,37205,216.71931230555,0.777588060456586,0.991479639833356,0.951816835976076,0.868806255967054,0.00676222419456778,0.00237662732361914,0.754824310407491,0.998324915646591,SEKER
36892,697.906,243.860686350655,192.902085299977,1.26416822281332,0.611772235695349,37200,216.731062112401,0.765330677952037,0.991720430107527,0.951805477822036,0.888749496098591,0.0066101237761752,0.00254393976869721,0.789875666815499,0.998535717961637,SEKER
36898,695.299,239.859417648094,196.368564883745,1.22147563582846,0.574247280385635,37250,216.748685628398,0.775803704716049,0.99055033557047,0.959112345119335,0.903648844617798,0.00650060755726852,0.0026738220580819,0.816581234379081,0.997434082468774,SEKER
36906,702.412,246.368202205839,190.948590448398,1.29023315452239,0.631895354009402,37298,216.772181420947,0.779232295933449,0.989490053085956,0.939989487295187,0.879870776667173,0.00667555958938491,0.00246798783241485,0.774172583632894,0.998863134725415,SEKER
36911,690.768,229.518614491077,204.914629521587,1.12006944075653,0.450449737899898,37249,216.786864998135,0.777090044000926,0.990925930897474,0.972078313194783,0.944528466585717,0.00621816299994789,0.00305282613202182,0.892134024190766,0.999252057555227,SEKER
36917,700.833,236.925476956589,198.776787498993,1.19191722503207,0.54415541647503,37353,216.804483978049,0.771708683473389,0.988327577436886,0.944511345821973,0.915074591230107,0.00641778792850419,0.00277581878719805,0.837361507514947,0.998065604385886,SEKER
36919,706.713,248.884007238507,189.008308287363,1.31678871417711,0.650596869693234,37346,216.810356653176,0.770462039317167,0.988566379264178,0.928909987999675,0.871130126273664,0.00674135288709085,0.00239474324614591,0.758867696901569,0.999268418833563,SEKER
36934,697.608,244.053591868829,192.903767686272,1.2651572066013,0.612570950966395,37227,216.854396647263,0.775403090359422,0.992129368469122,0.953703341326739,0.888552366661397,0.00660782996341662,0.00254080147866689,0.78952530829957,0.998873633589312,SEKER
36939,695.361,241.6436104032,195.297013304209,1.23731339417259,0.588904431609685,37283,216.869074657896,0.730337300802721,0.990773274682831,0.960006867488684,0.897474898243881,0.00654169334316577,0.00261793697171293,0.805461192977865,0.996607922557746,SEKER
36952,696.83,242.21981633674,194.413544757378,1.24589990187681,0.596473596809315,37282,216.907232837113,0.786296414512182,0.991148543533072,0.956299951765613,0.895497470510686,0.00655498528731164,0.00260021307492566,0.801915719691036,0.999106716476534,SEKER
36955,708.623,241.90023967139,194.678805026485,1.24256073812699,0.593560146199567,37410,216.916037617526,0.77465674457604,0.987837476610532,0.924810138365945,0.896716918975343,0.00654580543015533,0.00261074413264868,0.804101232776633,0.999144621327755,SEKER
36955,697.491,235.644593568316,199.853613197793,1.17908598097299,0.529812868651012,37319,216.916037617526,0.768774703557312,0.990246255258715,0.954565764673113,0.920522021459575,0.00637652803594414,0.00282423458008427,0.847360791992022,0.99911123066396,SEKER
36957,696.21,245.410025484299,191.995846795913,1.27820486526026,0.622842560703585,37260,216.921907272588,0.767953619815477,0.991867954911433,0.958133577202019,0.883916241174371,0.00664042063707279,0.00250045940590144,0.78130792141183,0.998671586414979,SEKER
36968,693.68,246.991293728442,190.774649676804,1.29467565081039,0.635143413990285,37213,216.954187536838,0.777782453187461,0.993416279257249,0.965422626477525,0.87838799603751,0.00668121872236642,0.00245347151785954,0.771565471582793,0.998927029064281,SEKER
36975,694.805,241.367873034211,195.189171387867,1.23658434183616,0.588249945983918,37252,216.974727022717,0.77742267824478,0.992564157629121,0.962481025515357,0.89893789216912,0.00652786674872781,0.00262947951932695,0.80808933397746,0.999270617201339,SEKER
36975,692.588,239.661503621739,196.526413121423,1.21948749694865,0.572339727441453,37239,216.974727022717,0.757436086529007,0.992910658180939,0.968652762978132,0.905338253093709,0.00648171747455684,0.00268604536643929,0.81963735251477,0.999537503423851,SEKER
36976,692.719,242.850845414619,194.060021605801,1.25142130463083,0.601209561960428,37264,216.977661076267,0.799377378069872,0.992271361099184,0.968312621621501,0.893460595971249,0.00656779655491721,0.00258167202692031,0.798271836553299,0.998974383149578,SEKER
36980,697.756,227.469025997995,207.20022901169,1.09782227115763,0.412639862216769,37374,216.989396893734,0.792881646655232,0.989457911917376,0.954486107192251,0.953929423760957,0.00615113645208208,0.00314195602833952,0.909981345516912,0.998997787446454,SEKER
36982,708.896,244.452639813855,192.915315572007,1.26714998800917,0.614171531796913,37558,216.99526456445,0.760023839371956,0.984663720112892,0.924773138834002,0.887678139739819,0.00661004380006096,0.00253166477928762,0.787972479771945,0.998479318294579,SEKER
36986,693.771,232.713769477169,202.591636722364,1.14868398934002,0.492059712627572,37350,217.006999429914,0.771747522170057,0.990254350736278,0.96563932782272,0.9325060563346,0.00629194207205886,0.00293475007691424,0.869567545100708,0.998858316706888,SEKER
36988,697.873,242.501224541062,194.49817646836,1.24680461762843,0.597256510158529,37312,217.012866624687,0.762167731300227,0.991316466552316,0.954372508233867,0.894893900166435,0.00655621348926846,0.00259369581356689,0.800835092555094,0.998484891356586,SEKER
36993,697.963,234.353810901868,201.192724337621,1.16482249382239,0.512813722066877,37364,217.027533917676,0.777392510402219,0.990070656246655,0.954255375631718,0.926067867565219,0.00633508531078496,0.0028741107040333,0.857601695336792,0.998953745468513,SEKER
36995,694.774,245.206708079281,192.336927313352,1.27488107200442,0.620271880548099,37328,217.033400557327,0.741234221598878,0.991079082726104,0.963087575215433,0.885103846698825,0.00662810401619897,0.00250926189090811,0.783408819441057,0.998753075546729,SEKER
37004,696.689,246.474109313308,191.405636255592,1.28770559809524,0.630024792392776,37330,217.059798473554,0.790768244470563,0.991267077417627,0.958033353815627,0.880659632276576,0.0066607423336209,0.00247135283852975,0.775561387921515,0.99869474089305,SEKER
37008,691.802,242.24709164425,194.614448880066,1.24475388666305,0.595477934964435,37288,217.071529850321,0.793345909792488,0.992490881785025,0.971721591959552,0.896074864622524,0.00654580338424799,0.002603274115887,0.802950163008275,0.999475336201282,SEKER
37027,698.113,245.181326521675,192.43787009622,1.27408044164635,0.61964804711322,37328,217.127245234008,0.786269430051814,0.991936348049721,0.954722020052816,0.885578230260586,0.00662169029415493,0.00251221239972151,0.784248801911472,0.99919605989999,SEKER
37031,700.842,245.139704231331,192.462724775549,1.27369964504667,0.619350705031127,37423,217.138972966826,0.764503076097279,0.989525158325094,0.947403671626784,0.885776433677663,0.00661985104996709,0.00251376379399807,0.784599890458718,0.999344601980923,SEKER
37039,690.695,236.0162492315,200.052500148451,1.17977155524855,0.530600991714391,37324,217.162426532413,0.772853416797079,0.992364162469189,0.975655489894767,0.920116420964754,0.00637210100789708,0.00281730288505031,0.846614228128989,0.998811384615291,SEKER
37043,710.832,246.120828897445,191.897026607056,1.2825671832916,0.626170382993344,37450,217.174152365388,0.762892330504984,0.98913217623498,0.921259702215919,0.882388351031766,0.00664419266521191,0.00248462610833591,0.77860920203656,0.998618611140952,SEKER
37047,710.523,249.186037916829,189.47116047422,1.31516605109269,0.649501559390751,37442,217.185877565286,0.797807735377724,0.989450349874473,0.922160737986088,0.871581246609719,0.00672621367227654,0.00239431855357985,0.759653869441751,0.999070979670987,SEKER
37049,692.49,235.952618269849,200.18604044333,1.17866669297875,0.529329605908415,37347,217.191739927864,0.783807226876534,0.992020778108014,0.97086611068032,0.92048878931901,0.00636866361493831,0.00282034403098448,0.847299611261977,0.998683830768332,SEKER
37053,735.079,243.119339611868,194.377442488091,1.25075902069636,0.600646759617376,37533,217.203464178341,0.754858819215255,0.987211254096395,0.861718087231057,0.893402657826808,0.00656139420861652,0.00257848645435147,0.798168309012005,0.998316212530727,SEKER
37068,704.024,245.364980605058,192.527099395438,1.27444386465873,0.619931441799469,37452,217.247424482416,0.809521729635292,0.989746876001282,0.939797076302904,0.885405178631011,0.00661932072421113,0.0025093510286001,0.783942330346613,0.99909049315651,SEKER
37074,720.184,235.530746470036,200.752484704583,1.17323950842567,0.522986631862134,37612,217.265006113528,0.754840680036649,0.985696054450707,0.898239961585105,0.922448594800204,0.00635298987079993,0.00283743956439817,0.85091141004887,0.99832288443953,SEKER
37075,699.179,233.450953987875,202.367904428657,1.15359673584097,0.498561991934451,37441,217.267936247059,0.792200854700855,0.990224620068908,0.953046898448487,0.930679153525085,0.00629672161801416,0.00291403122239741,0.866163686806169,0.999203601803574,SEKER
37083,704.984,237.160338760555,199.6918026864,1.18763181848279,0.539459114354058,37498,217.291375892864,0.767541499358364,0.988932743079631,0.937618578396217,0.916221392786291,0.00639539246448656,0.00278002483136492,0.839461640599251,0.996971354771431,SEKER
37090,693.447,242.422497941751,194.952724770906,1.24349376612523,0.594378025103117,37376,217.311883508995,0.789232897116715,0.992348030821918,0.969259686818467,0.896417970089604,0.00653606087737262,0.00260338301775849,0.803565177099567,0.999228288398631,SEKER
37092,706.388,238.347240230536,198.409177583441,1.20129140765325,0.554118968261945,37492,217.317742472437,0.793785310734463,0.989331057292222,0.934121760847878,0.911769493375472,0.00642583954034659,0.00273936478184273,0.831323609050165,0.998661908531254,SEKER
37094,691.978,240.590513430306,196.497787382603,1.22439299004344,0.577018273788517,37364,217.323601277924,0.759873811864962,0.992773792955786,0.973484312348005,0.903292478906815,0.00648596844315268,0.00266359487601757,0.815937302449618,0.999027913434266,SEKER
37109,694.497,239.859755733065,197.202290398765,1.21631323474003,0.56926133046348,37419,217.367537285532,0.787475596299126,0.991715438680884,0.966826102828764,0.906227627144904,0.00646365452405253,0.00268910085063673,0.821248512200684,0.998895434400251,SEKER
37109,694.219,249.222425218338,189.710225826878,1.3137005352878,0.648507236393118,37369,217.367537285532,0.769002818302387,0.993042361315529,0.96760058889899,0.8721828988507,0.00671595637765335,0.00239727522783509,0.760703009047611,0.999335950180884,SEKER
37114,702.71,238.446603519157,198.391439507988,1.20189965913099,0.55475131831878,37525,217.382180648049,0.762532873109796,0.989047301798801,0.944485640944059,0.91165979066078,0.00642470775230794,0.00273756438074386,0.831123573907657,0.998927140175344,SEKER
37117,699.991,249.514426715356,189.777977426078,1.31477018619058,0.649233450759695,37429,217.390966192101,0.750050519338803,0.991664217585295,0.951914228847649,0.871256099512426,0.00672237591172122,0.00238938362590572,0.759087190937607,0.998025207363922,SEKER
37135,696.823,242.789009700496,195.130570420035,1.24423871245737,0.595028909037754,37424,217.443672002062,0.750611444626362,0.992277682770415,0.961055212020017,0.895607557649745,0.00653801022486862,0.00259475499805018,0.802112897319342,0.998019918606066,SEKER
37138,707.772,252.256064305376,187.59396081688,1.34469181847286,0.668552641564778,37506,217.452455061732,0.7503535782115,0.990188236548819,0.931626043464728,0.862030634072243,0.00679239766022339,0.00231362871140972,0.743096814078992,0.999236206225267,SEKER
37152,694.797,246.690685022833,192.216585360908,1.28339958052862,0.626799537017331,37406,217.493437983772,0.776848444295751,0.993209645511415,0.967110710294768,0.88164430677081,0.00664003781822871,0.00247470790275714,0.777296683661382,0.997582237757307,SEKER
37164,710.014,251.924948695641,188.174050657738,1.33878687212754,0.664885964460199,37548,217.528560057151,0.744859101294745,0.989773090444231,0.926399881969483,0.863465731295848,0.00677873610740613,0.00232438955410756,0.745573069122274,0.998163437152737,SEKER
37165,692.541,236.98426521346,199.917191169647,1.1854121390309,0.536990233930467,37477,217.531486640629,0.750307875557709,0.991674893934947,0.973762446314171,0.917915315789809,0.00637654420055053,0.00279238696719378,0.842568526961506,0.998790959825553,SEKER
37170,693.745,232.975392502514,203.258979709279,1.14619975381033,0.488706460394287,37485,217.546118967464,0.792655620241827,0.991596638655462,0.970515985216504,0.933772947566197,0.00626783407324492,0.00293942514417416,0.871931917606464,0.999408149299896,SEKER
37177,692.052,235.085731941659,201.57287701309,1.16625676740424,0.514577100426616,37506,217.566602571762,0.780422780611709,0.991228070175439,0.975453899700437,0.925477700304481,0.00632341856367268,0.00286151171051148,0.85650897376087,0.998909386991076,SEKER
37179,704.496,240.383586895298,197.179245131975,1.21911201523469,0.571977700547047,37555,217.572454675928,0.771668742216688,0.989988017574225,0.941348652401757,0.905105283958899,0.00646557429988161,0.0026765987494452,0.81921557505032,0.998715550611245,SEKER
37187,706.995,246.092955690914,192.844685724148,1.2761199758594,0.621233663816062,37563,217.595861518703,0.742611230928988,0.989990149881532,0.934906809464348,0.88420191024077,0.00661771467692779,0.00249513240552199,0.781813018073426,0.997687209750427,SEKER
37189,700.253,243.343401203913,194.910061739309,1.248490709163,0.598708345117971,37534,217.601712835988,0.784826421863459,0.990808333777375,0.953047196850369,0.894216616351334,0.0065434241631642,0.00258080849062722,0.799623356958828,0.998322331992825,SEKER
37190,738.964,243.829613326884,194.384225978525,1.25436934041048,0.603697651355164,37707,217.604638435629,0.785659962818996,0.986289017954226,0.855833888915494,0.892445488743413,0.00655632195017167,0.00256546933866519,0.79645895037847,0.999053688250264,SEKER
37191,698.872,234.88885106084,201.763666294023,1.16417814651794,0.51201741801031,37541,217.607563995936,0.787361067005399,0.990676859966437,0.956868896684903,0.926427810486299,0.00631574442905111,0.0028697934838799,0.858268488042437,0.999177417624001,SEKER
37196,700.485,233.099201379611,203.345697342107,1.14631981117086,0.488869547298805,37561,217.622191207535,0.774142524142524,0.990282473842549,0.952595275725026,0.933603332484738,0.00626678141143162,0.00293679669177566,0.871615182426608,0.999149751332924,SEKER
37211,701.519,244.696859226609,194.128594204294,1.26048849335971,0.608774617900208,37559,217.666066944621,0.792600323762461,0.990734577597913,0.950172221011002,0.889533554425579,0.00657592806499715,0.00253972185456751,0.791269944449004,0.997386660119347,SEKER
37212,698.087,241.88610371395,196.056365639778,1.23375797018688,0.585694708002544,37535,217.668991679304,0.776738749269433,0.991394698281604,0.959563622461066,0.89988216907539,0.00650021777152396,0.00262936123219144,0.809787918219829,0.999082298264758,SEKER
37220,697.179,246.03018601012,192.881878822474,1.27554847304533,0.620790529265125,37513,217.692388142174,0.762454932808915,0.992189374350225,0.962271534013388,0.884819833177784,0.00661016082778399,0.00249925853501655,0.782906137184762,0.998634727823837,SEKER
37225,713.798,252.81336847922,188.527292104399,1.34099082237505,0.666262538404133,37629,217.707009654642,0.792898526028798,0.989263599883069,0.918108307061748,0.861137253003046,0.00679149411629871,0.00230374603520693,0.741557368509633,0.994421625436012,SEKER
37227,698.145,241.323958475681,196.743961643866,1.22658889482215,0.579082314491212,37555,217.712857984676,0.782721137066084,0.991266142990281,0.959790924955697,0.902160147545469,0.00648249814585329,0.00264884604865054,0.813892931819262,0.998312031743744,SEKER
37240,695.977,244.752783884361,194.084493721104,1.26106305141547,0.609245374024208,37527,217.750868301225,0.789953756734971,0.992352173102033,0.966117081954674,0.88967677852484,0.00657230891203978,0.00253995926407431,0.791524770246338,0.998162642037773,SEKER
37248,705.116,232.271033237029,204.478992745295,1.13591636049554,0.474331137427032,37661,217.774255967723,0.781371932032725,0.989033748440031,0.941437912359975,0.937586805090276,0.00623579878750614,0.00297247221012356,0.879069017079391,0.998548878505211,SEKER
37248,703.557,249.152044252205,190.706766187183,1.30646672498057,0.64352719923348,37633,217.774255967723,0.735981031416716,0.989769617091383,0.945614767491833,0.874061686394513,0.00668900462446857,0.00240829450154751,0.76398383162282,0.998119454438375,SEKER
37256,693.806,245.933979923568,193.076070935531,1.27376727075457,0.619403539943855,37502,217.797641122794,0.775068652741949,0.993440349848008,0.972590417599765,0.88559393537437,0.00660119121547047,0.00250461288780126,0.784276618371864,0.998985887700156,SEKER
37264,693.036,239.743595821589,198.164034388396,1.20982395499527,0.562839013947482,37541,217.821023767246,0.783499085385084,0.992621400602008,0.974962127145779,0.908558257920446,0.00643365166975066,0.00270425988962934,0.825478108035435,0.998683189425446,SEKER
37265,700.187,232.937291594449,204.158281622391,1.14096420553386,0.481489817727033,37602,217.823946421315,0.778950668896321,0.991037710760066,0.955174903577198,0.935118395729236,0.00625083299596,0.00294838410315736,0.87444641403122,0.997712058067066,SEKER
37268,714.729,250.060470384546,189.922898304429,1.31664203009224,0.650498098959685,37667,217.832714148243,0.75124979841961,0.989407173387846,0.916775804889578,0.871120148711457,0.00670979044715429,0.00238342206424282,0.758850313491072,0.999134217291019,SEKER
37301,711.888,229.381574389782,207.109101821524,1.10753980569841,0.429846280143336,37731,217.929135863396,0.781991614255765,0.988603535554319,0.924926014084542,0.950072543721729,0.0061494751987824,0.00309061485137338,0.902637838333876,0.999707336084334,SEKER
37301,699.032,251.587462202036,189.098962567876,1.3304539527113,0.659592775934306,37579,217.929135863396,0.737742528826566,0.992602251257351,0.959259755627806,0.866216201538647,0.00674479135149288,0.00234235918441862,0.750330507808042,0.998280189953085,SEKER
37308,698.873,240.097665014841,198.449645261975,1.20986693978659,0.562882138470867,37607,217.949583470534,0.7995370965668,0.99204935251416,0.959876385048999,0.907753865315861,0.00643555443912407,0.00269549269126334,0.824017079995886,0.996951022906506,SEKER
37311,694.501,240.876591402815,197.615340943312,1.21891645786707,0.571788927306945,37590,217.958346143509,0.748015236567763,0.992577813248204,0.972077749167483,0.904854825760215,0.00645591357516055,0.00266964244280498,0.818762255701549,0.998002788554982,SEKER
37315,701.999,238.054658943392,199.835850184464,1.19125101288707,0.543431306395839,37735,217.970029159498,0.775392735433464,0.988869749569365,0.951525262407224,0.915630175552794,0.0063795969166124,0.0027660077313007,0.838378618382841,0.998719378331423,SEKER
37322,695.359,240.962435399392,197.328810475398,1.22112141059825,0.573908558568506,37630,217.990472930827,0.772712215320911,0.991815041190539,0.969966225790723,0.904665793942158,0.00645631089972114,0.00266757646229678,0.818420198728996,0.999390427534047,SEKER
37348,702.527,242.760909402292,196.616225671818,1.23469417934762,0.58654428489524,37715,218.066390158522,0.815013638843426,0.990269123690839,0.950935748562926,0.898276376931646,0.0064999707990332,0.00261054439335853,0.806900449353445,0.996275288129679,SEKER
37348,701.625,239.790614924466,198.515934953628,1.20791620572162,0.560917069232441,37690,218.066390158522,0.785942760942761,0.990925975059698,0.953382341536419,0.909403356871214,0.00642044058381885,0.0027087617357439,0.827014465488632,0.998964175229924,SEKER
37350,699.848,238.172990894044,199.954330735588,1.19113694621096,0.543307107911507,37637,218.072228850577,0.786282682834407,0.992374525068417,0.958281311365801,0.915604359805813,0.00637678690479368,0.00276447759750309,0.838331343695413,0.998567436642284,SEKER
37352,703.246,241.94129098986,196.931310819482,1.22855674896531,0.580916419301409,37811,218.07806738631,0.802750913389211,0.987860675464812,0.949093903488634,0.901367709885659,0.00647733162855696,0.00263744784211459,0.812463748424518,0.998157821416594,SEKER
37353,701.883,237.322651205563,200.89589749744,1.18132154096669,0.532373490231921,37752,218.080986595559,0.776440508855076,0.989431023521933,0.952809117952253,0.918921921223032,0.00635350979052721,0.00279452445080331,0.844417497304229,0.997528579134669,SEKER
37362,721.309,234.393465369206,203.511499702129,1.15174555596258,0.496131615282673,37914,218.107257720588,0.761572800097841,0.985440734293401,0.902396241964927,0.930517654905762,0.00627357918123242,0.00290130653688042,0.865863106091319,0.997253984512628,SEKER
37362,714.562,263.885817358517,180.412987188459,1.46267639304072,0.729783587644296,37693,218.107257720588,0.739841584158416,0.99121852863927,0.919517811679553,0.826521333748932,0.00706294677368762,0.00203320873820048,0.683137515142114,0.999209116598866,SEKER
37365,700.139,247.568293911504,192.318991057594,1.28727949616461,0.629707813035886,37673,218.1160140591,0.754848484848485,0.991824383510737,0.957869424711197,0.881033716446208,0.00662567359591876,0.00246252084381464,0.776220409515017,0.999212617673174,SEKER
37365,702.379,247.354022142851,192.709490852699,1.28355910779672,0.626919901378855,37705,218.1160140591,0.784517510707987,0.990982628298634,0.951769566557333,0.881796916700768,0.00661993903767834,0.00246892590530319,0.77756580230298,0.998051667457256,SEKER
37366,700.27,238.964117688069,199.227084623789,1.19945597828386,0.552200572573233,37744,218.118932760488,0.762073747756567,0.989985163204748,0.95753670550416,0.912768556512776,0.00639522875576911,0.00273828425952529,0.833146437758417,0.999322475555238,SEKER
37388,707.703,232.970501584906,204.624216325314,1.1385284975974,0.478060847963376,37784,218.183134312802,0.806993308871142,0.989519373279695,0.938080319626212,0.936526868545566,0.00623115709813059,0.00295685092861701,0.877082575507764,0.998583506961716,SEKER
37393,699.759,237.230576143277,200.929374712153,1.18066647289939,0.531625954409328,37751,218.197722940185,0.763870730511522,0.990516807501788,0.959628610897674,0.919770657254584,0.00634425095989295,0.00280077562904897,0.84597806194653,0.998817934548666,SEKER
37393,696.723,244.043347520256,195.236517561655,1.24998822232725,0.599989949493036,37667,218.197722940185,0.782280334728034,0.992725728090902,0.968010077177385,0.894094123676427,0.00652644472281594,0.00257270143594054,0.799404301992718,0.999245962368638,SEKER
37394,704.489,240.071971400718,198.617651070912,1.2087141807704,0.561722889520156,37814,218.200640548617,0.758745231718205,0.988893002591633,0.946811131047953,0.908896774894247,0.00642006662568108,0.00270257370765777,0.826093347413163,0.998510743658377,SEKER
37410,697.345,241.494875911859,197.433912468039,1.22316816241462,0.57585893206104,37739,218.247316979024,0.753019323671498,0.991282227933968,0.966723307675598,0.90373477348099,0.00645535621255971,0.00265621941956663,0.816736540798737,0.999006133785662,SEKER
37420,704.994,238.972980575099,199.789740369637,1.19612238412727,0.548676340644786,37757,218.276484679385,0.755898513251454,0.991074502741214,0.946112554635023,0.913393991881813,0.00638623678714857,0.00274193643297615,0.834288584405794,0.997911250629627,SEKER
37424,695.317,238.5826817196,199.83953088708,1.19387130594503,0.546266826438744,37686,218.288150668259,0.781343299162787,0.993047816165154,0.972734620499597,0.914937115698983,0.00637512509939077,0.00275570964939674,0.837109925683574,0.999401520195397,SEKER
37429,710.889,252.612579350258,188.783812004198,1.33810508786972,0.664458168129394,37813,218.302732277662,0.770841914490485,0.989844762383307,0.930710256202666,0.864179974089793,0.00674911377141409,0.00232189889122699,0.746807027617835,0.999306283312285,SEKER
37430,699.619,245.261314981117,194.850378697498,1.25871613193979,0.607316084437673,37742,218.305648482666,0.736898058825846,0.991733347464363,0.960962632794898,0.890094096166259,0.00655253312800206,0.00253707128452353,0.79226750003003,0.997239883099404,SEKER
37438,698.989,238.793872777557,199.754990630561,1.19543382632776,0.54794188898434,37738,218.328976720441,0.776222761294603,0.992050453124172,0.962901407163938,0.914298906336766,0.00637838219930437,0.0027494327589573,0.835942490128607,0.999313929564394,SEKER
37438,711.096,248.509142959691,192.087076535087,1.29373171502403,0.634457456098328,37803,218.328976720441,0.791835871404399,0.990344681639023,0.930392139582977,0.878555107148935,0.00663788511564964,0.00243941407429029,0.771859076297477,0.998578566535201,SEKER
37445,703.374,241.237971240233,197.856400193523,1.21925786077316,0.572118386870547,37798,218.349386883976,0.750460958794292,0.990660881528123,0.951110721882197,0.905120308222689,0.00644246150995415,0.00266720767662723,0.819242772357135,0.998868190078034,SEKER
37446,698.296,241.433054223936,197.694530680887,1.22124296202028,0.574024845782676,37754,218.352302465884,0.749729708084732,0.991841924034539,0.96501972045656,0.904401028134929,0.00644749917812146,0.00266081847731145,0.817941219691518,0.998904957894551,SEKER
37453,706.241,236.522570290348,201.979709478124,1.17102144023019,0.520346322164433,37925,218.372710449282,0.754112554112554,0.987554383651945,0.943605843667532,0.923263729889349,0.00631518357115178,0.00283053703168499,0.852415914929194,0.998197312375517,SEKER
37454,698.809,245.967742054952,193.997566264201,1.26789086477495,0.614763614235651,37765,218.375625719792,0.753162138792254,0.99176486164438,0.963809251819553,0.887822215609901,0.00656719554800428,0.00251688714709851,0.788228286530473,0.999387443849195,SEKER
37459,699.387,244.590479262985,195.157694540071,1.25329662168542,0.602795515214534,37773,218.390201488607,0.754005636070854,0.991687183967384,0.962345306051838,0.89288103995983,0.00652955175693385,0.00255998567582709,0.797236551519748,0.999173876703831,SEKER
37475,713.238,241.195626148085,198.301132514893,1.21630987725181,0.569258052760728,37837,218.436837412901,0.777489626556017,0.990432645294289,0.925726206693244,0.905641785057866,0.0064361741467134,0.00267075074029585,0.820187042842798,0.997601601403648,SEKER
37479,703.264,229.016368082537,208.466788047811,1.09857483883722,0.414014565785958,37879,218.448494838324,0.781463719766472,0.989440059135669,0.952272155501498,0.953855380151674,0.00611052504289167,0.00312024305819097,0.909840086244294,0.999527426113465,SEKER
37482,705.803,244.49748801715,195.380388407056,1.25139216894054,0.60118483259917,37878,218.457237499158,0.777634854771784,0.989545382543957,0.945508898254399,0.893494813672008,0.00652306408455126,0.00256448138986438,0.798332982058776,0.999027641955299,SEKER
37482,693.294,239.284735619636,199.590466826785,1.19887858084574,0.551593867834921,37731,218.457237499158,0.761519707436002,0.99340065198378,0.97993605484298,0.912959353355555,0.00638399059867765,0.00273575858655948,0.833494780879393,0.999259040043022,SEKER
37483,699.808,244.46939416346,195.452646260175,1.2507857982032,0.600669542458733,37793,218.460151641685,0.774762298470442,0.991797422803165,0.961803606309128,0.893609412291567,0.00652214054807407,0.00256543404676515,0.79853778173608,0.998799716724173,SEKER
37492,701.925,242.984349262293,196.911060226329,1.23398019889288,0.58589665934698,37814,218.486377175353,0.771440329218107,0.991484635320252,0.95624031826084,0.899178806530889,0.0064809652529151,0.00261338686628814,0.808522526114314,0.997700787583914,SEKER
37492,701.454,246.630515847463,193.840420824337,1.27233790970236,0.618284044979836,37828,218.486377175353,0.751402918069585,0.991117690599556,0.957524908268477,0.885885416184603,0.00657821710891559,0.00249918367013599,0.784792970608567,0.99852184777321,SEKER
37493,695.177,242.867206442322,196.683831808568,1.23481022415052,0.586649371306049,37758,218.489290929225,0.781771930190371,0.992981619789184,0.97492064215163,0.899624507276216,0.00647766800315584,0.00261724006327633,0.809324254091975,0.999361863605767,SEKER
37506,700.778,247.579940745569,193.218245874657,1.28134866158643,0.625246024779572,37812,218.52716619413,0.742972603553812,0.99190733100603,0.959731379456333,0.882652954581261,0.0066010755811222,0.00247146454923042,0.779076238231029,0.998268295131118,SEKER
37512,712.467,250.539627677254,190.918043469287,1.31228889173882,0.647544862346707,37891,218.544644871718,0.790991902834008,0.989997624765776,0.928646821725009,0.872295719834181,0.00667891948382529,0.00238528862251936,0.760899822841033,0.99852038524032,SEKER
37512,704.306,243.247255746027,196.678454690506,1.23677632168099,0.588422473234727,37910,218.544644871718,0.775730504373721,0.989501450804537,0.950292512501262,0.898446497171996,0.0064845184406597,0.00260631180805074,0.807206108280629,0.998333401437747,SEKER
37513,706.094,232.981892903464,205.407822053533,1.13424060765683,0.471909209046717,37951,218.547557848744,0.754151421334084,0.988458802139601,0.94551107205007,0.938045249461936,0.00621069743564802,0.00296630148181789,0.879928890038106,0.998051078931619,SEKER
37516,708.078,244.597035236164,195.633111589876,1.2502844393179,0.600242589687477,37869,218.556296546872,0.779019062253416,0.990678391296311,0.940295134959776,0.893536163820836,0.00651980582248013,0.00256367495825351,0.798406876055656,0.998235693376802,SEKER
37533,703.354,237.388146317236,201.412624814068,1.17861602040279,0.529271136896206,37918,218.605809237872,0.774067810592311,0.989846510891925,0.953400157933671,0.920879212501772,0.00632478475787271,0.00280566743379259,0.848018524017884,0.999488218005804,SEKER
37539,701.891,239.572901179329,199.718784461727,1.19955116803367,0.552300445878672,37844,218.62328162804,0.785055524185959,0.991940598245429,0.957531821892453,0.912554302059367,0.00638197344573187,0.002730043851095,0.832755354207059,0.998932657825368,SEKER
37540,711.089,235.930872039411,202.974017496664,1.16236981929615,0.50976887383923,38001,218.626193557309,0.766748366013072,0.987868740296308,0.932945364828961,0.926653606912405,0.00628478614915852,0.00285851153781443,0.85868690720377,0.998111745158415,SEKER
37548,703.892,246.059929267585,194.431853222293,1.26553301421381,0.612873694527939,37881,218.649487595365,0.782739212007505,0.991209313376099,0.952323748382877,0.888602578429537,0.00655321000499587,0.00252036897365716,0.789614542391621,0.999283271899925,SEKER
37553,702.511,241.559960835638,198.049220867398,1.21969659753104,0.572541091156,37880,218.66404510902,0.77820374668435,0.99136747624076,0.956198908344528,0.905216428884103,0.00643250767809863,0.00266421816883269,0.819416783121689,0.999439862333353,SEKER
37557,697.113,244.933191657002,195.328493962088,1.25395525603419,0.603349848390504,37810,218.675690422183,0.765095338983051,0.993308648505686,0.971168068986123,0.892797292775291,0.00652163888641272,0.00255592419440951,0.797087005986889,0.999511440673816,SEKER
37564,736.706,236.460205579492,202.526017024295,1.16755471249467,0.516162104785112,38184,218.696068228104,0.766299469604243,0.983762832600042,0.869747686187121,0.924874727619166,0.00629486225054551,0.00284117276792898,0.855393261788627,0.998718433837499,SEKER
37574,712.47,253.499315852866,188.904444725824,1.34194468648313,0.666855337247736,38001,218.725176086062,0.748113489298158,0.988763453593327,0.93017385988902,0.862823536032787,0.00674666833057078,0.00230651910511071,0.744464454332121,0.999030118766553,SEKER
37577,704.505,246.681927545037,194.283057133147,1.26970375690547,0.616205658004033,37883,218.733907688116,0.755438060391621,0.991922498218198,0.951401450834957,0.886704226227442,0.00656470520651028,0.00250328389256761,0.786244384809607,0.998297449238587,SEKER
37580,703.04,243.49361162053,196.709749183604,1.23783194595637,0.589368801469946,37934,218.742638941628,0.798894557823129,0.990668002319819,0.955446929990267,0.898350628116374,0.00647934038372886,0.00260311923662252,0.807033851037084,0.998972282281899,SEKER
37580,698.245,242.686580137452,197.398589013053,1.22942408732924,0.581720184461914,37888,218.742638941628,0.786324070974222,0.991870777027027,0.968614510577959,0.901338008956809,0.00645786535756924,0.00262917497812545,0.812410206390225,0.998796676528261,SEKER
37606,700.716,229.643826961093,209.019181954909,1.09867345577227,0.414194160799714,37942,218.818295211599,0.785733687135664,0.991144378261557,0.962460549912618,0.952859469846196,0.0061065741360712,0.0031052231460277,0.907941169275574,0.997530862085914,SEKER
37606,696.136,238.355983610324,201.098674956022,1.18526879236002,0.536829925366119,37883,218.818295211599,0.780612350804359,0.992688013092944,0.975166601737353,0.918031475011485,0.00633824346142435,0.00277701973026753,0.842781789111763,0.998922953403512,SEKER
37631,744.128,248.899729039209,192.992720969721,1.28968454244582,0.631490748552863,38388,218.891016964902,0.750353931127993,0.98028029592581,0.854004836938649,0.879434532973799,0.00661422043100659,0.00244046446217032,0.773405097786844,0.997448599664492,SEKER
37637,703.354,250.544102890912,191.528375554788,1.30813046456003,0.644683323376017,37959,218.908466590941,0.786332107638309,0.991517163255091,0.956041929612596,0.87373226535791,0.00665685636184902,0.00239310879953746,0.763408071527465,0.998637355256097,SEKER
37642,699.339,240.43963770046,199.767038076331,1.20360015353778,0.556510308132662,37928,218.923006883518,0.746894718044367,0.99245939675174,0.967179444781425,0.910511299123869,0.00638753620159556,0.0027080363879922,0.829030825832235,0.997821629259232,SEKER
37644,695.582,238.915822306758,200.794334475757,1.18985340363577,0.541905124329348,37973,218.928822730152,0.779153040526555,0.991335949227082,0.977707527350461,0.916342922023211,0.00634671720079581,0.00276033014699052,0.839684350742036,0.999101282710099,SEKER
37646,703.337,249.237926199217,192.550728637689,1.29440136613658,0.634944322406046,37941,218.934638422292,0.803577527322404,0.99222477003769,0.956316772083559,0.87841622565619,0.00662056861815909,0.00243151218810099,0.771615065496067,0.998779594909671,SEKER
37652,693.787,231.778732329191,206.946033592986,1.11999601202817,0.45033370437876,37917,218.952084571872,0.783274391512378,0.993011050452304,0.982982074694227,0.944659945162263,0.00615581462682436,0.00302389913166325,0.89238241199397,0.999464742637322,SEKER
37657,704.416,252.095106948316,190.573144070259,1.32282598462759,0.654620893744081,37993,218.966621968034,0.747459309249702,0.991156265627879,0.953667886434635,0.868587354267554,0.00669450850966132,0.00235045786041147,0.75444399199351,0.997998116555185,SEKER
37663,712.345,233.569795174706,205.828160052727,1.13478056216833,0.472692121154832,38084,218.984065569531,0.753998918940562,0.988945488919231,0.932704374503624,0.937553014531413,0.00620157170630874,0.00295573075526015,0.879005655056941,0.997478531394656,SEKER
37669,698.99,243.28546189875,197.668607632739,1.23077439970015,0.582965946652039,37937,219.001507781633,0.754950296616963,0.992935656483117,0.968839930654343,0.900183291152749,0.00645850598366694,0.00261598722559627,0.810329957670595,0.997333367211077,SEKER
37679,707.574,242.452317195143,198.130856580637,1.22369792055317,0.576361079952858,38045,219.030575048499,0.77849173553719,0.990379813378894,0.945726371793882,0.903396501144626,0.00643468025147013,0.00264374979238406,0.816125238280352,0.998690756994624,SEKER
37681,703.836,248.221055588372,193.631749797185,1.28192332015986,0.625682453543152,38044,219.036388038987,0.754434789572739,0.990458416570287,0.955849089690708,0.882424690040066,0.00658743280667636,0.00246380632231352,0.778673333592306,0.998199505118599,SEKER
37682,715.569,246.571005246036,194.780758513013,1.26588995303436,0.61316084988917,38157,219.03929447638,0.774409667276352,0.98755143224048,0.924784993447796,0.888341653382223,0.00654346916952486,0.00251366806690161,0.789150893133861,0.998978187046248,SEKER
37688,710.5,238.581647200231,201.471740049077,1.18419410653878,0.535624686798985,38083,219.056732290927,0.777649389237372,0.989627917968648,0.938177019412677,0.918162544611333,0.00633044064954974,0.00277518534322665,0.843022458327158,0.998302226830855,SEKER
37690,702.993,247.278826334044,194.41023461562,1.27194345926774,0.617974083397571,37977,219.062544587313,0.779363110008271,0.99244279432288,0.958371742932506,0.885892851543161,0.00656086034316912,0.00249267320451499,0.784806144415273,0.998229042182137,SEKER
37693,709.359,252.261630135444,190.473671681951,1.32439107152124,0.655651110530429,38032,219.071262742749,0.775002056090139,0.991086453512831,0.941322418741382,0.868428792064513,0.00669253256932174,0.00234804875797724,0.754168566886629,0.998814116406623,SEKER
37693,701.429,246.674285583638,194.88321283707,1.26575440743512,0.613051848632009,37995,219.071262742749,0.769967724802876,0.992051585734965,0.962726959355573,0.888099309680458,0.00654429962018512,0.00251124489708409,0.788720383854905,0.998326302098267,SEKER
37706,717.777,250.627134684463,191.968437257728,1.30556428059048,0.642897372304298,38097,219.109037407826,0.767317867317867,0.989736724676484,0.91968954887579,0.874243077006333,0.00664687674864646,0.00239511403747696,0.7643009576935,0.997844029985729,SEKER
37720,706.226,238.253632356349,201.964766570228,1.17967919059536,0.530494959365264,38103,219.149710534626,0.755427381238484,0.989948298034276,0.950373118245595,0.919816870648378,0.00631637413457977,0.00278902940142923,0.846063075529376,0.998083004133118,SEKER
37722,699.287,237.205186441408,202.801711089527,1.16964095207606,0.518688620077486,38031,219.155520365105,0.798602731025722,0.991875049301885,0.969379130122952,0.9239069501511,0.00628824522669552,0.00282632544924213,0.853604052537508,0.998410256705952,SEKER
37733,715.114,251.951597136098,190.796968372826,1.3205220150237,0.653094659927923,38142,219.187471680048,0.778610044983699,0.989276912589796,0.927215405518345,0.86995865146927,0.00667722145432639,0.00235922840486173,0.75682805526623,0.999408108566632,SEKER
37735,722.21,251.771197875183,191.26249188213,1.31636472680876,0.650311243653126,38145,219.193280509648,0.791256028517509,0.989251540175646,0.909132583535012,0.870605066661812,0.00667208686564683,0.00236442866453504,0.757953182097219,0.997742833485239,SEKER
37761,698.336,236.55891092635,203.465112684477,1.16265097148716,0.510119810041666,38115,219.268781290781,0.781493822305925,0.990712317985045,0.973026098284303,0.926909835829638,0.00626463575981437,0.00285249932672614,0.859161843757727,0.998905352309617,SEKER
37765,704.943,237.204730186642,202.995307691007,1.16852321802289,0.517338219379398,38130,219.280394488252,0.783912817851583,0.990427484920011,0.954973561437952,0.924435167526859,0.00628107322088289,0.00282956355711324,0.854580378960412,0.998597014482042,SEKER
37771,712.802,242.648298627076,198.543716935957,1.22214040500383,0.57488162209824,38155,219.297813131348,0.748592833359759,0.989935788232211,0.93417991986802,0.903768187834628,0.00642419577525288,0.00264378863600816,0.816796937341887,0.998240539808901,SEKER
37776,700.671,246.175702647364,196.033631301996,1.25578300525445,0.604880942397755,38029,219.312327610455,0.735514018691589,0.993347182413421,0.966935595256732,0.890877228142254,0.00651672232759857,0.00253209742274474,0.793662235622425,0.996667547406894,SEKER
37777,716.007,250.174661841412,192.704033475079,1.29823261781267,0.637708265314823,38174,219.315230391006,0.770518887166517,0.989600251480065,0.925982531374604,0.876648453431437,0.00662240680417746,0.00241266765454597,0.768512510903731,0.997708008852335,SEKER
37784,702.271,242.226839961227,198.871507793298,1.21800675546238,0.57090876541493,38106,219.335548779201,0.801799507681861,0.991549887156878,0.962738472097737,0.905496471052959,0.00641083103856731,0.00265852740826579,0.819923859089363,0.998672799335631,SEKER
37791,713.544,245.051916175773,196.527778057066,1.24690727488211,0.5973451742307,38169,219.355865285354,0.76401018922853,0.990096675312426,0.932731686725147,0.895140379673722,0.00648439882976828,0.00256811268274403,0.801276299322415,0.999117246815738,SEKER
37810,713.014,243.745453927729,197.750150310843,1.23259301469347,0.584633116736051,38222,219.411000604884,0.781521289789169,0.989220867563184,0.934588487144542,0.900164483354589,0.00644658698565801,0.00261094127586759,0.810296097093035,0.998765309110256,SEKER
37810,712.632,241.102093805928,200.034622784462,1.20530181450496,0.558257544407995,38253,219.411000604884,0.797679324894515,0.988419208950932,0.93559071126259,0.910033575989998,0.00637667531885553,0.00269776261199293,0.828161109429144,0.99818408789739,SEKER
37822,699.758,235.231781550765,204.881470386576,1.14813594956598,0.491323796465991,38130,219.445815774586,0.785928019283518,0.991922370836612,0.970640950378907,0.932891866600208,0.00621944322221895,0.00290573829484077,0.870287234768821,0.999208060686448,SEKER
37826,704.225,242.586214954962,198.865739598748,1.21984920803567,0.572687944937132,38170,219.457419603786,0.764532298488156,0.99098768666492,0.958467530956475,0.904657421051442,0.00641321352918526,0.00264967167603949,0.818405049463446,0.99833075144038,SEKER
37833,703.902,242.016003648619,199.234679421154,1.21472830107569,0.567708924860695,38173,219.477724828661,0.76092115848753,0.991093181044194,0.959524892902158,0.906872775022428,0.00639695513569156,0.00266893824255017,0.822418230076879,0.999014699394967,SEKER
37838,702.47,242.014171379855,199.374017886358,1.21387016194759,0.56686407759439,38142,219.492227410651,0.777887422392171,0.992029783440826,0.96356823209411,0.906939565394896,0.00639606140334729,0.0026693515961592,0.822539375278683,0.998456004677804,SEKER
37844,703.919,245.774989863067,196.190518203596,1.25273633054996,0.602322860780063,38174,219.509629244271,0.76768906199286,0.991355372766805,0.959757517227378,0.893132492311648,0.0064944242115809,0.00254908297993622,0.797685648822816,0.999289792638655,SEKER
37848,697.327,240.962129441016,200.146273558008,1.20393013148545,0.556850131980645,38105,219.52122970031,0.795778053447152,0.99325547828369,0.978092293043478,0.911019628725708,0.00636657496937793,0.00270518242678624,0.829956763923527,0.999209955917693,SEKER
37849,713.618,251.881542441721,191.670593880715,1.31413764282735,0.64880431280248,38243,219.524129718537,0.775530694205393,0.98969746097325,0.933969473487883,0.871537182083635,0.00665490613864888,0.00236845630651114,0.759577059754283,0.998188806851223,SEKER
37856,708.716,248.430330282633,194.360323806228,1.27819467171866,0.622834723640428,38232,219.544428773527,0.744639836342893,0.990165306549487,0.947109323561148,0.883726349048269,0.0065625087247103,0.00246899876505517,0.780972260002184,0.99823458149487,SEKER
37861,712.99,253.520178943006,190.351293602389,1.33185424771826,0.660492196650449,38226,219.558926949505,0.747871604938272,0.990451525139957,0.935912110776544,0.866041227427753,0.00669607720194941,0.00232356316126933,0.750027407604569,0.998927188723256,SEKER
37865,707.053,243.058021217587,198.494562517539,1.22450720127969,0.577126082890664,38220,219.570524801024,0.779821237334212,0.990711669283098,0.951796024682321,0.903366709319428,0.00641906830100587,0.00263698759904197,0.816071411506613,0.999285320148325,SEKER
37884,699.809,249.371014581479,193.591502415717,1.28812996164461,0.630340007780911,38145,219.625606231939,0.755398695938267,0.99315768777035,0.97209037930404,0.880718260702986,0.00658248903445991,0.00244296874784811,0.775664654735692,0.999156881953765,SEKER
37884,703.214,246.514877587316,195.983904868021,1.25783225797712,0.606585094767463,38173,219.625606231939,0.799493510604622,0.992429203887565,0.962699342661883,0.890922318285425,0.00650709739170405,0.00252886952892898,0.793742577219077,0.998395018156048,SEKER
37889,707.045,240.15443139891,201.179300783148,1.1937333038938,0.546118320946906,38247,219.640099049492,0.784142883751733,0.990639788741601,0.952420854577734,0.914578580832668,0.00633836816487399,0.00273552903537312,0.836453980517897,0.998502973718746,SEKER
37891,713.155,227.011426475749,212.784270974071,1.06686187581699,0.348447064098647,38377,219.645895908756,0.783665280966268,0.987336164890429,0.936220331444543,0.967554361992525,0.00599117010571768,0.00323886550431797,0.936161443410762,0.998754953584751,SEKER
37904,710.507,231.733222659567,208.670685970984,1.11052120992112,0.434901412556982,38307,219.683571765486,0.809395686525731,0.989479729553345,0.943535370714252,0.948002057038744,0.00611368780760781,0.00304593155054544,0.89870790014969,0.9980341846399,SEKER
37906,699.816,242.125811599728,199.709302374953,1.21239125428989,0.565400888290628,38203,219.689367477653,0.794908358847461,0.992225741433919,0.972635433604184,0.907335595598677,0.00638753262279661,0.00267045146930189,0.823257883040406,0.998110657423399,SEKER
37916,732.54,259.532897430779,186.685900601953,1.39021156174053,0.694684073041109,38307,219.718343745301,0.78491284726535,0.989792988226695,0.887911519394933,0.846591495414962,0.00684494401916814,0.00216892866683744,0.716717160108942,0.996388482481293,SEKER
37918,701.991,234.783150854171,205.891600490431,1.14032408459073,0.480593155148429,38269,219.724138540279,0.77948401685682,0.99082808539549,0.966923683502194,0.93585991047865,0.00619186536352578,0.00292984498035723,0.875833772041107,0.998734344356421,SEKER
37919,701.737,243.353522886518,198.799940600784,1.22411265391272,0.576753438499659,38208,219.727035880459,0.753437450325862,0.992436139028476,0.967649302430118,0.902912903311138,0.00641771995270228,0.0026311400340718,0.815251710965748,0.997959935517172,SEKER
37927,697.748,233.259871400531,207.162747650938,1.12597401823211,0.459611723851984,38208,219.750213226678,0.791845000730735,0.992645519262982,0.978951452395318,0.942083230635691,0.00615023258893483,0.00298832890831779,0.88752081344498,0.999325376579274,SEKER
37928,703.265,241.153153544764,200.684361330672,1.20165394027595,0.554496066628253,38236,219.753110223076,0.754185722807715,0.991944764096663,0.963677675481511,0.911259533590484,0.00635818270261452,0.00270446338299524,0.830393937559546,0.997846147049688,SEKER
37937,700.065,242.419510515381,199.491141243587,1.21518935128741,0.568161577180447,38213,219.779181472263,0.782044939187796,0.99277732708764,0.972738527920578,0.906606819744068,0.0063900548413259,0.00266293321453074,0.821935925606454,0.998807784237526,SEKER
37951,699.222,240.525464655127,201.14879458545,1.19575891643213,0.548288927750152,38269,219.819730602701,0.775729207121395,0.991690402153179,0.975445297514626,0.913914586623442,0.00633778990422193,0.00272734474133704,0.835239871643096,0.998745523876857,SEKER
37957,713.931,255.15949779626,189.962363674743,1.34321079639306,0.667639428112436,38297,219.837106511873,0.786429089402258,0.991122020001567,0.935813408737246,0.861567405526911,0.00672233047385883,0.00228484457989959,0.742298394266373,0.997063217323824,SEKER
37968,709.268,252.149799893722,191.899925016958,1.31396507774268,0.648687082085377,38292,219.868958778871,0.785306527674361,0.991538702601066,0.948433427761851,0.871977526341653,0.00664111356652239,0.00236832793356298,0.760344806444908,0.999066522711629,SEKER
37969,699.361,239.412640056583,202.301544671576,1.18344444895492,0.534780402656154,38269,219.871854210696,0.793318150477424,0.992160756748282,0.975520056681604,0.918380308402811,0.006305476574484,0.00276686475949964,0.843422390862041,0.998143546589973,SEKER
37970,703.416,246.498360689993,196.489196723703,1.25451355494425,0.603818653993572,38241,219.874749604392,0.750039506953224,0.992913365236265,0.964330662122822,0.89199274587029,0.00649192416881731,0.0025351198216791,0.79565105868522,0.998155038126353,SEKER
37987,701.371,244.466475198666,198.010965911057,1.23461079074013,0.586468740947044,38307,219.923965465009,0.775878267973856,0.991646435377346,0.970396566044133,0.89960787173901,0.00643552992335973,0.00260002224981162,0.809294322894791,0.999163503930633,SEKER
37995,703.86,252.803121729708,191.75958939009,1.31833366213274,0.651634263604238,38262,219.9471220594,0.78340206185567,0.993021797083268,0.963748560820098,0.870033251783035,0.00665358920199257,0.0023516850121297,0.756957859208161,0.997923026610051,SEKER
37996,723.824,247.204498060583,196.76459283252,1.25634645187916,0.605350812936809,38627,219.95001646228,0.7678131188619,0.983664276283429,0.911342838155608,0.889749248852163,0.00650606637700241,0.00251517827221573,0.791653725832988,0.994591349567188,SEKER
37997,706.226,246.90381736928,196.219783354797,1.25830236456249,0.606974188047279,38305,219.952910827072,0.776177636148221,0.991959274246182,0.957352263361025,0.890844512533805,0.00649798187670817,0.00252444489482131,0.793603945511592,0.998593721163356,SEKER
37998,727.603,247.757586821637,196.105510594076,1.26338921364875,0.61114104022674,38651,219.955805153778,0.75349501279026,0.98310522366821,0.901948291692193,0.887786355911377,0.00652027966792035,0.00249850286334029,0.788164613742401,0.995758671581785,SEKER
38001,725.626,240.24218798568,201.816677943497,1.19039809015656,0.542501069256983,38491,219.964487905391,0.749260617532237,0.98726975137045,0.906941381433104,0.91559475773049,0.00632199647340016,0.00274060977081718,0.838313760383554,0.997927099312545,SEKER
38008,715.481,255.362505979331,189.700196566819,1.34613727661259,0.669439825643056,38388,219.984746326408,0.76046418567427,0.990101073252058,0.933015096432058,0.861460634100346,0.00671865149387842,0.00228246235087332,0.742114424104571,0.998987889799046,SEKER
38010,713.114,239.847013614883,202.004073682837,1.18733750880422,0.539133207720182,38445,219.990534104046,0.752613654364011,0.988685134607881,0.939268609185206,0.917211895984998,0.00631010296276987,0.00275483075978656,0.841277662136395,0.998880523573662,SEKER
38016,702.523,242.059273016965,200.261957663515,1.20871320664746,0.561721907497061,38312,220.007896523402,0.748936170212766,0.992273961160994,0.96795504676201,0.908900922411606,0.00636729990048834,0.00268041009607329,0.826100886760668,0.998519051850797,SEKER
38017,707.111,246.268776796932,196.809721219505,1.25130392579676,0.601109918138547,38373,220.01079012675,0.757808918213168,0.990722643525395,0.955460022129796,0.893376712177223,0.00647785929444544,0.00254536332920748,0.798121949860584,0.998693129125115,SEKER
38019,716.827,246.136568980968,196.984990628261,1.24951940853942,0.599589518241554,38422,220.016577219277,0.760273561701362,0.989511217531623,0.929783518251909,0.893880085068911,0.00647404111052283,0.00254960124310093,0.799021606482804,0.99839300514261,SEKER
38025,713.907,245.804777569881,197.175389776797,1.24663010859587,0.597105707905428,38428,220.033937583625,0.789588438058059,0.989512855209743,0.937552953111631,0.895157286033917,0.00646429395318555,0.00256034366808304,0.801306566739609,0.99893289231318,SEKER
38042,723.178,243.920410491997,198.875836434905,1.22649596283074,0.578995336408126,38508,220.083117845997,0.783886255924171,0.98789861846889,0.914077025556993,0.90227430087577,0.00641187136564841,0.00262131320050734,0.814098914020859,0.998489031391469,SEKER
38048,710.956,250.699237063791,193.842991277459,1.29331081516871,0.634150864308118,38384,220.100472961971,0.769065955167465,0.991246352646936,0.945924010827124,0.877946321416075,0.00658902536437633,0.00241475345451475,0.770789743288018,0.996870711215503,SEKER
38058,702.407,243.776736971166,198.999087707334,1.22501434443602,0.577604191149392,38365,220.129395114625,0.743146137623994,0.991997914766063,0.969344529801613,0.90299590457092,0.00640540062460366,0.00262705510752224,0.815401603671853,0.998878660974157,SEKER
38061,701.644,240.187286899217,201.9628840161,1.18926449317326,0.541259132397818,38398,220.138071019451,0.784277766330105,0.991223501224022,0.971530472707667,0.916526739867885,0.00631058792199934,0.00274681964719674,0.840021264892853,0.99900746384756,SEKER
38066,704.695,236.662740040815,205.138963314149,1.15367035212316,0.498658155200872,38393,220.152530101039,0.79569397993311,0.991482822389498,0.963262663461815,0.930237392092525,0.00621716860297417,0.00287175627084105,0.865341605647103,0.998318954893714,SEKER
38067,707.292,247.875210905543,195.710196385732,1.26654213977179,0.613684557319929,38350,220.155421803401,0.786833402232328,0.992620599739244,0.956227048511574,0.88817038621621,0.00651155097342957,0.00249947824967951,0.788846634951452,0.999107504983191,SEKER
38084,715.166,249.174571635945,194.819254299736,1.27900382604166,0.623455934110593,38468,220.204574933615,0.768581865149038,0.990017677030259,0.935704465092785,0.883736143250377,0.00654276262041658,0.00246167885663485,0.780989570887051,0.998888649263169,SEKER
38090,805.266,234.894070793452,207.542971440153,1.13178523543105,0.468318246819158,39006,220.221920477872,0.792386103598918,0.976516433369225,0.738145729227581,0.937537161895919,0.00616681729570629,0.00293896767470653,0.878975929935854,0.994811979800675,SEKER
38091,716.472,247.03809979764,196.938789165543,1.25439026432718,0.603715211577982,38511,220.224811269092,0.781273715516357,0.989094025083742,0.93246769118148,0.891460918172087,0.00648547162840671,0.0025265654907446,0.79470256862822,0.996867165123039,SEKER
38093,737.757,233.468492261576,207.997930925102,1.12245583993643,0.454192353499974,38859,220.230592737695,0.770115639657124,0.980287706837541,0.879484850567465,0.943298989102783,0.00612890799521108,0.00299336957943165,0.889812982842332,0.998775779042633,SEKER
38094,725.104,250.17883787737,194.257304917688,1.28787351386027,0.630149575597216,38577,220.233483415082,0.7743312464428,0.987479586281982,0.910470417877259,0.880304206717252,0.00656740793503885,0.00243279136141075,0.77493549636409,0.998018900717477,SEKER
38095,707.285,249.072897009945,194.929570616074,1.27775840383145,0.622499041015826,38413,220.236374054528,0.776608973966934,0.99172155259938,0.956949338324077,0.884224565171114,0.00653820441028862,0.00246540664097882,0.781853081652045,0.999019345642416,SEKER
38104,704.491,250.544301946901,193.834863651162,1.29256572954697,0.63360703006092,38377,220.262388102437,0.764910167620195,0.992886364228575,0.964782759159159,0.879135491770706,0.00657527561271523,0.00242279672543198,0.77287921289092,0.998997183662041,SEKER
38115,711.327,238.478960620976,203.805079940429,1.17013256338204,0.519280230886478,38531,220.29417887811,0.787760416666667,0.989203498481742,0.946601527367861,0.923746808961619,0.00625682698730096,0.00281025489829873,0.853308167066774,0.998483672884673,SEKER
38116,722.078,250.748305604291,194.04356440861,1.29222685827536,0.633359223612339,38556,220.297068721137,0.756570067487098,0.988588027803714,0.918647623231794,0.878558553726742,0.00657855770816169,0.0024176492672951,0.771865132326425,0.997424854958474,SEKER
38117,699.123,238.594016756662,203.595788607376,1.17190055054026,0.52139617786278,38406,220.299958526256,0.767744924266839,0.992475134093631,0.979989440825869,0.923325578406839,0.00625951719066721,0.00280633857683673,0.852530123740324,0.999080521363443,SEKER
38118,716.011,259.924268136844,186.918649784108,1.39057428692673,0.69487830336262,38468,220.302848293468,0.730117989580141,0.990901528543205,0.934330618171233,0.847565523114155,0.00681893772330249,0.00217064906887395,0.718367315971771,0.998943118158917,SEKER
38118,707.806,249.097861157919,195.205334731929,1.27608121724747,0.621203639785491,38477,220.302848293468,0.758567164179105,0.990669750760194,0.95611799077976,0.884402809680508,0.0065349142441345,0.00246615353023913,0.782168329770776,0.99811031434631,SEKER
38121,704.92,236.598130974833,205.363990623575,1.15209161185667,0.496587740855298,38440,220.311517367679,0.779889525368249,0.991701352757544,0.964038733643767,0.93116338856926,0.00620650378990145,0.00287826221183003,0.867065256211787,0.998938608613956,SEKER
38122,710.41,246.905722977971,196.834630617705,1.25438151916222,0.603707872440141,38481,220.314406983279,0.774837398373984,0.990670720615369,0.94922115540537,0.892301743054111,0.00647672532862838,0.00253269100297346,0.796202400657404,0.99874157689724,SEKER
38125,704.918,238.649730219302,203.507420054757,1.1726831884316,0.522327067826356,38406,220.323075602689,0.793873896385141,0.992683434879967,0.964145360245625,0.923206891540282,0.00625966505493252,0.00280496217454498,0.852310964587469,0.999490739487648,SEKER
38134,717.612,247.751868896957,196.271831519811,1.26228948381699,0.610246874063606,38522,220.349079414757,0.778403755868545,0.989927833445823,0.930556702180471,0.889394216866241,0.00649687598722811,0.00250761895804547,0.791022072995115,0.998498844208847,SEKER
38145,762.943,256.113302485211,190.105433974136,1.34721715803272,0.670100002103352,38876,220.380857684879,0.740277130880298,0.981196625167198,0.823499420332859,0.860481886518192,0.00671420376157323,0.00227060301663087,0.740429077025907,0.997518756875629,SEKER
38148,700.346,240.677969537747,202.096152182525,1.19090822333112,0.54305787587577,38456,220.389523690572,0.774295688885281,0.991990846681922,0.9773639879076,0.915702937472249,0.00630905865412989,0.00273629399363188,0.838511869695306,0.998590680980896,SEKER
38151,715.089,240.298027954011,202.590851107772,1.18612477631667,0.537785625587553,38724,220.398189355519,0.777196056062582,0.985202974899287,0.937552497580706,0.917186841823352,0.00629860365269616,0.00274951001473965,0.841231702813895,0.997805765330625,SEKER
38153,705.654,236.47754677549,205.65931891012,1.14985087001498,0.493619472648603,38510,220.403966276201,0.784911948650428,0.990729680602441,0.96284181133523,0.932029147297653,0.00619813767660446,0.00288508729635199,0.868678331412389,0.998850535137701,SEKER
38159,707.153,247.714412641126,196.559934339533,1.26024875554359,0.608577893856798,38483,220.421296129818,0.750599944923089,0.991580697970532,0.958914912815719,0.88982023201513,0.00649163795280605,0.00251040133985665,0.791780045303459,0.997839816757932,SEKER
38159,701.909,243.5396831444,199.753743272879,1.21919959623338,0.572062193616488,38461,220.421296129818,0.784486657620986,0.992147890070461,0.973296646305997,0.905073429035898,0.00638223441768391,0.00264172602702303,0.819157911946798,0.998716995496916,SEKER
38170,723.21,247.581583927351,196.64824725158,1.25900732596213,0.607556381068589,38617,220.453063989914,0.769106772250096,0.988424787010902,0.917071461478597,0.890425937555203,0.00648628723938568,0.00251516886781025,0.792858350271063,0.998214471441518,SEKER
38171,707.456,233.945735442786,208.039339991972,1.12452642587606,0.457395791903009,38570,220.455951750199,0.793180118028427,0.989655172413793,0.958394986651591,0.942337979929169,0.00612888673188509,0.00298117958777926,0.888000868416987,0.998580442735789,SEKER
38172,712.28,255.332774667352,190.545414373131,1.34001007322775,0.665651158617812,38486,220.458839472657,0.744093567251462,0.991841189003794,0.945482030303948,0.863417709535607,0.00668900698594133,0.00229311175756749,0.745490141139714,0.998964298619196,SEKER
38179,719.145,250.862792762375,194.004683576941,1.29307596155474,0.633979597624253,38618,220.47905247085,0.737672926810418,0.988632244031281,0.927687025054897,0.878883034199873,0.00657070098122986,0.00241833126484966,0.772435387804376,0.998817631824049,SEKER
38183,721.729,246.561548456454,197.513506869088,1.24832753144258,0.598568249171256,38626,220.49060192358,0.798173000543501,0.98853104126754,0.921152635898658,0.894261912710698,0.00645736449352995,0.00254738156144966,0.799704368524996,0.998292980244652,SEKER
38185,713.378,228.186857913713,213.455320912476,1.06901461597801,0.35348311551329,38677,220.496376423088,0.775361435997401,0.987279261576648,0.94289478802391,0.96629743903335,0.00597582448379503,0.00321381527203032,0.933730740682411,0.99817180917747,SEKER
38187,732.35,252.536863903308,192.800539639868,1.30983483954465,0.64586098608265,38625,220.502150771374,0.788287265445988,0.988660194174757,0.894721829521751,0.873148368769638,0.00661316322055433,0.00237105262087487,0.76238807388508,0.998602460428018,SEKER
38190,706.192,250.178229750558,194.688269978157,1.28501953291088,0.628018650383471,38507,220.510812010286,0.796986518636003,0.991767730542499,0.962307643983086,0.881414870631022,0.00655088320896984,0.00243893998034501,0.776892174169501,0.99832161877341,SEKER
38191,703.597,249.385101802581,195.209287728849,1.27752682622859,0.62232064220997,38438,220.513699014326,0.778566040812998,0.993574067329206,0.969444466569852,0.884229640906493,0.00652994427489674,0.00246234847163261,0.781862057857625,0.998849753323409,SEKER
38192,706.381,251.309088206996,193.929004521885,1.29588190702353,0.636016746692964,38486,220.516585980568,0.814345721657178,0.992360858493998,0.961843129728408,0.877471593064454,0.00658014998447308,0.00240628918010004,0.769956396635071,0.997772563596423,SEKER
38194,703.614,243.424543671638,199.976968450302,1.21726289561257,0.570186581056427,38483,220.522359799669,0.769326833984611,0.992490190473716,0.969473770333507,0.905916702044383,0.006373371306269,0.00264790286880161,0.820685071042971,0.998989485963775,SEKER
38195,719.457,243.285690908182,200.21206195182,1.21514002970874,0.568113195808947,38604,220.525246652531,0.778536485935589,0.989405242980002,0.927271033906914,0.906445610628858,0.00636956907731856,0.00265250869199692,0.821643645028323,0.998412083229712,SEKER
38200,701.769,239.606249185186,203.178747349913,1.17928795363886,0.530045317194699,38503,220.539680350007,0.758568648476905,0.992130483338961,0.974731199782321,0.920425410856279,0.00627241490013576,0.00277695563035125,0.847182936949951,0.999072632073468,SEKER
38210,705.63,236.731010964956,205.916021072629,1.14964833591776,0.493349440873024,38529,220.568544911396,0.782158355850324,0.991720522204054,0.964345877938559,0.931726451943585,0.00619552501871122,0.00288012660781078,0.868114181251382,0.998026023862264,SEKER
38216,710.146,241.949265507052,201.204595788227,1.20250367323473,0.555377602923839,38542,220.585861835248,0.776747967479675,0.991541694774532,0.952269340646844,0.911702961250853,0.00633109863688119,0.00269818860685115,0.831202289553574,0.999523806389288,SEKER
38217,713.032,242.911481261249,200.551546487915,1.21121719336074,0.564232772689502,38593,220.588747857056,0.75827380952381,0.990257300546731,0.944601029503205,0.90810342397861,0.0063561106643967,0.00266632119772448,0.824651828641675,0.998832473387174,SEKER
38218,715.604,248.508898707324,196.236543684773,1.2663742136965,0.613549832359762,38565,220.591633841106,0.76436,0.991002204071049,0.937847664361256,0.887660904653974,0.00650240459226866,0.00249024525854726,0.787941881651112,0.99782928081447,SEKER
38220,709.411,253.530660593425,192.260359438451,1.31868400399297,0.651868773333075,38562,220.597405695937,0.755918593382251,0.991131165395986,0.954343478670311,0.870101490603138,0.00663345527455324,0.00234530440184863,0.757076603949802,0.998344807425927,SEKER
38222,709.963,246.270525347658,197.703616056779,1.24565513903869,0.596261316318692,38555,220.603177399754,0.780773787637374,0.991362987939307,0.952909903201382,0.895775802192855,0.00644316166991936,0.00255903424507586,0.802414287794253,0.99953148122898,SEKER
38222,715.843,246.223489465649,198.212083489154,1.24222239699691,0.593262826710425,38662,220.603177399754,0.757936901386107,0.98861931612436,0.937319618738508,0.895946921548811,0.00644193107282845,0.00256050107622231,0.802720886232791,0.997157863415582,SEKER
38222,701.048,241.243875928344,201.875526460265,1.19501298725196,0.547491888808341,38491,220.603177399754,0.792330016583748,0.99301135330337,0.97729969416041,0.91444052849358,0.00631164972864695,0.00272235348654563,0.836201480151617,0.999271628740494,SEKER
38233,709.54,239.669689928401,203.32352521852,1.17876025251292,0.529437523651796,38594,220.63491907189,0.783110073327598,0.990646214437477,0.954320984390951,0.920579148484746,0.00626866031774646,0.00277714806364826,0.8474659686249,0.998959199172396,SEKER
38240,703.058,240.67701135943,202.412714524334,1.18904097464933,0.541013495313629,38518,220.655115940403,0.783767165402747,0.992782595150319,0.972177216349868,0.916810104521673,0.00629385489956668,0.00274292576397348,0.840540767753041,0.999437413721571,SEKER
38241,709.687,237.386827259463,206.326689444339,1.15053863316846,0.494534281396219,38572,220.658001056425,0.721555530397374,0.991418645649694,0.95412528409597,0.929529256546516,0.00620765218638276,0.00285863951365355,0.86402463877592,0.994093726921121,SEKER
38241,705.456,246.384707729229,197.884853889647,1.24509128862702,0.595771529426309,38534,220.658001056425,0.781161907096458,0.992396325323091,0.965604411985433,0.895583184078629,0.00644294625478489,0.00255674840175223,0.802069239604416,0.998649423107153,SEKER
38273,710.319,248.514426201101,196.359737544791,1.26560785478954,0.612933934648808,38635,220.750304859696,0.782999181669394,0.990630257538501,0.953225180678194,0.888279639271576,0.00649320477101614,0.00249366260091368,0.789040717544441,0.99861612987302,SEKER
38273,704.621,242.712362173225,200.951905972458,1.20781318793011,0.560812837712803,38580,220.750304859696,0.79060111547201,0.992042509072058,0.968704248762573,0.909514055580513,0.00634160797881601,0.00267680549034367,0.827215817298513,0.999122173397524,SEKER
38276,706.425,242.762641601325,200.955740693242,1.20804034143967,0.561042606346558,38627,220.758956362552,0.752812524585005,0.990913091878738,0.963838543026997,0.909361320614939,0.00634242453760385,0.00267535231589581,0.826938011430546,0.998974477677994,SEKER
38284,716.131,250.461655206108,195.179273643691,1.28323899628471,0.626678306459603,38694,220.782025379425,0.783817537825277,0.989404041970331,0.938085069222526,0.8815003046983,0.00654220183904785,0.00243665233878896,0.777042787183196,0.997131606295235,SEKER
38285,709.287,247.613776639816,197.326914932685,1.2548403583175,0.604092613101444,38609,220.784908837053,0.742331407298251,0.991608174259888,0.956300791741063,0.891650342857179,0.00646764468172433,0.00252176282983583,0.795040333917324,0.997648697489677,SEKER
38286,725.536,263.207796705661,185.374667154153,1.41986928821716,0.709912205105489,38646,220.787792257023,0.735279431534473,0.990684676292501,0.913969969657116,0.838834544494612,0.00687477920664631,0.0020996347201538,0.703643393037483,0.999081643630841,SEKER
38290,708.533,244.957708931753,199.238525990313,1.22946959035254,0.581762274676972,38631,220.799325560359,0.749799283294496,0.991172892236805,0.958462367434223,0.90137732967561,0.00639743298333124,0.0026050258186193,0.812481090453134,0.998920793448597,SEKER
38300,709.442,244.00483293142,200.178303488392,1.21893746065027,0.571809208820345,38656,220.828156183392,0.778455284552846,0.990790562913907,0.956257482572292,0.905015501252215,0.00637088336635562,0.00263635256467115,0.819053057506799,0.998374454055178,SEKER
38303,704.69,245.045462005791,199.25020461897,1.22983794407838,0.582102717311808,38608,220.836804636344,0.753699330972058,0.992100082884376,0.969273718700345,0.901207485454782,0.00639755272448088,0.0026031116618242,0.812174931839732,0.998843548405777,SEKER
38307,710.914,253.199539834566,192.826456615276,1.31309543451159,0.648095269934546,38617,220.84833538012,0.780469418524103,0.99197244736774,0.952475628567984,0.872230397908371,0.00660974599510705,0.00235987720632802,0.760785867035396,0.998984448645119,SEKER
38331,702.785,237.598418736446,205.928459669493,1.15379107442353,0.498815772029757,38639,220.917507204032,0.787974098057354,0.992028779212713,0.975247951051657,0.929793676148504,0.00619859692511143,0.00285771892890395,0.864516280205749,0.997471167795224,SEKER
38333,718.19,237.944927308239,205.490575659304,1.15793596151457,0.504167967067889,38776,220.923270545076,0.785158330260948,0.988575407468537,0.933907720423726,0.928463880462925,0.00620731294989276,0.00284540085260589,0.862045177324272,0.998193111273983,SEKER
38338,718.737,247.109098244652,197.705006950986,1.24988791156874,0.599904330711263,38802,220.937678239943,0.764131388025193,0.988041853512706,0.932608376643711,0.894089613896785,0.00644553962764494,0.00254075767083902,0.799396237678102,0.999155694027393,SEKER
38344,719.605,249.93029870722,195.647800554194,1.27745008121362,0.622261487999816,38741,220.954966233676,0.778558375634518,0.989752458635554,0.930505480656381,0.884066347203918,0.0065181071016905,0.00245606972212267,0.781573306258478,0.998420883554288,SEKER
38347,705.936,245.571678105631,199.192339682364,1.23283695797351,0.584855824171255,38686,220.963609723319,0.778018990423633,0.991237140050664,0.966964650726875,0.899792726212804,0.00640393454782985,0.00258938459266386,0.80962695014547,0.998138026310712,SEKER
38348,705.689,241.995429078035,201.843233229186,1.19892762916286,0.551645465745427,38638,220.966490811399,0.771279163314562,0.992494435529789,0.967666902527056,0.9131019195414,0.00631050978090214,0.00270595911215478,0.83375511547019,0.999612043893086,SEKER
38354,715.527,253.609821300079,192.816000393012,1.31529448169837,0.649588466218349,38702,220.983776551068,0.796304370393439,0.991008216629632,0.941387604244822,0.871353386151374,0.00661234346613335,0.00235132390840501,0.759256723557465,0.998646178687516,SEKER
38376,720.955,240.808641964757,203.759279740682,1.1818290792509,0.532951097527096,38872,221.047146031693,0.725663716814159,0.987240172875077,0.927797618128039,0.917936932114106,0.00627498024715334,0.00274816940226821,0.842608211339057,0.995818886576087,SEKER
38377,706.076,245.342356764987,199.355214554135,1.23067940466822,0.58287852778175,38698,221.05002603099,0.794324626402285,0.991704997674298,0.967337416573188,0.900985989315874,0.00639295298655411,0.00259868370818306,0.811775752943503,0.999035700356604,SEKER
38380,784.252,257.652082321007,190.134897453819,1.35510148726689,0.67485308423323,39006,221.058665803753,0.77583941458287,0.983951186996872,0.784157976714861,0.857973526984104,0.00671318609486731,0.00224390259171667,0.736118573005543,0.997515373084592,SEKER
38396,709.443,250.380455894977,195.738889678736,1.27915539066316,0.623572094724116,38723,221.104738890082,0.748430860395306,0.991555406347649,0.958651665615187,0.883075071094308,0.00652100364347789,0.00244615912793059,0.779821581188217,0.997512979332376,SEKER
38407,703.703,245.251067895142,199.626405768329,1.22855023588293,0.58091037295581,38689,221.136408568656,0.783816326530612,0.992711106516064,0.974633745996074,0.901673580737284,0.00638558252128889,0.00260362039056358,0.813015246199595,0.998830072494932,SEKER
38411,704.969,242.894288374937,201.47893098541,1.20555676559812,0.558518217188539,38707,221.147923690959,0.766273664891176,0.992352804402304,0.971237490117165,0.91046983924789,0.00632356065645093,0.00268042528561303,0.828955328180079,0.999352704266101,SEKER
38426,718.102,248.374409076121,197.254362358852,1.25915800343249,0.607680619111572,38830,221.191100060543,0.775781313090527,0.989595673448365,0.936402942778987,0.89055511348093,0.00646370710134077,0.00250786779144538,0.793088410147033,0.998623619066183,SEKER
38426,721.068,230.719291888671,212.3871880651,1.08631454651564,0.390639625166882,38886,221.191100060543,0.777319253954768,0.988170549812272,0.928715293380434,0.958702231832762,0.00600424951565792,0.00312876862596048,0.919109969321119,0.998442529521078,SEKER
38426,709.22,244.388680053521,200.506917998621,1.2188541048504,0.571728705178331,38709,221.191100060543,0.753052305642111,0.992689038724844,0.960004113702041,0.905079155106948,0.00635998230504142,0.00263258208250687,0.819168277009107,0.998446616995781,SEKER
38426,711.412,246.696608411404,198.555755475796,1.24245508683568,0.593467346506495,38799,221.191100060543,0.752094261332498,0.990386350163664,0.954097305574327,0.896611840287945,0.00642004393929641,0.00255938512713191,0.803912792144536,0.99882553797225,SEKER
38438,706.251,244.914877863835,200.070514905729,1.22414278775279,0.576781920688716,38751,221.225635088997,0.755909537856441,0.991922789089314,0.968394903037733,0.903275607503078,0.00637168629647314,0.00261646710058323,0.815906823110054,0.998786452988462,SEKER
38445,705.779,235.182532484054,208.473973056053,1.12811459884645,0.462853547391765,38763,221.24577803281,0.76966966966967,0.991796300595929,0.969867184341346,0.940740690628506,0.00611737631640145,0.00295545722037727,0.884993047004198,0.998373576203036,SEKER
38457,710.385,240.696457275908,203.770317383636,1.18121451822029,0.532251517128127,38801,221.280304527719,0.778986387943607,0.991134249117291,0.957629907758671,0.919333450238811,0.00625884643305271,0.00275782248377238,0.845173992727997,0.998331790632524,SEKER
38463,714.965,228.508377510222,214.512064918039,1.06524720461542,0.34460103162893,38878,221.297565755136,0.79141975308642,0.989325582591697,0.945547726432606,0.96844399389793,0.00594099205756759,0.00322356754674727,0.937883769316974,0.99907806351908,SEKER
38472,734.036,251.050246588803,195.389134849728,1.28487311631675,0.627908749596078,38999,221.323455072098,0.753466509988249,0.986486832995718,0.897263307585426,0.88159027158657,0.00652553146674993,0.00243143580182584,0.777201406956083,0.998605193761422,SEKER
38475,708.856,250.099698668215,196.036534424539,1.27578106500596,0.620970987548382,38772,221.332084171467,0.764758497316637,0.992339832869081,0.962215731626292,0.884975413205468,0.00650031705440456,0.00245945637211091,0.78318148197819,0.999168105171081,SEKER
38487,711.559,255.003869963116,192.352629484573,1.32571034067183,0.656515435706408,38835,221.366597205229,0.791327411793733,0.991039011201236,0.955217107063157,0.868091128331691,0.00662571439611079,0.00232099254611966,0.753582207088189,0.999031724483112,SEKER
38489,707.978,244.119399210075,200.950083821871,1.21482606310566,0.567804979395779,38782,221.372348854394,0.788870670219307,0.992444948687535,0.964954791049592,0.90681998059439,0.00634257578035478,0.00264563392097172,0.822322477205209,0.998978777586494,SEKER
38493,728.181,243.002514940638,201.954570212965,1.20325335883405,0.556152640323581,38990,221.383851704434,0.750760649087221,0.987253141831239,0.912248037626656,0.911035228415289,0.00631290143508268,0.00268256006322012,0.829985187413699,0.998682464538045,SEKER
38495,797.002,250.954017069687,195.950667594084,1.28069998510821,0.624752309418859,39373,221.389602905331,0.765429889445638,0.977700454626267,0.761544639626326,0.882191907068988,0.00651913279827737,0.00243568918763536,0.778262560898018,0.996720850152368,SEKER
38495,714.189,249.514507767973,196.658706669748,1.26876918898377,0.615463460823494,38855,221.389602905331,0.770855861267972,0.990734783168189,0.948391983289575,0.887281484695086,0.00648173808982915,0.00247808909780483,0.787268433082717,0.99886193135488,SEKER
38511,711.884,248.384599981925,197.776678394566,1.25588417197702,0.604965381029056,38826,221.435607135112,0.764289116456299,0.991886879925823,0.954940243358377,0.891502964158111,0.00644970527854184,0.00251310595111225,0.794777535102697,0.998148526578387,SEKER
38511,711.112,249.654670383979,196.627401614783,1.2696840233544,0.616190012556643,38797,221.435607135112,0.805029474476358,0.992628296002268,0.957014780242229,0.886967613281722,0.00648268469746251,0.00247494590505927,0.786711547010674,0.998875082227875,SEKER
38512,710.718,246.211635690763,199.447980177789,1.23446542537702,0.586336990725199,38880,221.438482082136,0.757662797560496,0.990534979423868,0.95810103092449,0.899382685391275,0.00639311476139288,0.00258030089398137,0.808889214781621,0.99854576860828,SEKER
38518,716.158,244.176760854009,201.161273169853,1.21383582936381,0.566830213283587,38895,221.455730980503,0.750896756082346,0.990307237434118,0.943747681074327,0.906948434429062,0.00633928970491742,0.00264576181389286,0.822555462713327,0.998447292280365,SEKER
38533,719.241,251.818199480852,195.159078875904,1.29032275070829,0.631961358251771,38942,221.498847349777,0.784147334147334,0.989497200965539,0.936038720155404,0.879598249079771,0.0065351309132653,0.00241307866210056,0.773693079784198,0.998313782911112,SEKER
38542,723.764,254.711595723784,192.900921898661,1.32042705248238,0.653031505020079,38941,221.524713143213,0.786571428571429,0.989753730001798,0.924592052508073,0.869708002549834,0.00660867613833697,0.00233231978912534,0.756392009699221,0.998760471888368,SEKER
38543,717.555,254.975500482231,192.935368931987,1.32155914124856,0.653783119270681,38878,221.527586933834,0.78339430894309,0.991383301610165,0.940686668136577,0.868819108168677,0.0066153516976424,0.00232514561484138,0.754846642719016,0.997574480926104,SEKER
38548,704.398,242.202884429016,202.968690197553,1.19330170674736,0.545653280833881,38857,221.541955327769,0.783750813272609,0.992047764881489,0.97628245804474,0.914695776022839,0.00628315047289135,0.00271308823165363,0.836668362674023,0.998397785160429,SEKER
38550,714.519,238.485260864827,206.138271088245,1.15691889529206,0.502865237428471,38916,221.547702424423,0.792036489151874,0.990595127967931,0.948869927829253,0.928978594404604,0.00618638808987879,0.0028421026008064,0.863001228861954,0.998422428330661,SEKER
38552,714.493,234.997084923099,209.03263459982,1.12421242440438,0.456912575219964,38959,221.553449371997,0.801663547515076,0.989553119946611,0.948988218370587,0.942792330570818,0.0060955873864676,0.002970704734018,0.888857378583155,0.999264508526693,SEKER
38554,702.846,244.615683403977,200.912789634943,1.21752171102915,0.570438108701235,38816,221.559196170503,0.764960317460318,0.993250206100577,0.980751434373066,0.905744035244885,0.0063447549775374,0.0026340047182736,0.820372257381687,0.998821034488202,SEKER
38554,709.931,252.797096411695,194.468720385573,1.29993705882609,0.638926225886352,38842,221.559196170503,0.773865917302288,0.992585345759745,0.961273623644167,0.876430937362036,0.00655696157108718,0.00238645472135389,0.768131187965297,0.998522197276198,SEKER
38559,741.248,249.168186697891,197.847532767021,1.25939496547224,0.607875859813347,39182,221.573562514672,0.77118,0.984099841764075,0.881878098734337,0.88925302002267,0.00646199815083095,0.00249257357916973,0.79077093361944,0.995892932642107,SEKER
38559,715.718,232.601947136767,211.399853455485,1.10029379554772,0.417127088659442,39012,221.573562514672,0.768490284005979,0.988388188249769,0.945914203976352,0.952586877462333,0.00603236461362502,0.00306397857716782,0.907421759113438,0.998430531497514,SEKER
38567,707.74,245.28027589159,200.677889290661,1.22225859938325,0.574994224995015,38880,221.596546728059,0.779509257013502,0.991949588477366,0.967560740925467,0.903442178228802,0.00635984846868022,0.00261353295004863,0.816207769402802,0.997616965035995,SEKER
38577,728.126,243.87711366909,201.643862343791,1.20944476481657,0.562458248535279,38948,221.625273642805,0.782685440675215,0.990474478792236,0.914376880714245,0.908757981872471,0.00632182683124893,0.0026595937994223,0.825841069616927,0.998809158218706,SEKER
38579,716.173,244.753958570137,201.075905059135,1.21722171782918,0.570146537733656,39039,221.631018578939,0.797944072143625,0.988216911293834,0.945202675697398,0.905525777289636,0.00634422765157565,0.00263124805511907,0.819976933335999,0.998093731375547,SEKER
38581,709.625,234.032780174343,210.328979045164,1.11269869343154,0.438531348388454,38948,221.63676336616,0.779792222491713,0.990577179829516,0.962776607469963,0.947032989143877,0.00606601125357931,0.00300983996624464,0.896871482526787,0.99794772678356,SEKER
38591,715.273,254.473257589689,193.221451558978,1.3170031357104,0.650741165567522,38926,221.665485068999,0.790734366035571,0.991393926938293,0.947877540850305,0.871075755340905,0.0065941089266847,0.00234185275077576,0.758772971542728,0.99930638281407,SEKER
38594,725.607,261.243601451792,188.314534125631,1.38727264289387,0.693102712099305,38974,221.674100854179,0.808589985334171,0.990249910196541,0.921142306198935,0.848534087044751,0.00676902112897839,0.00216462567723047,0.72001009687687,0.998850310004646,SEKER
38594,708.534,246.144096135903,199.841693044165,1.23169541043422,0.583811778283381,38925,221.674100854179,0.765936334047789,0.991496467565832,0.966069265957842,0.900586706462328,0.00637778142032189,0.00258792402265799,0.811056415856663,0.998974465013884,SEKER
38600,716.517,254.129287559021,193.991640511072,1.31000122938038,0.645975594588269,38940,221.691331420011,0.715265166956973,0.991268618387262,0.944809324892903,0.872356482597559,0.0065836602994565,0.00235192326355562,0.761005832729986,0.996918576441924,SEKER
38602,712.975,246.957094280271,199.232130651446,1.23954451258828,0.590895708196564,38979,221.69707464436,0.751596573208723,0.990328125400857,0.954269551386062,0.897714946357264,0.00639752070566995,0.00256298041021241,0.805892124913225,0.998939161174296,SEKER
38609,710.915,248.68026325133,197.975315631404,1.25611752383479,0.6051600250597,38911,221.717174758023,0.773820499458853,0.992238698568528,0.959981937705326,0.891575277664653,0.00644099208089642,0.00251052527433657,0.794906475742802,0.998495953990287,SEKER
38613,712.049,252.231870080729,195.601123816021,1.28952157922146,0.631370412479669,38925,221.728659719169,0.766587254318046,0.991984585741811,0.957025803248454,0.87906678742937,0.00653230440734283,0.00240621076583252,0.772758416761394,0.996488653938831,SEKER
38618,706.341,241.864999391158,203.534463439872,1.18832454859719,0.540224485766905,38913,221.743015084089,0.791482210198393,0.992418985943001,0.972681846322006,0.916804893813816,0.00626301205114604,0.00272942208621463,0.840531213320963,0.998823874651481,SEKER
38625,724.328,241.448023871206,203.976416370756,1.18370558796533,0.535074837614074,39111,221.763111033814,0.769928439013694,0.98757382833474,0.925140745480639,0.918471427010345,0.00625108152417361,0.00274408479016265,0.843589762234419,0.998561915507223,SEKER
38627,715.538,254.513712024112,193.625494967451,1.31446384200024,0.64902572971051,38930,221.768852399261,0.773328795371279,0.992216799383509,0.948059158839171,0.871343436216319,0.00658901058907273,0.00234291980931975,0.759239383837263,0.997992717476621,SEKER
38628,720.599,251.416348112822,196.678503221306,1.27831127446564,0.622924353823674,39014,221.771723026246,0.740255260434633,0.990106115753319,0.934813071598309,0.882089508860127,0.00650865558954183,0.00243064582358616,0.7780819016411,0.994630867325484,SEKER
38631,710.756,236.003324779609,208.603570622645,1.13134844276721,0.46767408877358,39019,221.780334684264,0.786541789677288,0.990056126502473,0.960958749343769,0.939733941847525,0.0061091694437009,0.00293887819437762,0.883099881460287,0.999093675698002,SEKER
38641,718.184,247.746803300564,198.849691360888,1.24589986338442,0.596473563441002,39027,221.80903779628,0.753206502670461,0.99010941143311,0.941427261116554,0.895305347400115,0.00641150082297467,0.00254111417463597,0.801571665083241,0.998678028020032,SEKER
38642,723.426,236.465011900948,208.294854387124,1.13524173507171,0.473358895489317,39103,221.811907903197,0.767010718539103,0.988210623225839,0.927857395422996,0.93803267603966,0.00611937818697139,0.00292252964640881,0.879905301318125,0.998905220967185,SEKER
38650,705.316,246.212364319189,200.146601083231,1.23016010757436,0.582400056061131,38932,221.834867421724,0.784373414510401,0.992756601253468,0.976319335869119,0.90098995651631,0.00637030696815497,0.00258952389279712,0.811782901743263,0.998622941735516,SEKER
38653,713.967,250.195542885859,196.972511410796,1.27020537583574,0.616602981022481,38972,221.843476628564,0.772303142919939,0.99181463614903,0.952876887401204,0.886680370360438,0.00647286220696605,0.00246799627973752,0.786202079182523,0.998638107470874,SEKER
38669,721.004,248.331560699073,198.761552603302,1.24939434939264,0.599482579185836,39053,221.889386756924,0.740700302647205,0.990167208665147,0.934754268341818,0.893520687150228,0.00642198041581301,0.00252503374937002,0.798379218365416,0.997490484098263,SEKER
38670,711.562,245.521469750583,200.805141750109,1.22268517434738,0.575400165126869,39010,221.892255824553,0.763625592417062,0.991284286080492,0.959750930491673,0.90375907267892,0.00634914584304586,0.00261279746725613,0.816780461449461,0.99866536091087,SEKER
38677,741.296,257.00731807464,191.813271513813,1.33988287695793,0.665571727395451,39266,221.912338259327,0.776896191547485,0.984999745326746,0.884462310493081,0.863447546637092,0.00664496517503013,0.00227832833491738,0.745541665793613,0.998938512055553,SEKER
38677,710.617,248.830749498851,198.075487465518,1.25624201501545,0.605263795996396,38972,221.912338259327,0.77429881283658,0.992430462896438,0.962479434862479,0.891820398830377,0.00643355869118212,0.00251038676946835,0.795343623769974,0.999144076554484,SEKER
38692,706.244,234.596405703453,210.198691833095,1.11606977026161,0.444051364453986,38959,221.955365929488,0.767728878130085,0.993146641340897,0.974813422897481,0.946115799446882,0.0060631759977115,0.00299679556516573,0.895135105963013,0.999033232065243,SEKER
38695,713.214,244.532348188698,201.700885555091,1.21235138614158,0.565361317218747,39019,221.963970462612,0.77359056377449,0.991696353058766,0.95592758893288,0.90770800716856,0.00631948179838993,0.00264634155240823,0.823933826277918,0.998897316376967,SEKER
38701,718.151,248.234796843932,199.679034478743,1.24316905624039,0.594093725705314,39125,221.981178528261,0.764600126442232,0.989162939297125,0.942975722879398,0.89423876648455,0.0064141700949312,0.00253007973549814,0.799662971483809,0.994116261569915,SEKER
38702,705.036,240.768527165259,204.908823117479,1.1750032209556,0.525066023108486,38966,221.984046409512,0.774799303317251,0.993224862700816,0.978409557225059,0.921981161836598,0.00622108746745023,0.00277290033563128,0.850049262781564,0.998810621739271,SEKER
38702,714.602,251.905962680185,195.896301080343,1.28591485031089,0.628689445238008,39018,221.984046409512,0.793008769772969,0.991901173817213,0.952389980709408,0.881217911825845,0.00650886162679409,0.00242112976082801,0.776545008122702,0.99857075787977,SEKER
38702,708.716,251.234875725556,196.429954817022,1.27900490513061,0.623456761357429,39004,221.984046409512,0.751072211764249,0.992257204389293,0.968275175413767,0.883571780265105,0.00649152177472884,0.00244058326047726,0.780699090880848,0.998517966667612,SEKER
38713,711.163,242.960078945504,203.04924888985,1.19655738828812,0.549139180044484,39057,222.015590658252,0.7719287750992,0.991192359884272,0.961896589605848,0.913794527981077,0.00627593002209862,0.00269930567328382,0.835020439368158,0.999149876097565,SEKER
38723,716.994,254.2911515357,194.562685771558,1.30698828774532,0.643890329202162,39073,222.044263359312,0.75523179841242,0.991042407800783,0.946559279544584,0.873189106338762,0.00656692796363143,0.00235491508000458,0.762459215428685,0.996525264448779,SEKER
38727,711.247,245.082886055554,201.802641711876,1.21446817532484,0.567453150187338,39004,222.055731403084,0.749144017796692,0.992898164290842,0.962017172285803,0.906043400161158,0.00632847589680467,0.00263072164391337,0.820914642975592,0.99697470855201,SEKER
38729,727.147,240.518966974776,205.21252068791,1.17204820723663,0.521572074568269,39234,222.061465202876,0.782783571832808,0.98712851098537,0.920453204661211,0.923259682992754,0.00621030666876954,0.00278348120907194,0.852408442239881,0.999063786560623,SEKER
38746,714.422,250.539224388278,197.054713887879,1.27141959431039,0.617561740088952,39096,222.110196524853,0.767916600602505,0.991047677511766,0.953953264520897,0.886528634656554,0.00646619584959166,0.00246376730837415,0.785933020066014,0.999250641527474,SEKER
38747,704.737,245.542068659572,201.230326410377,1.22020409666696,0.573029088182525,39008,222.113062740248,0.791886368281218,0.993309064807219,0.980378548684633,0.904582517988775,0.00633706012490184,0.00261734126045348,0.818269531850913,0.998455834942239,SEKER
38760,709.626,247.173775409388,199.978568615984,1.23600132314194,0.587725198545004,39056,222.15032017518,0.769520935496039,0.992421138877509,0.967240769582824,0.898761690261186,0.00637703238930308,0.00256670877195243,0.807772575881143,0.998407972586868,SEKER
38768,717.447,245.130090129315,201.573777284748,1.21608124544413,0.569034745716572,39165,222.17324472198,0.769389537191395,0.989863398442487,0.946462939324673,0.906348317355798,0.00632300067399183,0.00263198568022819,0.821467272373686,0.998970943679788,SEKER
38771,716.198,249.347818717363,198.171163224715,1.25824471461883,0.606926509772675,39156,222.181840817217,0.782114903574599,0.990167534988252,0.949840446402585,0.891051872681754,0.00643129707042281,0.00250086519553516,0.793973439809661,0.999012884188238,SEKER
38776,711.692,242.084012910732,204.085531617668,1.18618900120882,0.537857180408068,39108,222.196166903596,0.775209916033587,0.99151068835021,0.962030193526303,0.917847338335102,0.00624314041960832,0.00273315761519532,0.84244373648883,0.99929749436031,SEKER
38792,718.64,242.781682221994,203.601790602361,1.19243392459231,0.544715523553953,39186,222.242004174203,0.76098556183302,0.989945388659215,0.943907119452834,0.915398567718094,0.0062585502738192,0.00271078093272892,0.837954537780338,0.999205418115341,SEKER
38794,721.177,254.060759263834,194.613439531975,1.30546358912737,0.642826979179604,39179,222.247733168318,0.779778894472362,0.990173307128819,0.937326056946534,0.874781819169172,0.00654897044037311,0.00236565705793453,0.765243231148927,0.998997175091104,SEKER
38795,715.694,249.871763199937,197.902295238601,1.26260164339519,0.610501054836833,39140,222.250597609997,0.80087116285791,0.991185487991824,0.951767492754495,0.889458635756938,0.00644082389998549,0.00248670468208256,0.791136664722593,0.998890453028934,SEKER
38798,716.355,251.71882929219,196.491187533442,1.28106930622193,0.62503354384815,39139,222.259190713533,0.792539935449606,0.991287462633179,0.950085324244661,0.882966090929732,0.00648793312264009,0.00243255253855844,0.779629117731731,0.998758932963004,SEKER
38800,721.457,248.267441020043,199.378045491713,1.24520952348468,0.59587432227017,39236,222.264919264657,0.774512935164484,0.988887756142318,0.936743496291363,0.895264068262228,0.00639864538711452,0.00253555141882442,0.801497751921435,0.998032633744132,SEKER
38802,707.093,245.751491334871,201.239548533411,1.22118884248078,0.573973077276452,39092,222.270647668139,0.791958363098275,0.992581602373887,0.975238638693006,0.904452894510673,0.00633347485528764,0.00261436141549107,0.818035038388735,0.99897526163866,SEKER
38807,711.716,245.517524042892,201.724118998599,1.21709553256047,0.570023786072262,39161,222.284968030988,0.791527290527862,0.990960394269809,0.962734369010603,0.90537312518741,0.00632662983592888,0.00262218049997096,0.819700495811618,0.997653811489925,SEKER
38807,722.477,251.351562224021,197.064957707462,1.27547568653553,0.620734026220548,39200,222.284968030988,0.754882508558979,0.989974489795918,0.934268879660778,0.884358808292878,0.00647696452248359,0.00244379799470246,0.7820905018052,0.997537419722904,SEKER
38814,717.913,254.345488211728,194.543297934721,1.30739784362591,0.644175028290807,39196,222.305014989205,0.745992696521238,0.990254107561996,0.946356196869892,0.874027750805427,0.00655293162806534,0.00235893669945205,0.763924509177993,0.998753255992293,SEKER
38819,730.463,249.177436943191,198.966885820957,1.25235632007336,0.602001716164497,39314,222.319333138336,0.780281407035176,0.98740906547286,0.914234829115064,0.892212938160293,0.00641895558729465,0.00250910132929985,0.796043927020624,0.996930643060297,SEKER
38823,724.18,255.192031917568,193.783719126015,1.31689098066912,0.650665703143307,39221,222.330786993734,0.748568343520429,0.989852375003187,0.930263332136241,0.871229345693486,0.00657321772963368,0.00233608027390084,0.7590405727975,0.999573684278954,SEKER
38825,721.732,249.281354879421,198.615656658907,1.25509418075497,0.604305159084329,39189,222.336513700163,0.760201284461153,0.990711679297762,0.93663289352158,0.891909921653419,0.0064206401771905,0.0025063520601131,0.795503308343809,0.99843157307364,SEKER
38830,710.511,249.025200388145,198.749855149616,1.25295789624945,0.60250989089294,39153,222.350829820953,0.76512315270936,0.991750312875131,0.966575188007469,0.892884854522288,0.00641321659511062,0.00251441810887781,0.797243363435288,0.998912367448715,SEKER
38830,724.363,253.495743685141,195.34292451784,1.2976960609699,0.637323375404643,39225,222.350829820953,0.761193444679683,0.989929891650733,0.929961002780383,0.87713831636214,0.00652834776423232,0.00238372074130399,0.769371626030609,0.998410528521927,SEKER
38834,713.685,248.808630544639,198.816500421608,1.25144859715878,0.601232724420224,39151,222.362282053961,0.772600668470476,0.991903144236418,0.958095614599459,0.893708074222397,0.00640697920751503,0.00252124937575718,0.798714121930306,0.999549667420586,SEKER
38837,715.528,253.29223448558,195.382216423064,1.29639349538917,0.636386041029225,39154,222.370870841663,0.787960558350917,0.99190376462175,0.953240032173516,0.877922180651466,0.00652193100614311,0.00238990176114016,0.770747355279825,0.999191857973173,SEKER
38838,711.171,244.239253736982,202.896992545689,1.20375985209334,0.556674832583752,39190,222.37373369718,0.787852969814995,0.991018116866548,0.96498073681915,0.910474996523905,0.0062886671233581,0.00266569504325812,0.828964719295206,0.997874447889395,SEKER
38841,721.773,257.90594056115,191.96277683557,1.34352057629415,0.667830794774772,39169,222.3823220426,0.787147373540856,0.991626030789655,0.936912434310629,0.862261340544314,0.00664004378263048,0.00226415610008817,0.743494619397277,0.998900319524227,SEKER
38844,708.154,246.911838554152,200.533217239708,1.23127650347825,0.583427452673072,39120,222.390910056352,0.780470162748644,0.992944785276074,0.973370958008385,0.900689539062251,0.00635649877855402,0.00258046638182717,0.81124164577617,0.998862777087224,SEKER
38845,710.022,242.84796082717,203.978554968333,1.19055633502685,0.542673930089386,39162,222.393772653906,0.769086085372614,0.991905418517951,0.968280930271519,0.915773687769112,0.00625171735943288,0.00271226264426679,0.838641447210238,0.998449887792232,SEKER
38848,709.386,245.782401932907,201.947377267399,1.21706161901507,0.569990784324901,39160,222.402360225497,0.774234693877551,0.992032686414709,0.970092847564842,0.904875037742561,0.00632677105469798,0.00261647333292734,0.818798833929602,0.996528634470011,SEKER
38848,719.237,260.743893371716,189.981785804486,1.37246785141841,0.684924000394808,39210,222.402360225497,0.728076915868583,0.99076766131089,0.943701156573721,0.85295328434956,0.00671190005590291,0.00219142305807434,0.727529305282701,0.99851058246528,SEKER
38852,716.903,252.085058247506,197.161651554855,1.27857043324356,0.623123430008561,39209,222.41380980517,0.744291187739464,0.990894947588564,0.949953721697505,0.882296679348589,0.00648834186779333,0.00242533685407537,0.778447430389547,0.995299868330497,SEKER
38854,714.487,241.104806178613,205.414584786861,1.17374726058904,0.52358707248002,39202,222.419534373984,0.786932393567465,0.991122901892761,0.9564382525955,0.922501454447216,0.00620540500794288,0.00277215897918263,0.85100893345723,0.998869404382223,SEKER
38855,727.362,255.880359379735,193.438423118259,1.32280006864666,0.654603790122726,39228,222.422396603141,0.789799983738515,0.990491485673499,0.922901944240744,0.86924372445897,0.00658551947959683,0.00231918854503795,0.755584652511302,0.999487430210316,SEKER
38865,711.966,250.408222626195,197.81047674117,1.26589969728372,0.613168683794586,39179,222.45101686918,0.762133542504167,0.99198550243753,0.963496247016561,0.888353483508609,0.00644302644091587,0.00247521492514781,0.789171911661881,0.999012484077589,SEKER
38866,727.944,250.82295741951,197.633592486003,1.26913119507897,0.615751252594708,39268,222.453878693263,0.754914148084842,0.989762656616074,0.921687651196261,0.886896004185139,0.0064535315550741,0.00246302031313088,0.786584522239567,0.998278954740519,SEKER
38867,719.796,251.853565252907,196.740319622848,1.28013193094182,0.624319018772419,39272,222.456740480529,0.781843418088188,0.989687309024241,0.942696786352213,0.883278107487348,0.00647988178282109,0.0024329697596118,0.780180215166432,0.998733605323607,SEKER
38871,717.084,260.507278403039,190.162062703193,1.3699224477263,0.683480971706626,39136,222.468187261461,0.774322709163347,0.993228740801308,0.94993855081496,0.853980697296578,0.00670184143456662,0.00219870076926256,0.72928303135515,0.9990611953993,SEKER
38886,716.01,243.280192582511,203.948688331325,1.19284999856086,0.545165605070745,39295,222.511107445385,0.74242511025832,0.989591551087925,0.9531581379914,0.91462895142981,0.00625624113003424,0.00270067932092299,0.836546118793594,0.997874036599035,SEKER
38887,710.41,246.818014632335,201.018617413045,1.2278365944841,0.580246906818766,39248,222.513968496623,0.808276693479662,0.990802079086833,0.968269321395746,0.901530501442874,0.00634705723332566,0.00258627008440554,0.812757245031839,0.997933087882171,SEKER
38888,711.477,244.822274597486,202.418598267146,1.20948508038958,0.562498760851589,39192,222.516829511075,0.793713644249413,0.992243314962237,0.965392102653742,0.908891275832304,0.00629557381705116,0.00265010341881034,0.826083351284074,0.999135488536312,SEKER
38890,718.332,243.012893568758,204.093207302388,1.19069564725251,0.542826007024,39276,222.522551429626,0.75814878353088,0.990172115286689,0.947103365459644,0.915682078270738,0.00624872444249827,0.00270987958539806,0.838473668466218,0.99836694737857,SEKER
38896,726.873,241.084044604562,205.758053298281,1.17168704087159,0.521141610829647,39321,222.539716302549,0.782175032175032,0.989191526156507,0.925119278545933,0.923079404394305,0.00619817062434599,0.00277587263005944,0.852075586816944,0.998365922916471,SEKER
38897,708.832,248.955062403752,199.059468394592,1.25065672289576,0.60055970115659,39175,222.542576985986,0.76407959612627,0.992903637523931,0.972835343003168,0.893906614459881,0.00640036667104795,0.00252088608583336,0.799069035375125,0.999361061149729,SEKER
38898,728.258,255.203105182663,194.618637199584,1.31129838773328,0.646866881619605,39279,222.545437632651,0.738522878298842,0.990300160391049,0.921651231672419,0.872032640329212,0.00656082845345939,0.00234028855592383,0.760440925799537,0.997164959967336,SEKER
38899,720.474,254.550559630675,194.962146460201,1.30564093724029,0.642950946673005,39215,222.548298242546,0.762321908009485,0.991941858982532,0.941698058495751,0.874279351675514,0.00654388440912813,0.00235839349492209,0.764364384766157,0.997985431719179,SEKER
38927,716.92,243.512600280699,203.760686928797,1.1950911824605,0.547575566321548,39284,222.628380396358,0.752154422846543,0.990912330719886,0.951742376708049,0.914237621132265,0.00625562206901891,0.00269579349168222,0.835830427893582,0.998893574407804,SEKER
38928,717.454,252.30580542638,196.675957120529,1.28285027372085,0.626384560696918,39271,222.631239940513,0.801713485460087,0.991265819561509,0.950350555971362,0.882386513319746,0.00648134518666203,0.00242370836092328,0.778605958888578,0.998834867480894,SEKER
38929,715.093,247.637227957462,200.470363435518,1.23528098474823,0.587075180427652,39229,222.63409944794,0.750308380232827,0.992352596293558,0.956660975165808,0.899033240212908,0.00636125325483476,0.00256345351298763,0.80826076700772,0.998429156202655,SEKER
38934,708.524,242.491497184186,204.711075659733,1.18455484835247,0.536029919556711,39207,222.648396434196,0.795350547475078,0.993036957686127,0.97460751761801,0.918169911191078,0.00622827084769575,0.00273048301745369,0.843035985816632,0.998622364334697,SEKER
38938,781.143,241.335288120925,205.876815371625,1.17223150010988,0.521790248135603,39426,222.659833362234,0.78813885234288,0.987622381169786,0.8019040635069,0.922616145760942,0.00619793744211117,0.00277020017968065,0.851220552418775,0.99782754508622,SEKER
38940,715.812,241.576850065596,205.474267048058,1.17570367100564,0.525886976487037,39325,222.665551605962,0.769185185185185,0.99020979020979,0.95500987388714,0.92171725703643,0.00620382254919352,0.00276204026005302,0.849562701918761,0.998833987395359,SEKER
38944,712.513,248.522649996245,199.830271882376,1.24366867769929,0.594531020177867,39279,222.676987652892,0.761070940003909,0.991471269635174,0.963972923497513,0.896002789509353,0.00638153887623883,0.00253712946490254,0.802820998808541,0.998443330017444,SEKER
38945,718.24,241.878085737109,205.264801171747,1.178370983999,0.528988201730676,39299,222.679846572857,0.783917069243156,0.990992137204509,0.948685791274144,0.920628447567925,0.00621076096384926,0.00275208687774225,0.847556738471328,0.998736267907438,SEKER
38959,718.457,258.542132307494,192.142647587226,1.34557390331642,0.669094521822598,39336,222.719867599047,0.772996031746032,0.990415904006508,0.948453631816249,0.861445156390053,0.00663626202693843,0.00225431095734067,0.742087757467883,0.998533920419387,SEKER
38971,716.507,249.879920179796,199.057824613535,1.255313227023,0.604488420517966,39315,222.754165612843,0.754915444666137,0.991250158972402,0.95391689057038,0.891444840596096,0.0064119452972671,0.00249774141161589,0.794673903825398,0.997564662642029,SEKER
38974,717.63,245.885594006404,202.11892299316,1.21653920555833,0.569481825726152,39309,222.762739291176,0.761032570491291,0.99147777862576,0.951006911653945,0.905960921343664,0.00630896479720849,0.00262165612507022,0.820765191001861,0.998493033411334,SEKER
38976,716.184,257.744462084665,192.811584473323,1.33676854940387,0.663616832562822,39281,222.768454893411,0.768939393939394,0.99223543188819,0.954900018804059,0.864299675312656,0.00661290183920015,0.00227629863673406,0.747013928745563,0.998584725913689,SEKER
38986,713.852,244.306104987619,203.532402416304,1.20033027708245,0.553116319537224,39300,222.79703070518,0.776335178621212,0.992010178117048,0.961395713047127,0.911958506794053,0.00626650861816086,0.00267365717134131,0.831668318114039,0.998276662722518,SEKER
38988,713.031,239.831273528604,207.257671192635,1.15716476089174,0.503180783478641,39351,222.802745427731,0.782577278201526,0.990775329724785,0.963660366813048,0.92899788317706,0.00615141257639796,0.00282626914059902,0.863037066947459,0.998676081214961,SEKER
38990,720.442,235.313444854289,211.142214823126,1.11447843365389,0.441460448772107,39379,222.808460003708,0.763746057863705,0.99012163843673,0.943984911875936,0.946858179487684,0.00603522556692202,0.00299235427657641,0.896540412062732,0.999174954143083,SEKER
38997,719.366,251.660481190256,197.485585930174,1.27432328797524,0.619837458195107,39347,222.828459865514,0.784679463962333,0.991104785625334,0.946980960534752,0.885432861018237,0.00645332926097535,0.00244673047025097,0.783991351370941,0.99905843662317,SEKER
39014,709.353,241.775143654186,205.65395831457,1.17564060344691,0.525813171551676,39295,222.877023486715,0.762438929059996,0.992848962972388,0.974328764322064,0.921835967577786,0.00619713804414277,0.00276048587729661,0.849781551120074,0.999037695556853,SEKER
39023,711.172,248.191397176423,200.431681145095,1.23828426603255,0.589773085641013,39313,222.902729355655,0.78359437751004,0.992623305267978,0.969574576272955,0.898108201539346,0.00636013113231743,0.00255246903541338,0.806598341672239,0.998798035500677,SEKER
39034,707.518,241.305499151171,206.284032768164,1.16977303532924,0.518847710187738,39306,222.934143614639,0.770387621378385,0.993079936905307,0.979891375664719,0.923866817784276,0.00618193111521164,0.00277805858494292,0.853529897002844,0.998436258361268,SEKER
39037,712.794,250.78223126576,198.444191998628,1.26374185477544,0.611426994520766,39368,222.942710371581,0.741443494776828,0.99159215606584,0.965513227604177,0.888989260707722,0.00642421885046904,0.00247506237621802,0.790301905653662,0.998737596083323,SEKER
39040,717.134,248.732079791433,200.084264267967,1.24313663896284,0.594065323087631,39366,222.951276799351,0.754746162471484,0.991718742061678,0.953935577712894,0.896351113962862,0.00637121106023139,0.00253696458798816,0.803445319502464,0.998792314076721,SEKER
39052,711.179,244.515521944758,203.602253480795,1.20094703159964,0.553760201490435,39399,222.98553921947,0.791038729541403,0.991192669864717,0.970276016281635,0.911948400845682,0.00626128039395571,0.00267130809408701,0.831649885804997,0.998767461687689,SEKER
39059,724.031,250.637033207211,199.000890807325,1.25947694098455,0.607943361848996,39468,223.005523200235,0.763676533844289,0.989637174419783,0.936303531892967,0.88975487918367,0.00641688300282165,0.00248076369010388,0.791663745031147,0.997082231880204,SEKER
39064,717.191,247.848944796849,200.904247475355,1.23366702253148,0.585612007341692,39399,223.01979637587,0.762283885571557,0.991497246122998,0.954370294959387,0.899821447933416,0.00634468935072826,0.00256575679946923,0.809678638160989,0.998873834747413,SEKER
39070,715.415,251.973374200327,197.726764041792,1.27435137787957,0.619859356553106,39403,223.036922980933,0.769155051578864,0.99154886683755,0.95926189197387,0.885160678935908,0.00644928011774577,0.00244219004227316,0.783509427534278,0.998466318559943,SEKER
39073,727.356,249.151424417972,200.237227811147,1.24428123152483,0.595066002616743,39539,223.045485790314,0.762072866281791,0.988214168289537,0.928095292772856,0.895220592502559,0.00637656244511484,0.00252630995908663,0.801419909240633,0.997191751638456,SEKER
39074,781.022,253.70388011473,196.81827274552,1.28902604710266,0.631004077708529,39744,223.048339987057,0.728611919146714,0.983142109500805,0.804954256989849,0.879168028041943,0.00649290781887522,0.00239280079444998,0.772936421531159,0.996335180107981,SEKER
39082,719.5,247.516140617209,201.458511383486,1.2286209151325,0.580975978726203,39529,223.071172246303,0.749328936268119,0.988691846492449,0.948691583946626,0.901238891694295,0.00633325164058157,0.00257730731459395,0.812231539902362,0.997924657854316,SEKER
39085,708.873,246.336088968854,202.297612645046,1.21769152758653,0.57060299620425,39341,223.079733741041,0.777594302084991,0.993492793777484,0.977424251406143,0.905590953704095,0.00630257359521182,0.00261472482660135,0.820094975430693,0.998622703398235,SEKER
39087,716.009,253.83417422489,196.494803252105,1.29181113201868,0.633054816314252,39382,223.085441221661,0.782506856719585,0.992509268193591,0.958087646086789,0.878862910807329,0.00649408177206973,0.00238991284692574,0.772400015992732,0.997794939030818,SEKER
39088,719.97,254.245642326647,195.922755402902,1.29768306802243,0.637314046329807,39470,223.088294907214,0.783420852206678,0.990321763364581,0.947598823283947,0.87745179372867,0.00650444234360025,0.00237838904370495,0.769921650317661,0.999114289321114,SEKER
39091,717.854,248.130028776882,200.732997792714,1.23611977853842,0.58783191266251,39454,223.096855744859,0.745556148916692,0.990799411973438,0.95326664022782,0.899112682348763,0.00634749760243745,0.0025588144976838,0.808403615560388,0.999283698236164,SEKER
39099,730.036,247.73447291037,201.332779795171,1.23047261932412,0.582688118852696,39497,223.119683039395,0.742508260853052,0.989923285312809,0.921906676751939,0.900640433356723,0.00633608207141794,0.00257161717677131,0.811153190196986,0.9981017906148,SEKER
39101,727.736,245.269750924993,203.538849896509,1.20502671136101,0.557975944973916,39601,223.125389498124,0.753347590698033,0.987374056210702,0.927790689200119,0.90971425810417,0.00627272322766662,0.00265006114399807,0.82758003139802,0.997256043623596,SEKER
39102,715.945,254.584549293275,195.929846919653,1.29936583576097,0.638518833547576,39444,223.128242672761,0.751932617976232,0.991329479768786,0.958626685927035,0.876440629614654,0.00651078076040291,0.00236975169661958,0.768148177239331,0.998105498306852,SEKER
39104,714.999,249.006691682999,200.194235950892,1.24382548029046,0.594668087029832,39434,223.133948912584,0.795556731023539,0.991631586955419,0.961214203216295,0.896096194863099,0.00636780614983119,0.0025327255377149,0.802988390448125,0.998777420416801,SEKER
39108,717.398,256.096467983607,194.82002290362,1.31452847693331,0.649069573971691,39413,223.145360954475,0.78772131246601,0.992261436581839,0.954893962303107,0.87133322341938,0.00654844195519094,0.00232838525316315,0.759221586234407,0.998018395407605,SEKER
39122,725.817,245.372459397774,203.205801793149,1.20750715399134,0.560502926390096,39532,223.185298505813,0.790774766033998,0.98962865526662,0.933204105641353,0.909577623558831,0.00627198147839513,0.00264815621737257,0.827331453278931,0.999008648556365,SEKER
39122,711.642,241.642502633028,206.459177939004,1.17041298451948,0.519617057840231,39447,223.185298505813,0.79168690302736,0.991761097168353,0.970750828031842,0.923617724836907,0.00617663980964746,0.00277268845344642,0.853069701632904,0.99844385549131,SEKER
39123,714.166,246.1458369508,202.572312251167,1.21510108768274,0.568074989053094,39456,223.18815091459,0.771748135874068,0.991560218978102,0.963925951291749,0.906731365760215,0.00629158901287733,0.00262334050374548,0.822161769653385,0.999009660556993,SEKER
39124,714.589,250.900517306783,198.847391452743,1.2617742454339,0.609826688368856,39451,223.191003286912,0.768584001257269,0.991711236724037,0.962809708890637,0.88955975732011,0.00641295668405029,0.00247707171355839,0.791316561843413,0.99846285771932,SEKER
39139,714.71,254.911911686635,195.703608568205,1.3025406815521,0.640773068575037,39431,223.233784498202,0.794087810420386,0.992594659024625,0.962852742984016,0.875729121566607,0.00651298989975818,0.00236286731832838,0.766901494359821,0.998920395146764,SEKER
39141,713.315,254.000450299871,196.536576280601,1.29238259415503,0.633473144859252,39440,223.239488040264,0.760758017492711,0.992418864097363,0.966671840679711,0.878894064072363,0.00648937048874252,0.00238851766425244,0.772454775861634,0.998307107095498,SEKER
39141,711.099,249.161929915737,200.206404228254,1.24452527318591,0.595278786038726,39419,223.239488040264,0.7593411709929,0.992947563357772,0.972706113221671,0.895961466166841,0.00636575278903802,0.00253038648206608,0.802746948855835,0.999038865823967,SEKER
39145,716.674,252.794523235681,197.730791905181,1.27847828251709,0.623052664387102,39458,223.250894687251,0.765208382203456,0.992067514825891,0.957729496510091,0.883131848861748,0.006457900708537,0.00242311103318284,0.779921862473969,0.997113163233252,SEKER
39152,721.127,243.7752216895,204.799608250059,1.190310976532,0.542405856616741,39565,223.270854917231,0.78744971842317,0.989561481107039,0.946107103239999,0.915888224282345,0.00622637979386748,0.00270262177675776,0.838851239379067,0.998493837910379,SEKER
39158,727.678,243.027566457512,205.663901419784,1.18167342338539,0.532774098025184,39634,223.287962265635,0.763313840155945,0.987990109501943,0.929291310054477,0.918776275137792,0.00620633245971478,0.00272805981059016,0.844149843756076,0.997509435721482,SEKER
39159,725.519,257.182799147782,194.083059427396,1.32511719418763,0.656127293357124,39528,223.290813362942,0.753927608779361,0.990664845173042,0.934854184177181,0.868218302712519,0.0065676549234603,0.002302002740262,0.753803021165008,0.998877344376334,SEKER
39160,731.796,261.634003084825,190.717214582573,1.37184261870366,0.684570571804234,39585,223.293664423846,0.747256941131571,0.989263609953265,0.918908956467596,0.853458120087898,0.0066811543177943,0.00218655358458627,0.728390762743968,0.999237491402243,SEKER
39175,719.195,259.159430365617,192.868634510766,1.34370957218112,0.667947455153591,39457,223.336425969881,0.756390948409021,0.992852979192539,0.951755839941363,0.861772329314051,0.00661542898189196,0.00225064995969449,0.742651547571365,0.997907993266765,SEKER
39180,709.775,243.844502328454,204.65041173974,1.19151728186386,0.543720977211536,39457,223.350677999248,0.757306324416267,0.992979699419621,0.977311252011958,0.915955356247475,0.00622369837489674,0.00270225000368178,0.83897421463844,0.999652275779859,SEKER
39183,721.153,254.159121518524,196.589968607857,1.29283871053208,0.633806440825792,39567,223.359228780362,0.753765654156167,0.990294942755326,0.946787943971618,0.878816496712206,0.00648646406652182,0.00238660519716641,0.772318434893515,0.998483169487889,SEKER
39188,713.669,247.428325816002,201.775313447906,1.22625667921404,0.578771231847904,39536,223.373479354828,0.763958203368684,0.99119789558883,0.96687270102122,0.902780547126754,0.00631387990752277,0.00258705016247983,0.815012716270482,0.999414786971058,SEKER
39192,709.658,242.160320179895,206.386251239076,1.17333552368941,0.523100287021619,39464,223.384879159849,0.782978723404255,0.993107642408271,0.977932961909612,0.922466897111394,0.00617882017197119,0.00275986907390526,0.850945176266324,0.998444204025423,SEKER
39195,738.413,249.885467700422,199.831517742177,1.25048075760914,0.60040986994502,39617,223.393428631853,0.754040015390535,0.98934800716864,0.90332049708829,0.893983274368201,0.00637544247226488,0.00251193078512204,0.799206094850091,0.999391842973985,SEKER
39198,717.099,238.310872729618,210.12342186385,1.13414711513709,0.471773403023634,39556,223.401977776673,0.797680097680098,0.99094953989281,0.957889778176784,0.937439300262808,0.00607966918540789,0.00289622526154707,0.878792441677223,0.9966799125325,SEKER
39202,723.947,250.42617131508,199.541370159884,1.25500877895358,0.604233668013857,39642,223.413376127545,0.783272393054806,0.988900660915191,0.939949546854136,0.892132699047862,0.00638809681432275,0.0024961408232326,0.795900752710423,0.998862431827341,SEKER
39208,713.397,251.590229564806,198.611197185613,1.26674746001194,0.613849170194105,39469,223.430472563561,0.77639603960396,0.99338721528288,0.968103958967677,0.888072930932356,0.00641680854837803,0.00246203019714999,0.788673530654784,0.999050191735598,SEKER
39215,709.517,244.515754606175,204.726603439464,1.19435261709149,0.54678405253213,39488,223.450416752329,0.773242630385488,0.993086507293355,0.978895815831611,0.913848750205177,0.0062352608595225,0.00268245026835396,0.835119538251565,0.99742720609499,SEKER
39215,721.759,257.148923841243,194.53658716119,1.32185378387549,0.653978279818966,39711,223.450416752329,0.738679174201326,0.987509758001561,0.945970661430686,0.868953341956356,0.00655741231266717,0.00230620593726021,0.75507991049712,0.998105236818983,SEKER
39224,715.918,247.399555716991,202.195930279673,1.2235634781313,0.576233747658004,39565,223.476056665344,0.778439310947051,0.991381271325667,0.961690178245665,0.903300153541852,0.00630735151226267,0.00259033023091684,0.815951167388734,0.998368048355455,SEKER
39227,726.769,265.017746883087,188.722637857464,1.40427110330689,0.702064654624814,39595,223.484602649324,0.739852885703508,0.990705897209244,0.933258965376682,0.843281649164103,0.00675600343852669,0.00210746428436947,0.711123939816929,0.998610799554658,SEKER
39234,715.421,256.645269877013,194.961702252166,1.31638812603854,0.650327017395493,39502,223.504542007851,0.793086719223772,0.993215533390714,0.963272326497523,0.870869516180669,0.00654139954827478,0.00232093402120202,0.758413714212752,0.998366808014454,SEKER
39245,713.933,242.413747403591,206.440070132689,1.1742572420547,0.524188674517765,39588,223.535871692065,0.77913440540004,0.991335758310599,0.967563070289779,0.922125391345498,0.00617693330114897,0.00275494287303248,0.850315237364088,0.998488825504244,SEKER
39246,715.008,247.481839058516,202.101839729955,1.22454025846176,0.577157277659625,39569,223.538719627442,0.778875922838771,0.991837044150724,0.964680414935603,0.903253024455615,0.0063059124256871,0.00258919879124985,0.815866026188216,0.999060794578687,SEKER
39257,723.526,255.080666843348,196.29999240459,1.29944308055605,0.638573970620455,39588,223.570044522222,0.760455610871123,0.991638880468829,0.942364001592107,0.876468010253094,0.00649771166526603,0.00236529044269487,0.768196172997017,0.998227201510608,SEKER
39261,714.215,243.405493090286,205.562734791993,1.18409347558343,0.535511524030127,39589,223.581434304924,0.779467529631321,0.991714870292253,0.967193317110423,0.918555417407905,0.00619967634778243,0.00272251469201822,0.843744054849411,0.999071830409496,SEKER
39263,742.362,259.617017893544,193.875323027185,1.33909263871163,0.665077521095887,39768,223.587128978697,0.78158654324674,0.987301347817341,0.895286174204327,0.861219078752302,0.0066122562690967,0.00224379930331063,0.741698301606964,0.993202735826806,SEKER
39273,729.415,253.796187540278,197.527199963081,1.28486703394628,0.627904182919342,39696,223.615600172224,0.753540043746882,0.989344014510278,0.927586803496341,0.881083369846665,0.00646235804599287,0.00240236391424511,0.776307904620355,0.997452434838607,SEKER
39276,720.452,260.476759803046,192.236739681868,1.35497907545721,0.674780175269339,39597,223.624140823432,0.745699639263338,0.991893325251913,0.950882845975335,0.858518591034842,0.00663195742445886,0.002222390177094,0.737054171152451,0.99869297939003,SEKER
39276,725.636,258.233419894951,193.95476484336,1.33141054876122,0.660207644911986,39601,223.624140823432,0.773987584983742,0.991793136536956,0.93734501502859,0.865976762087581,0.00657484010324246,0.0022808142142749,0.749915752475691,0.998445743528342,SEKER
39277,720.153,256.996095099499,194.866700333864,1.31883022937828,0.651966572594167,39599,223.626987634684,0.772773777200645,0.991868481527311,0.951696833517657,0.87015714206904,0.00654317017846321,0.00231397538651483,0.75717345189376,0.998583237240195,SEKER
39282,750.197,269.851200751709,185.819830250105,1.45221960642468,0.72514036058723,39865,223.64122114737,0.709010179770414,0.985375642794431,0.877107468758356,0.828757554253549,0.0068695891439262,0.00199903559224588,0.686839083732324,0.997441183854842,SEKER
39285,727.629,245.869882033664,203.656833563439,1.20727538443769,0.560267949334302,39709,223.649760820174,0.755771450557907,0.989322319877106,0.932430824321768,0.909626502320248,0.00625861988121837,0.00264308274159007,0.827420373723368,0.998924249778458,SEKER
39285,727.618,252.351544901326,198.75639441198,1.26965245897073,0.616164984869966,39686,223.649760820174,0.78450754852624,0.989895681096608,0.93245901718285,0.886262697173598,0.00642361066313672,0.0024446058908931,0.785461568401421,0.997263211747869,SEKER
39288,723.891,259.446411494695,193.035650483638,1.34403365826296,0.668147339955144,39616,223.658300166918,0.752759043531576,0.991720516962843,0.942157328986296,0.862059717374396,0.00660370625877354,0.00224966015627382,0.743146956319623,0.998814522329247,SEKER
39295,732.803,244.199099847293,205.471278702409,1.18848289351902,0.540399095195159,39881,223.67822404152,0.805390448862472,0.985306286201449,0.919544349226938,0.915966619784408,0.00621450820326486,0.00269839247388888,0.838994848559274,0.99713102526328,SEKER
39301,729.001,250.591531253641,200.080050085017,1.25245636007768,0.602086304346447,39776,223.695300235916,0.764968078480224,0.988058125502816,0.929302738386026,0.892669034411617,0.00637621259646423,0.00249749387173034,0.796858004997369,0.998029876437769,SEKER
39306,724.304,252.646286832285,198.355985762878,1.27370134992704,0.619352037186411,39704,223.709529402215,0.753103923973023,0.989975821075962,0.941514356379246,0.885465336566455,0.00642767737323272,0.00243736230662369,0.784048862260746,0.998644094270269,SEKER
39313,714.895,243.993666748182,205.457338082857,1.18756365202096,0.539383668651669,39634,223.729448714677,0.769907171673652,0.991900893172529,0.966632807905095,0.91694777039267,0.00620643722809711,0.00270645322307514,0.840793213628089,0.99849545937061,SEKER
39323,747.5,249.568529152687,200.935201681922,1.2420348802185,0.59309787620296,39924,223.75790179929,0.768687934944093,0.984946398156497,0.88437022703271,0.896578997996958,0.00634662994056116,0.00252974755498167,0.803853899649229,0.998414581964008,SEKER
39325,719.707,251.611542982278,199.397037616802,1.26186199147964,0.609898303592234,39710,223.763591982052,0.776376056226803,0.990304709141274,0.954041226042209,0.889321647686938,0.00639825919853218,0.00246874963214585,0.79089299304461,0.997997807250561,SEKER
39330,724.501,245.147413670978,204.447613903882,1.19907202138456,0.551797298904027,39743,223.777816805942,0.786285485805678,0.989608232896359,0.941576979467549,0.912829605072985,0.00623308959244795,0.00266957421655544,0.833257887897702,0.999136219976126,SEKER
39334,714.221,241.041174320298,208.225365805561,1.15759755487898,0.503735267144964,39735,223.789196014046,0.801295632333768,0.98990814143702,0.968975389007389,0.928427255820917,0.00612806158337057,0.00280862922116092,0.861977169351159,0.997822663602404,SEKER
39336,722.8,260.645239797478,192.367673890278,1.35493263772657,0.674752509539139,39664,223.794885401124,0.775857988165681,0.991730536506656,0.94615823036473,0.858618732400459,0.00662612466436542,0.00222147178708617,0.737226127628971,0.998891741709265,SEKER
39336,729.453,236.728443679765,211.674980165619,1.11835817107219,0.447731761517324,39808,223.794885401124,0.78094103633115,0.98814308681672,0.928978001387355,0.945365423446385,0.00601811174699422,0.00296509673414248,0.893715783847963,0.999494349482557,SEKER
39339,721.525,250.347861409849,200.326947047253,1.24969638433514,0.599740764204555,39685,223.803419210558,0.778928401710756,0.991281340556885,0.949577494327877,0.89396976650887,0.00636385931034975,0.00250721546833691,0.799181943431924,0.998734785132804,SEKER
39341,732.772,262.048118853417,191.55707001114,1.36798980501309,0.682377890238938,39772,223.809108236073,0.768138862855358,0.989163230413356,0.9206986932074,0.854076378091711,0.00666094199063107,0.00218626224902716,0.729446459614256,0.997875320055191,SEKER
39343,716.234,250.62202060079,200.334335656405,1.25101880204217,0.600867688624976,39669,223.814797116981,0.744075650118203,0.991781996017041,0.963756832963273,0.893037238230118,0.00637018073356862,0.00249925052253014,0.797515508865676,0.997706896511189,SEKER
39364,714.687,249.382188425773,201.179726399946,1.23959900377834,0.590944123498782,39692,223.874521638696,0.784768740031898,0.99173637004938,0.96845026483362,0.897716565292437,0.00633528575413507,0.00253806609728471,0.80589503160045,0.998986678321833,SEKER
39366,724.816,254.74890513756,196.952075292369,1.29345631296037,0.634256898393735,39741,223.880208857425,0.784433285509326,0.990563901260663,0.941619858080413,0.878826971745114,0.00647129261640909,0.00238113659508952,0.772336846266687,0.998983969535548,SEKER
39367,728.934,247.747172305839,202.500635354645,1.22343898759603,0.576115778393775,39776,223.883052412614,0.767447754210855,0.989717417538214,0.931034488318804,0.903675510516967,0.00629327031030657,0.00258884590770514,0.816629428308101,0.999096281010386,SEKER
39371,717.522,251.053320556504,199.868328533634,1.25609356118799,0.605140045158886,39695,223.894426272223,0.792300571520567,0.991837762942436,0.960983357813183,0.891820214828953,0.00637660512957517,0.00248816132856725,0.79534329557756,0.99902559250901,SEKER
39383,717.481,247.288913301324,203.043641785795,1.21791015530645,0.570815106457605,39745,223.928544384821,0.774645948072384,0.99089193609259,0.961386124878906,0.905534103390888,0.0062790776045838,0.00260432306464903,0.819992012403939,0.998676599176927,SEKER
39385,748.882,258.745821298142,194.255915352035,1.33198425813308,0.660575497490158,39895,223.934230231545,0.76711074753613,0.987216443163304,0.882498406075711,0.86546027722517,0.00656965396212117,0.0022735830120165,0.749021491454668,0.997684835620975,SEKER
39397,718.796,259.942311127026,193.083996016503,1.34626544141343,0.669518295289716,39682,223.968342280625,0.790184122909062,0.992817902323472,0.958212237854204,0.86160787487643,0.0065980229745165,0.00224301524202584,0.742368130049078,0.999424558291783,SEKER
39404,715.247,251.817611499227,199.492823341007,1.26228907527554,0.610246541209445,39719,223.988238576815,0.789058432456246,0.992069286739344,0.967916926400296,0.889485994419827,0.00639066113844348,0.00246764118181543,0.791185334269028,0.998704603966024,SEKER
39408,711.634,247.169993200891,203.112554939087,1.21691144732543,0.56984459400508,39687,223.999607095466,0.795590818242384,0.992969990173105,0.977869453218289,0.906257285500703,0.00627207656315699,0.00260973949205287,0.821302267523102,0.999452131063199,SEKER
39417,714.124,245.986065041943,204.313855231752,1.20396174191379,0.55688266005947,39724,224.02518415309,0.774674737628238,0.992271674554426,0.971283863340406,0.910723069271798,0.00624060849486117,0.00264820774572547,0.829416508903844,0.998585744831929,SEKER
39420,720.487,251.859208870266,199.79668778975,1.26057749833822,0.60884760885998,39812,224.033709190068,0.740420736288505,0.99015372249573,0.9542764049691,0.889519625647157,0.00638912249797733,0.00246742019763104,0.791245164411458,0.997425849926012,SEKER
39430,755.532,236.769523874532,213.260046493872,1.11023854569653,0.434426402799696,40085,224.062123637413,0.782807226523725,0.983659723088437,0.868022363804621,0.946330084931655,0.00600480659078194,0.00297063555419858,0.895540629646753,0.99426372627117,SEKER
39436,726.064,256.839526932622,196.215150082137,1.30896888861593,0.6452634881667,39794,224.07917057633,0.779367588932806,0.991003668894808,0.940054243290694,0.872448151779665,0.00651281892008881,0.00232759424090001,0.761165777543753,0.996342321883923,SEKER
39436,717.903,242.909566428487,207.027381932203,1.17332095958222,0.523083050584827,39765,224.07917057633,0.762401886865406,0.991726392556268,0.961548479821522,0.922479809547967,0.00615958937084103,0.00275143337814201,0.850968999023654,0.998459762509155,SEKER
39444,726.844,250.949207590619,200.453368638973,1.25190815846349,0.601622380908951,39776,224.101897811093,0.746225736879943,0.991653258246179,0.938228010781592,0.893016957346516,0.00636216427316242,0.00249587863883131,0.797479286108429,0.998370824484778,SEKER
39445,725.307,258.509573620539,194.666850023163,1.32795888765745,0.657980049463666,39899,224.104738553379,0.753184014053579,0.988621268703476,0.942232514197822,0.866910789471722,0.00655367153303432,0.00228329521401706,0.751534316902484,0.998006675510223,SEKER
39446,724.726,253.948985640774,197.859989562802,1.28347821205241,0.626858873510922,39830,224.107579259657,0.772632898499628,0.990359025859905,0.943767787570422,0.882490547045028,0.00643788940933869,0.00240859357232985,0.778789565623832,0.99955943925195,SEKER
39450,747.706,255.749360779977,196.557180299362,1.30114483933105,0.639784989492102,40001,224.118941724706,0.748520036429873,0.986225344366391,0.886737632944693,0.876322588026005,0.00648287353054442,0.00235832327291991,0.767941278284595,0.999202831149291,SEKER
39452,735.692,261.319210298422,192.626529624715,1.35661069535716,0.67574970946463,39950,224.124622741214,0.736429478085567,0.987534418022528,0.915981751252476,0.857666080060736,0.00662372529398818,0.00221082828977553,0.735591104886749,0.997910760298957,SEKER
39454,717.993,255.605862448534,196.912327525942,1.29806937767702,0.637591242882844,39779,224.130303613726,0.796567736725217,0.991829859976369,0.961746210932398,0.87685901045738,0.00647857916684072,0.00236253694765735,0.768881724220295,0.998061821265874,SEKER
39455,726.205,248.363420741372,202.617037030055,1.22577757715671,0.578321865910755,39861,224.133143995987,0.781581188962184,0.989814605754999,0.940141972733479,0.902440235872672,0.00629485288914895,0.00257536713532127,0.814398379321923,0.998271272245575,SEKER
39462,720.25,233.523669813922,215.466143667774,1.08380679135368,0.385581743908111,39808,224.153025664029,0.776077721837634,0.991308279742765,0.955921924278513,0.959872829348049,0.00591768460326193,0.00309874879852739,0.921355848520629,0.998571725880095,SEKER
39488,741.696,245.021911038938,205.621578690143,1.19161574675082,0.543828007744059,40042,224.22685642559,0.746521476104053,0.986164527246391,0.902034458618656,0.915129816247156,0.00620497141002172,0.0026844194052534,0.837462580584553,0.997933598339133,SEKER
39493,720.349,246.91059229098,204.102198207001,1.20973999525748,0.562754758486309,39854,224.241051862111,0.799971641549182,0.99094193807397,0.956409924401224,0.908187250216656,0.00625200902162357,0.00262362017249917,0.824804081456091,0.997798485589043,SEKER
39504,725.338,243.698842715544,206.713680748502,1.17891975912344,0.529621399193326,39885,224.272278659708,0.767813411078717,0.99044753666792,0.943561203534053,0.920284545304504,0.00616896624938092,0.00272948475002888,0.846923644326318,0.99845501876513,SEKER
39506,725.692,243.182084296127,206.996576036,1.17481211019565,0.52484155592457,39972,224.277955792154,0.774172055653537,0.988341839287501,0.942688594217939,0.922263481873305,0.00615557343937952,0.00274706116938827,0.850569929997072,0.999259854328827,SEKER
39509,737.717,261.88134484297,192.282829972335,1.36195907289615,0.678893828081903,40027,224.286471221386,0.773321589352124,0.987058735353636,0.912276144753831,0.856443101572863,0.0066283971966633,0.00219979570638546,0.733494786231745,0.998989879030349,SEKER
39514,721.708,258.223406448961,195.142817619313,1.32325344893147,0.65490279555668,39854,224.300662885033,0.763334299236936,0.991468861343905,0.953318060453863,0.868630253041632,0.00653498523179028,0.00229490217504719,0.754518516499169,0.998419229240182,SEKER
39515,714.776,238.951288433836,210.643703430293,1.13438609624954,0.47212039945707,39852,224.303501110014,0.796207862338552,0.991543711733414,0.971923150242403,0.938699693063685,0.0060471033388292,0.00289623539318828,0.881157113757856,0.999572378458285,SEKER
39524,721.543,248.86823064722,202.458874530753,1.22922855925201,0.5815392334526,39875,224.329043518918,0.750693257359924,0.99119749216301,0.953995484559576,0.901396867472861,0.00629663573138398,0.00256420362718656,0.812516312689886,0.998768256416544,SEKER
39528,718.837,245.456064289717,205.124148593691,1.19662197733683,0.549207825778321,39899,224.340394767174,0.770586400499064,0.990701521341387,0.961288747930097,0.913973730558887,0.00620967578146419,0.00267290511361964,0.835347980151728,0.999595751773489,SEKER
39535,723.825,254.501909201981,198.291478600728,1.28347375791391,0.626855512794544,39943,224.360258069705,0.747947330583828,0.989785444258068,0.948253488584816,0.881566109948689,0.00643738229927865,0.00239832817356635,0.777158806210064,0.997462933502318,SEKER
39569,726.291,258.173488092707,195.817456008607,1.31843959856857,0.651705203318876,39908,224.456711963857,0.734118738404453,0.991505462563897,0.942635114321596,0.869402639372704,0.00652464020047781,0.00229942975860006,0.755860949348225,0.99655700663233,SEKER
39573,719.251,245.379656120819,205.81015815595,1.19226212311098,0.544529433896071,39935,224.468056755977,0.779732818411097,0.990935269813447,0.961275537015242,0.91477859372928,0.00620068370153436,0.00267844858753966,0.836819875545319,0.997708641479125,SEKER
39579,721.252,242.046141854569,208.459835450188,1.16111643920206,0.508198334152499,39904,224.485072869162,0.769046925094725,0.99185545308741,0.956094060579706,0.927447432746279,0.00611551938792211,0.00279106739669037,0.860158740507664,0.998744453926786,SEKER
39581,717.629,237.013634385062,212.803796008078,1.11376600808411,0.440291960334485,39918,224.490744620268,0.775322716499187,0.991557693271206,0.965821046756235,0.947163842294201,0.005988065849399,0.00297280739596034,0.897119344149514,0.999181030708435,SEKER
39598,715.191,245.753421851905,205.331246177008,1.19686324623019,0.549464074114831,39879,224.538948720312,0.783994614714501,0.992953684896813,0.972834657474532,0.913675777241558,0.00620620793605499,0.00266793061342997,0.834803425917965,0.999145538308264,SEKER
39614,720.724,249.871683221958,202.01262132339,1.23691124636194,0.588543648194347,39972,224.584307833692,0.755415713196034,0.991043730611428,0.958342156594304,0.898798555073554,0.00630766100928858,0.00253920386303789,0.807838842602309,0.999224949662813,SEKER
39621,733.765,256.390008334238,197.004940453672,1.30143948544545,0.639993953419822,40021,224.604149565301,0.78389126305793,0.990005247245196,0.924743551947659,0.876025360834263,0.00647106353535343,0.00235083497368015,0.7674204328248,0.998751253215832,SEKER
39622,723.79,250.352046496841,201.72655082861,1.24104658245778,0.592226515827364,39956,224.6069839553,0.797544283413849,0.991640804885374,0.950432110520608,0.897164561257678,0.00631851109224273,0.00252512543231981,0.804904249976682,0.998923668639301,SEKER
39628,723.609,250.114862368876,201.870327720868,1.23898774620665,0.590400428506011,39976,224.623989544227,0.752554217782673,0.99129477686612,0.951051639740981,0.898083334260023,0.00631156915233865,0.00253269945353614,0.806553675275601,0.999310120324405,SEKER
39629,719.764,245.413904717406,205.860785202027,1.19213527956071,0.544391948702936,40002,224.626823683882,0.74964058716707,0.990675466226689,0.961264127196874,0.915297867667846,0.0061927857053523,0.0026811160786872,0.837770186557306,0.998735395559126,SEKER
39635,717.433,251.577374361147,200.855150986807,1.2525313546859,0.602149694472821,39904,224.643827770936,0.764121843069212,0.99325882117081,0.967667217173185,0.892941300231765,0.00634735396394972,0.0024892248156058,0.797344165659596,0.998698567964514,SEKER
39645,715.39,251.014692346311,201.261993464229,1.24720364747318,0.597600951775085,39941,224.672165056167,0.77226507713885,0.992589068876593,0.973447549018162,0.895055835003472,0.00633155990279508,0.00250663439957258,0.801124947773763,0.9991659569452,SEKER
39668,716.495,251.661809939562,200.925184749541,1.25251501076516,0.602135881109334,39938,224.737327252405,0.801535663770459,0.99323952125795,0.971010308397044,0.893013235923147,0.00634420212613599,0.00248879059798577,0.79747263953393,0.998846451690761,SEKER
39669,715.564,248.076189707912,203.900953272052,1.2166504654685,0.569590313192695,39958,224.740159962787,0.777411958374978,0.992767405776065,0.973563202152972,0.905932005112618,0.00625365372729114,0.00259834015064672,0.820712797887368,0.998520607565619,SEKER
39670,722.087,249.939766834557,202.26360165176,1.23571302396207,0.587465266210655,40041,224.742992637466,0.796346481983338,0.990734497140431,0.956077310937341,0.899188614456179,0.00630047307372213,0.00254071598197396,0.808540164367623,0.999123611505507,SEKER
39676,721.502,240.624336668309,210.233804482187,1.14455587797108,0.486462716997965,40044,224.759987935825,0.773562097874829,0.990810108880232,0.957773169987096,0.934070057284554,0.00606473275199892,0.00284779834109408,0.87248687191557,0.998609977703563,SEKER
39686,715.976,239.599108055584,211.260424052717,1.13414099744397,0.471764514008153,40005,224.788310577663,0.780452310717797,0.992025996750406,0.972859810256877,0.938185089259656,0.00603737106424393,0.00288523862210904,0.880191261709149,0.998260995496281,SEKER
39698,742.795,251.1406601661,201.893181378691,1.24392839050386,0.594757999260392,40263,224.822293038071,0.745082582582583,0.985967265231105,0.904150127806327,0.895204674899627,0.00632627991752986,0.0025062104285721,0.801391409962147,0.996873526757835,SEKER
39701,718.722,253.705381385085,199.306129705744,1.27294319426932,0.618758819740949,40020,224.83078785062,0.777627609981588,0.992028985507246,0.965804962413794,0.886188486121873,0.00639040279552365,0.0024311536561055,0.785330032934977,0.999680520679879,SEKER
39703,720.914,248.612089304754,203.453153468864,1.22196232924353,0.574711867272808,40053,224.836450880679,0.763768924456072,0.991261578408609,0.959989026569636,0.904366523403736,0.00626179606842692,0.00258378631543787,0.81787880865336,0.999417094060982,SEKER
39706,720.946,254.169530769527,199.073213806608,1.27676409050412,0.621732009611238,40009,224.844945158334,0.783124926038421,0.992426703991602,0.959976339403878,0.884625881306822,0.00640128773408369,0.00241816358442386,0.782562949877872,0.999148272963044,SEKER
39709,719.045,253.66621731431,199.559251359317,1.27113233581724,0.617335300360055,40046,224.853439115101,0.772338273621971,0.991584677620736,0.965131905667121,0.88641460221127,0.00638812907185549,0.00243277000265422,0.785730847013365,0.99876788688776,SEKER
39721,739.568,257.063204311622,197.1288750017,1.30403627733078,0.64182656176617,40255,224.887411734017,0.784550356515041,0.986734567134518,0.912586026048431,0.874833145942583,0.0064717203572826,0.00233830104274771,0.765333033239797,0.998022039584302,SEKER
39728,727.917,249.827595343177,202.921799755539,1.23115207752023,0.583313173858233,40129,224.90722672524,0.767557333024208,0.990007226693912,0.942199440349929,0.900249735888045,0.00628845135277831,0.00254785951990348,0.810449586966495,0.997786692719214,SEKER
39733,727.157,256.333027351627,197.835787949234,1.29568583120766,0.635875034844589,40033,224.921379221634,0.761051946061906,0.99250618239952,0.944288809098072,0.877457663358756,0.00645138870338576,0.00235905277791888,0.769931950987008,0.997589919887938,SEKER
39746,727.669,233.938541505188,216.497600902137,1.08055950980692,0.378878349495665,40185,224.958171545387,0.782740556934105,0.989075525693667,0.94326896352349,0.961612268324748,0.00588583861282112,0.00310447448137991,0.924698154592667,0.999191384646019,SEKER
39754,721.292,252.457718714976,201.191822115425,1.2548110358588,0.604068045911845,40091,224.980809984767,0.79191235059761,0.991594123369335,0.960214957228683,0.891162334548263,0.00635049853385762,0.00247067074573324,0.794170306517511,0.99653366496954,SEKER
39755,737.943,266.085574205191,190.755277217164,1.39490544160551,0.69718169516055,40208,224.983639629522,0.733027252277169,0.988733585356148,0.917394193273962,0.845531142759458,0.00669313480581539,0.00211022016061403,0.714922913376115,0.997249862196809,SEKER
39757,719.823,247.994893151437,204.468093573717,1.21287819931684,0.565883666993991,40101,224.989298812268,0.775746341463415,0.991421660307723,0.964210888075748,0.907233596438937,0.00623776676186424,0.00260666603281813,0.823072798507527,0.99828705376048,SEKER
39764,722.344,252.757830217411,200.557730319664,1.26027468407499,0.608599178771634,40089,225.009104831002,0.76742256103445,0.991893037990471,0.957660973868551,0.89021615922822,0.00635644880337519,0.00246249983186527,0.792484810151044,0.998748543747332,SEKER
39765,736.601,253.968109484499,199.93839095001,1.27023183630601,0.61662391969549,40214,225.011934119935,0.749759601787431,0.988834734172179,0.920971609589746,0.885984994638344,0.00638672474498929,0.00242752341920975,0.784969410724307,0.99709313602838,SEKER
39767,724.386,251.406834713322,201.625040261244,1.24690283700663,0.597341342005801,40117,225.017592591075,0.784854345938265,0.991275519106613,0.952341252050567,0.895033712379627,0.00632199649743057,0.00250260085579206,0.801085346296056,0.998875590980994,SEKER
39774,719.525,241.507262308588,209.986306860042,1.15010957580941,0.493963974250843,40111,225.037396119615,0.756447318372005,0.991598314676772,0.965422368619281,0.931803847091238,0.00607198829156202,0.00282363583447129,0.868258409454031,0.998592310990128,SEKER
39779,719.021,252.479650897219,200.891497861001,1.25679609931483,0.605725069483031,40075,225.051540430231,0.77529819911125,0.992613849033063,0.966897808272147,0.891365064988334,0.00634705877214658,0.00247158026119838,0.794531679081656,0.998564315051884,SEKER
39790,734.078,248.161659837093,204.389245108241,1.21416202552963,0.56715176275677,40254,225.082654784886,0.781237728736354,0.988473195210414,0.927896178002779,0.907000118119142,0.0062367846151569,0.00260357374475448,0.822649214268138,0.99882943629616,SEKER
39803,727.139,252.317302899711,201.682430411659,1.25106238746082,0.600904734066655,40242,225.119420750618,0.791154839992049,0.989090999453308,0.945999252946708,0.892207621766219,0.00633915290052787,0.00247784825003013,0.796034440337733,0.99588874742996,SEKER
39807,719.325,241.460184443291,210.051382920273,1.14952913466387,0.493190378043333,40140,225.130732147507,0.787072919962037,0.991704035874439,0.966760736885972,0.932372070644138,0.00606577196079311,0.00282763184902049,0.869317678117238,0.999305998274116,SEKER
39826,732.976,247.039473105958,205.713078290055,1.20089337615002,0.55370425516285,40266,225.184453523378,0.791753643068726,0.989072666766006,0.931530424999172,0.911532277381415,0.00620296974604424,0.00264160350567288,0.830891092708149,0.997811609535268,SEKER
39833,720.171,247.165912269223,205.347817765917,1.20364518580361,0.556556712772192,40184,225.204242378859,0.76285046728972,0.991265180171213,0.96512068121939,0.91114604077587,0.00620505390679143,0.00263801518427826,0.830187107621543,0.999250715404894,SEKER
39834,723.396,258.496308357934,196.303016805345,1.31682290249395,0.650619883733528,40145,225.207069216267,0.774980544747082,0.992253082575663,0.956558592107789,0.871219672910872,0.00648933846357217,0.00230616769054036,0.759023718466926,0.999499816013369,SEKER
39835,731.546,249.609593611951,203.446241676269,1.22690687994689,0.57937967895553,40279,225.209896018193,0.79377889367129,0.988976886218625,0.935387163163757,0.902248558476118,0.0062660874510343,0.00256142121278536,0.814052461272234,0.9987665653726,SEKER
39859,724.609,255.684609982234,198.752849999382,1.28644499931965,0.629085650113175,40202,225.277728623135,0.785476401615923,0.991468086164867,0.953957034799937,0.88107660699167,0.00641472716280473,0.00238458404981697,0.776295987387954,0.998662090967144,SEKER
39868,732.632,255.1164420801,199.12013283251,1.2812187218391,0.625147217372482,40297,225.303160584803,0.753876408743665,0.989354046206914,0.933388714939415,0.883138533713414,0.00639902784388734,0.00240109366053732,0.779933669729478,0.999265619450079,SEKER
39872,721.45,249.106039729037,204.064935777841,1.22071946745536,0.573523607499164,40228,225.314462757455,0.779831406833695,0.991150442477876,0.962643336980128,0.904492171295962,0.00624764345227319,0.00257937952699932,0.818106087935683,0.998678027986832,SEKER
39883,729.422,245.94123773438,206.758561465691,1.18950932909828,0.541527909726277,40302,225.345540809381,0.757511870845204,0.989603493623145,0.941976279707643,0.916257651157948,0.00616656815521349,0.00268098111899732,0.83952808330548,0.998626487131865,SEKER
39890,721.856,247.163991754526,205.873678435695,1.20056140072189,0.553357813008569,40261,225.365315520125,0.757644824311491,0.990785127046025,0.961994876546204,0.911804805871357,0.0061961391765988,0.00264185169848167,0.831388004010102,0.998132346637745,SEKER
39898,714.231,239.759789712977,212.049882245425,1.13067636338265,0.466679743594736,40185,225.387913065105,0.78047730829421,0.992858031603832,0.982841752942204,0.940057185297514,0.00600931850501222,0.00289482342908795,0.883707511629485,0.99918719554316,SEKER
39898,743.961,257.436106531336,197.919071137021,1.30071399917349,0.639479057569353,40460,225.387913065105,0.761528477630173,0.986109738012852,0.905859098973007,0.875510106573454,0.00645235617152079,0.00233852894867998,0.766517946712261,0.997020623906356,SEKER
39901,730.829,258.149711615533,197.149032803856,1.3094140404552,0.645570855837121,40316,225.396386560383,0.769324207076063,0.989706320071436,0.938776262444213,0.873122751715758,0.00646975543509017,0.00231936365539437,0.762343339563697,0.998223072472213,SEKER
39901,716.133,239.501900560176,212.50008146451,1.12706733526677,0.461272662929514,40196,225.396386560383,0.796236430395913,0.992660961289681,0.977701475213049,0.941104793044226,0.00600240346257427,0.00290440307466041,0.885678231490816,0.998219004270137,SEKER
39926,723.237,248.275046105206,205.005038323247,1.21106802123435,0.564083939149724,40308,225.466986636838,0.781025039123631,0.990522973107076,0.959189452141672,0.908133902999245,0.00621838015591859,0.00260889493008163,0.824707185776642,0.998776499576265,SEKER
39928,737.776,252.969898369025,201.198247950122,1.25731660661249,0.606157515667197,40395,225.472633687961,0.74826183917093,0.98843916326278,0.92180354509186,0.891302226635077,0.00633565163216353,0.00246644262945458,0.794419659204646,0.998837030137434,SEKER
39930,721.559,251.543614692574,202.24418444028,1.24376191774677,0.594612534752747,40234,225.478280597655,0.769319692503324,0.992444201421683,0.963752412487455,0.89637847048205,0.00629961469302714,0.00250876174001171,0.803494362343739,0.999355689007368,SEKER
39935,737.056,253.327238728939,200.977428157619,1.26047606963237,0.608764427557875,40360,225.492397253208,0.782210992282681,0.989469772051536,0.923767291837645,0.89012298237098,0.00634348913807284,0.00245645052090202,0.792318923745009,0.998699042897462,SEKER
39940,730.921,252.615670035485,201.601200444216,1.25304645745592,0.602584604024845,40331,225.506513025062,0.755981223500909,0.990305224269173,0.93945729930423,0.892686162316789,0.00632487906949137,0.00247757722442893,0.796888584391878,0.998538417659302,SEKER
39948,731.068,244.969134999119,207.964148525479,1.17793925893484,0.528488904810671,40386,225.529096422347,0.772031539888683,0.989154657554598,0.939267631298717,0.920642906393731,0.00613220023528384,0.00271744607797692,0.847583361093096,0.998401716251505,SEKER
39951,725.181,247.919335392282,205.563491038242,1.20604750454525,0.559019162544049,40307,225.537564613336,0.76188569140111,0.991167787232987,0.954651116201648,0.909721560266641,0.00620558522670977,0.00262178127555633,0.827593317213971,0.998116855004236,SEKER
39951,739.057,250.38350480082,203.479774897539,1.23050806856308,0.582720771917848,40414,225.537564613336,0.755360181508792,0.988543574009007,0.919139962687172,0.900768462334413,0.00626726501966959,0.00254513317358678,0.811383822736302,0.998414340578572,SEKER
39951,718.307,247.296534589827,205.972172602182,1.20063080107166,0.553430279359332,40267,225.537564613336,0.808642849913976,0.992152382844513,0.973010038887378,0.912012636923597,0.0061899961099804,0.00264163957839542,0.831767049908333,0.99864513943645,SEKER
39965,739.181,248.245473907452,205.419738356047,1.20847916511887,0.561485849250052,40461,225.577078634645,0.783627450980392,0.987741281728084,0.919153596654594,0.908685564671127,0.00621157197316283,0.00261237669149036,0.825709455441685,0.997852673342927,SEKER
39984,729.801,254.431815127163,200.581162111357,1.2684731330149,0.615227815485054,40353,225.630693737999,0.820891845282089,0.990855698461081,0.943381150769834,0.886802201309733,0.00636334071446486,0.00242757127620201,0.786418144247788,0.997550287293755,SEKER
39989,718.723,247.161223821694,206.144457122326,1.19897098991621,0.551691071153814,40283,225.644800858372,0.756064358775595,0.992701635925825,0.972808422187685,0.912945798573792,0.00618073029637385,0.00264849729086687,0.833470031133539,0.999306388293672,SEKER
39998,720.425,251.301946198093,202.854651566617,1.23882762488967,0.590257789561315,40296,225.670191452742,0.788681849551415,0.992604725034743,0.96843525180443,0.898004153437208,0.00628286279809224,0.00252029118312424,0.806411459590477,0.99900479316828,SEKER
40000,738.009,264.589048510107,192.765995884606,1.37259192056101,0.68499405452735,40470,225.675833419103,0.727563752773837,0.98838645910551,0.922882772829333,0.852929607970838,0.00661472621275268,0.00215945619010367,0.727488916153287,0.998545408609686,SEKER
40000,727.877,246.699162538976,206.888462141281,1.19242590904132,0.544706844577732,40425,225.675833419103,0.755857898715042,0.989486703772418,0.948754529895071,0.914781514037153,0.00616747906347441,0.00266413952471818,0.836825218424105,0.997852071788061,SEKER
40009,742.191,265.109433864459,192.629689063518,1.37626466176271,0.687056040216955,40475,225.701220522418,0.777628765792031,0.988486720197653,0.912717112676778,0.851351146703483,0.00662624494149963,0.00214724771734652,0.724798774993336,0.997514940912231,SEKER
40021,719.269,252.309964463118,202.195150592388,1.24785368849799,0.598160934347345,40316,225.735065552178,0.782332473219173,0.992682805833912,0.972109336558616,0.894673605271643,0.00630443928095544,0.00249163675586986,0.80044085996976,0.99883307953777,SEKER
40024,724.462,240.429844984697,212.085282882614,1.13364700141769,0.471045707767669,40386,225.743526016761,0.76665517373482,0.991036497796266,0.958294803086456,0.938916406285291,0.00600714183951372,0.00287975380382587,0.881564017991685,0.999382405554,SEKER
40025,725.214,248.430265689106,206.036160272536,1.20576051000219,0.558726327865836,40354,225.74634610116,0.771016335336724,0.991847152698617,0.956332347426632,0.908690998155864,0.00620687734388773,0.00261046472565085,0.8257193301295,0.995619760615614,SEKER
40044,723.751,262.689473492738,194.290300724155,1.35204625508143,0.673025073253802,40340,225.799921012774,0.781803982819211,0.992662369856222,0.960658352557064,0.85956973460155,0.00656002081442259,0.00220906982045415,0.738860128642979,0.998973069960724,SEKER
40055,723.478,244.898810683242,208.467909497522,1.17475543969108,0.524774954640478,40387,225.830932257667,0.791272396831355,0.99177953301805,0.961647576415359,0.922139767145548,0.006114063429865,0.00272707265080508,0.850341750151246,0.998943596586613,SEKER
40064,726.711,253.53133100865,201.601966979095,1.25758361789664,0.60637902523699,40403,225.856301927286,0.766452402816039,0.991609533945499,0.953324387684935,0.890841778918364,0.00632815822206096,0.00245843877974129,0.793599075066435,0.998017195981476,SEKER
40064,721.433,241.512785494036,211.386698033482,1.1425164768683,0.483651069096196,40450,225.856301927286,0.794463503143033,0.990457354758962,0.967324445531894,0.935173272360205,0.00602817455805802,0.00284402838443989,0.874549049336895,0.999186698696907,SEKER
40067,724.428,245.509458917859,208.058081391668,1.18000443566376,0.530868128231296,40443,225.864757850586,0.764564449957065,0.990702964666321,0.959414403437237,0.919983934004571,0.00612747295574561,0.00270758524391783,0.846370438826527,0.998720872029982,SEKER
40091,727.083,261.313286248209,195.560116016294,1.33622996125875,0.663276781173432,40500,225.932393843772,0.786823150746767,0.989901234567901,0.952990940671973,0.864603545757599,0.00651800369779276,0.0022467896482138,0.747539291336613,0.998884398302115,SEKER
40098,718.837,248.477527270688,205.790867779942,1.20742737494257,0.56042206965515,40356,225.952117194751,0.796084893486073,0.993606898602438,0.975150683426964,0.909346288481863,0.00619675612925054,0.00261373384752878,0.826910672375739,0.998434582458631,SEKER
40111,740.571,250.513838720969,204.012549764985,1.227933472767,0.580337086092968,40644,225.988741708237,0.760311623322466,0.986886133254601,0.919051716288566,0.902100829487313,0.00624551466482931,0.00255133991669095,0.813785906561698,0.999274954333147,SEKER
40113,726.074,251.568197945416,203.298191466862,1.23743451001836,0.589012977457502,40420,225.994375721967,0.783579465541491,0.992404750123701,0.956165868124572,0.898342388138432,0.0062714879950494,0.00251952067863892,0.80701904632626,0.998633218166223,SEKER
40115,735.396,252.943995098103,202.917152593687,1.24653826384302,0.597026299373393,40613,226.000009595245,0.763658861602894,0.9877379164307,0.93212495246533,0.893478453629992,0.00630547164646898,0.00247875541209542,0.798303747101042,0.99511616693071,SEKER
40116,724.693,254.822446605961,200.698720679095,1.26967648694387,0.616184037130251,40460,226.002826479219,0.778800232964473,0.991497775580821,0.959885328992344,0.886903133885583,0.00635213995926716,0.00242440169621286,0.786597168896068,0.998723930043951,SEKER
40119,734.219,264.794682149198,193.122464649796,1.37112315042878,0.684163049304128,40472,226.011276920489,0.753408450704225,0.991277920537656,0.935209103154156,0.853534047912425,0.00660023136541784,0.00216083856629735,0.72852037094577,0.998891146162707,SEKER
40123,724.676,257.402089115009,198.704452201342,1.29540171980742,0.635669525863508,40429,226.022543684051,0.794987121062017,0.992431175641248,0.960097867016644,0.878091333528622,0.00641532510318294,0.0023526493118225,0.771044390018073,0.998812228877275,SEKER
40126,730.299,265.73840780828,192.426859055969,1.38098397028342,0.689672564510599,40483,226.03099338817,0.784584400602233,0.991181483585703,0.945440758190742,0.850577059042378,0.00662259900833075,0.00213827167539305,0.72348133336918,0.999116124182111,SEKER
40126,721.437,250.25119119884,204.369433607267,1.22450401110248,0.577123072222399,40413,226.03099338817,0.760956553071248,0.992898324796476,0.968810660079297,0.903216453457658,0.00623663438166874,0.00256033862866085,0.81579996179663,0.998950325477222,SEKER
40142,735.881,265.016123708672,193.260706722278,1.37128818477059,0.684256606505406,40542,226.076053143094,0.781855011491566,0.990133688520547,0.931523232720815,0.853065277611619,0.0066019661130156,0.00215666213961241,0.727720367866588,0.997914342272356,SEKER
40143,721.446,251.926734555166,203.189074494558,1.23986358608033,0.591179057226348,40480,226.078869079584,0.74782041728763,0.991674901185771,0.969196929875749,0.89739927554246,0.00627573261976351,0.00251065508445172,0.805325459744131,0.998493712480149,SEKER
40146,732.715,254.082944009604,201.537152269285,1.26072508789898,0.608968590361773,40549,226.087316678618,0.767257854904059,0.990061407186367,0.939684318613194,0.889816975160964,0.00632897284934,0.00244746078347557,0.791774249284608,0.998209660025483,SEKER
40150,722.163,251.267183692947,203.665250745476,1.23372633659023,0.585665946291039,40443,226.098579653028,0.765855984740105,0.992755235763915,0.967442019512467,0.899833302264115,0.00625821129994886,0.00253091892645129,0.809699971863542,0.998948180024423,SEKER
40154,729.638,241.28459847045,211.974737628079,1.13827053718919,0.477694956725754,40559,226.109842066407,0.766634209672184,0.990014546709732,0.947815464200766,0.937108474804285,0.00600898038727025,0.0028585119434599,0.878172293550014,0.999597648323833,SEKER
40161,724.95,246.454627417012,207.766702345945,1.18620849555888,0.537878895448305,40535,226.129549940093,0.777319707351063,0.990773405698779,0.960280862221332,0.917530144635799,0.0061366656063597,0.00268283267775789,0.841861566315389,0.998623342047818,SEKER
40166,731.962,252.627058193373,202.940053354122,1.24483587156917,0.59554931040877,40541,226.143625941198,0.753866366366366,0.990750104832145,0.942087795552678,0.895167871400763,0.00628957471974737,0.00249125962441315,0.801325517988173,0.997518749595424,SEKER
40168,737.07,256.077799039404,199.979202252453,1.28052215507957,0.62461676158157,40630,226.149256096327,0.796178470198807,0.988629091804086,0.929121697865853,0.883127147080516,0.0063751692650718,0.0023920178878821,0.779913557910572,0.998696589951421,SEKER
40172,721.945,244.903712247695,209.376805229008,1.169679286967,0.518734803820798,40501,226.160515986104,0.819736358813207,0.991876743784104,0.968556794704591,0.923467079818562,0.00609637837916198,0.00273487416947322,0.852791447508623,0.997492492253445,SEKER
40196,729.067,251.195325421792,204.320649954903,1.22941721983184,0.581713831368699,40594,226.228063555728,0.772970270374216,0.990195595408188,0.950293632905796,0.900606184354185,0.00624926175295533,0.00253599374441179,0.811091499297005,0.997169856094965,SEKER
40197,742.209,256.794787893576,199.541987522818,1.28692106900163,0.629440809645835,40643,226.230877600117,0.762303009614838,0.989026400610191,0.916961440339566,0.880979242047058,0.00638840679387954,0.0023737502731207,0.776124424917808,0.998810874593505,SEKER
40202,726.182,251.794769309522,203.491905910237,1.23736994935117,0.588955123670364,40556,226.244947297046,0.756757774263986,0.991271328533386,0.958002326379535,0.898529178812811,0.00626323987138754,0.00251830047418371,0.807354685178025,0.998996425907158,SEKER
40242,734.477,247.411273670272,207.439360256652,1.19269203956359,0.54499483462414,40680,226.357473389399,0.772695852534562,0.989233038348083,0.937417420035893,0.91490363406426,0.00614808592192913,0.00265718077511344,0.837048659623989,0.998341273060903,SEKER
40243,727.238,252.263064741217,203.259738632853,1.2410872238544,0.592262414800932,40600,226.360285825003,0.795441967109424,0.991206896551724,0.956196357832492,0.897318384905907,0.0062684955083174,0.00250685575718303,0.805180283890146,0.999298963235516,SEKER
40248,726.411,258.653909952878,198.817380958601,1.30096226348911,0.639655400611677,40574,226.374347478907,0.808452514864213,0.991965297974072,0.958493879947596,0.875201722332936,0.006426503427571,0.00232587923195235,0.765978054774538,0.996508543922467,SEKER
40248,725.14,256.438364105762,200.01440125667,1.28209950130883,0.625816077221129,40570,226.374347478907,0.757894736842105,0.992063100813409,0.961856853637185,0.882763186656205,0.00637145607497919,0.00238668614026428,0.779270843715417,0.999102760112051,SEKER
40265,729.52,257.45105388744,199.649689441748,1.28951392114515,0.631364755880105,40629,226.422150570039,0.7984334721396,0.991040882128529,0.950743055863241,0.879476495244928,0.00639391664938383,0.00235962876353134,0.773478905688303,0.997411816597182,SEKER
40272,723.726,249.72291251445,205.523124097108,1.21505992871371,0.568034600425537,40551,226.441831262632,0.768476290430302,0.993119775098025,0.966194836423587,0.906772346127948,0.00620090664765719,0.0025859970423146,0.822236087702384,0.999066122109496,SEKER
40273,722.923,252.373703513561,203.387468038765,1.2408517886926,0.592054373235733,40573,226.444642650514,0.778583304334377,0.992605920193232,0.968366510897039,0.897259260762668,0.00626657322557448,0.0025054265732613,0.805074181024369,0.998977737554322,SEKER
40285,737.587,261.998948817291,195.95360410853,1.33704582780821,0.663791671307657,40752,226.478376582967,0.745562896748284,0.988540439733019,0.930522169765289,0.864424752867634,0.00650363531878592,0.00223998299512823,0.74723015337027,0.999080958976208,SEKER
40286,764.364,256.264164764074,200.789112208046,1.27628516280578,0.621361577555181,41170,226.481187517199,0.758881814414347,0.97852805440855,0.866490016974746,0.883780171627609,0.00636112209611463,0.00239381458404211,0.781067391762126,0.996864723257413,SEKER
40289,734.253,247.601320453877,207.37165693104,1.1939978882274,0.546402962246782,40728,226.48962011058,0.772530296057678,0.989221174621882,0.939084976604206,0.914735105997831,0.00614563082861022,0.00265416317152637,0.836740314144863,0.999066168083694,SEKER
40310,729.425,255.404608880729,201.238655980061,1.26916276416612,0.615776331704367,40674,226.548639475664,0.751659580815992,0.991050794119093,0.952053544084019,0.887018603417057,0.00633601113571643,0.00241950546887496,0.786802002807946,0.998579804735172,SEKER
40326,730.663,254.912603916259,201.715145358337,1.26372565363607,0.611413865302894,40661,226.593596292989,0.792991563919533,0.99176114704508,0.949206663701435,0.88890699326671,0.00632129653117737,0.00243450806677909,0.790155642678463,0.998539956018066,SEKER
40329,724.982,251.302869599329,205.058573954885,1.22551749362413,0.578077557619867,40651,226.602024703277,0.790826731508354,0.992078915647832,0.964212748911929,0.901708862555231,0.00623131914005627,0.00254111962358768,0.813078872810648,0.996442382325637,SEKER
40334,737.758,249.853772377916,206.005946590866,1.21284737898432,0.565853139801913,40836,226.616071357148,0.81031018964963,0.987706925262024,0.931222161503257,0.906994796197755,0.00619461923880389,0.00258591092570681,0.822639560329807,0.997736234594818,SEKER
40338,730.78,262.069701038441,196.267131507216,1.33527045015587,0.662669515925802,40674,226.627308053392,0.779342723004695,0.991739194571471,0.949185116058601,0.864759669490179,0.00649684419253411,0.00224111386188652,0.747809285976763,0.998527641916931,SEKER
40339,732.176,254.67855906771,202.396710726177,1.25831372532662,0.606983582533632,40755,226.630117140401,0.803565737051793,0.989792663476874,0.945592488912215,0.889867281996629,0.00631345742501573,0.00244201302383046,0.791863779568067,0.996413062419513,SEKER
40348,744.73,255.925468974458,201.358330891914,1.27099518475764,0.617227103636789,40885,226.655397356812,0.762117033735031,0.986865598630305,0.914185183736735,0.885630485567003,0.00634295303297457,0.00240702992049205,0.784341356965645,0.996894087909605,SEKER
40363,736.091,268.697450460817,191.710526073464,1.40157901584314,0.700674575250157,40681,226.697524786102,0.740388142930516,0.992183083011725,0.936117332537925,0.843690643127858,0.0066570237708004,0.0020806201540215,0.711813901301498,0.99766342724962,SEKER
40367,732.896,262.793762665021,195.963719654072,1.34103273365561,0.666288622708403,40675,226.708757445151,0.768895238095238,0.992427781192379,0.944390556920352,0.86268697988138,0.00651011377276045,0.00222423830222047,0.744228825256856,0.998035215999504,SEKER
40381,724.736,254.375501453145,202.377186653955,1.25693763046574,0.605842739679895,40687,226.748067369825,0.747298097564587,0.99247917025094,0.966111528061395,0.891391136624808,0.00629938588576671,0.00245330317880424,0.794578158453268,0.998735187706081,SEKER
40388,729.945,261.227995813688,197.140428784386,1.32508586607263,0.656106772027991,40719,226.767719776788,0.784537684537685,0.991871116677718,0.952537178132327,0.868083526309799,0.00646796067677746,0.0022656519395778,0.753569008650455,0.998543642473084,SEKER
40392,736.057,267.276352585655,192.656340080361,1.38732186272286,0.693129308666811,40754,226.778948958987,0.768844221105528,0.991117436325269,0.936876460466286,0.848481157293217,0.006617061610855,0.00211550350692616,0.719920274281637,0.998761135928356,SEKER
40393,730.714,250.964943780394,205.328083515083,1.22226311902414,0.574998529736813,40765,226.781756167659,0.766834361651637,0.990874524714829,0.950651016966781,0.903639180642311,0.00621308008269735,0.00255544728536769,0.816563768791906,0.998055778925701,SEKER
40398,724.683,252.234141795395,204.023122046521,1.23630174494576,0.587995745136555,40714,226.795791689818,0.792117647058824,0.992238542024856,0.966659630038848,0.899147871400325,0.00624372844683884,0.00251737694866025,0.808466894643735,0.99950903257893,SEKER
40409,734.88,246.301139112898,209.090490056867,1.17796433040025,0.528517928282706,40864,226.826666781495,0.772786383629757,0.988865505090055,0.940275480050634,0.920932268516726,0.00609520500662966,0.00270444928574957,0.848116243195363,0.9990506825172,SEKER
40415,730.648,258.671655838046,199.161137599348,1.29880587626696,0.638118699527998,40770,226.843505969361,0.770837306885371,0.991292617120432,0.951340635314935,0.876955402146525,0.00640038737691565,0.00233504929690233,0.769050777353973,0.998847668775014,SEKER
40422,739.701,249.042864456156,206.842997643227,1.20401883212753,0.556941396296744,40891,226.863150108793,0.768771395968049,0.988530483480473,0.928357499521962,0.910940173307924,0.00616107229865312,0.0026169503859303,0.829811999346271,0.999109274338311,SEKER
40422,726.959,259.130533672602,198.978942864362,1.30230128847977,0.640603942528103,40712,226.863150108793,0.782507694988095,0.992876793083121,0.961186863070005,0.875478265310961,0.00641063118283612,0.00232306857161571,0.76646219303189,0.998164701556462,SEKER
40429,723.823,243.945179695171,211.232666519924,1.15486484034022,0.500213343447058,40816,226.882792547381,0.790864632237872,0.990518424147393,0.969701584630889,0.930056469371067,0.00603391574600338,0.00278494277945913,0.865005036218975,0.998963903046511,SEKER
40445,730.904,258.313310885857,199.954039316834,1.29186342905807,0.633093133993952,40795,226.927683165394,0.767981923135349,0.991420517220248,0.951380019908625,0.878497830356363,0.00638677984635573,0.00234652119810061,0.771758437940838,0.997006502042752,SEKER
40446,742.366,264.136902623282,195.421461449021,1.35162689228065,0.672772802150683,41006,226.930488534173,0.732876712328767,0.9863434619324,0.922251340525665,0.859139659322143,0.00653060630527821,0.00219476656253708,0.738120954220168,0.997664131479832,SEKER
40453,728.447,258.311205793017,199.556186517895,1.2944284529603,0.634963991990758,40801,226.950125144648,0.780704801605682,0.99147079728438,0.957998171982074,0.878591869245123,0.00638546475645853,0.00234704271912326,0.771923672703639,0.999199965461207,SEKER
40459,733.681,247.978115609553,208.010079496569,1.19214470861083,0.544402171515519,40874,226.966955172862,0.782648225166844,0.989846846406028,0.94451848893271,0.915270102020723,0.00612912122419122,0.00265323109217395,0.837719359653025,0.998682701911207,SEKER
40459,726.133,250.051707359175,206.264277174677,1.21228799666273,0.565298386341592,40829,226.966955172862,0.758568321583921,0.990937813808812,0.964256688285952,0.907680085730613,0.00618037290489569,0.00258776998684894,0.823883138031934,0.998783638888936,SEKER
40462,733.598,248.221658052337,207.74978549603,1.19481065869539,0.54727523922318,40843,226.975369718994,0.792005950516755,0.990671596111941,0.944802279607934,0.91440598495695,0.00613468582997224,0.00264562526292576,0.83613830532509,0.999026959345915,SEKER
40462,741.338,249.642854583868,206.621673939227,1.20821233234852,0.561216428579726,40933,226.975369718994,0.792906133646874,0.988493391639997,0.925176697594093,0.909200345819397,0.00616981005842193,0.00260069801320321,0.826645268838111,0.99876300828776,SEKER
40464,763.363,239.660028125137,216.069980312619,1.10917781256973,0.432635963390457,41122,226.980979243115,0.74855705194613,0.983998832741598,0.872602522397132,0.947095688082783,0.00592279626643774,0.00293955773295147,0.896990242385001,0.994921674944991,SEKER
40480,732.301,261.322450290854,197.562756353225,1.32273134428046,0.654558427464565,40810,227.02585044633,0.784739454094293,0.991913746630728,0.948573774623209,0.868757545299489,0.00645559412773848,0.00226835142551492,0.754739672514795,0.998317821607288,SEKER
40484,733.501,254.446783815474,202.748445157682,1.25498759616916,0.604215932033307,40856,227.037066861467,0.758681434006109,0.9908948502056,0.945566025950435,0.892277211985179,0.00628511964765029,0.00245749429771822,0.796158623028045,0.999169196483316,SEKER
40485,733.929,255.682311863861,202.158287926634,1.26476294633368,0.612252891049764,40835,227.03987087867,0.792177043791336,0.99142892126852,0.944486839191486,0.887976447113629,0.00631548257043005,0.0024221001137392,0.788502170628543,0.997268328514655,SEKER
40486,727.273,244.537238004746,211.064064494299,1.15859248039521,0.505005281607952,40839,227.042674861242,0.789616367288826,0.991356301574475,0.961877587401774,0.928458490468581,0.0060400444105307,0.00276866150802353,0.862035168523196,0.998747464087196,SEKER
40504,740.479,245.541735590342,210.426187157535,1.1668782241752,0.515337269591825,40946,227.093140627261,0.763189629182997,0.989205294778489,0.928287036397106,0.924865746677541,0.00606216017159644,0.00273603690150222,0.855376649377405,0.99812038562644,SEKER
40504,727.151,258.434113063015,199.884787720062,1.29291536394932,0.633862401641309,40814,227.093140627261,0.756207759232292,0.992404567060322,0.962628170922845,0.878727416964059,0.00638045904263815,0.00234665040913769,0.772161873324328,0.99833994947691,SEKER
40512,737.636,248.202030035321,208.525151540427,1.19027382645111,0.542365241222742,40973,227.115566257161,0.744268077601411,0.988748688160496,0.935641205442091,0.915043145395873,0.00612662988831262,0.00264952301427488,0.837303957935973,0.996620985915108,SEKER
40516,733.046,255.955200258828,201.896698196324,1.26775327454804,0.614653778589394,40896,227.126778241778,0.772336491355154,0.99070813771518,0.94748854893494,0.887369266231364,0.00631738573054665,0.00241621006870331,0.78742421465199,0.998259626583481,SEKER
40527,730.217,254.294786769817,203.134388602857,1.25185493465108,0.601577287968207,40849,227.157608346016,0.772531452535265,0.99211731009327,0.955103511013147,0.893284566433661,0.0062747004902859,0.00246451851770335,0.797957316628573,0.998926804462415,SEKER
40527,754.329,234.836091097391,220.44692390669,1.06527270571846,0.344662243692115,41159,227.157608346016,0.769451300550598,0.984644913627639,0.895019941350356,0.96730279951649,0.00579455896309599,0.00312931965507689,0.935674705952438,0.996748725682277,SEKER
40533,755.94,252.952623959437,204.317247179803,1.23803852807802,0.589553534164171,41130,227.17442300301,0.767205481526348,0.985485047410649,0.891341156764812,0.898090794422592,0.00624065882020666,0.00250432784395362,0.806567075026603,0.99856111436213,SEKER
40547,725.149,259.024363985972,199.592115037547,1.29776852125268,0.637375395018065,40819,227.213652363534,0.761989776742088,0.993336436463412,0.968978378139425,0.877190272247279,0.00638824978385509,0.00233311893903251,0.769462773725256,0.998584566016414,SEKER
40566,737.031,268.887713074862,192.417830116445,1.39741578476454,0.698503508620355,40945,227.266881378978,0.788362873134328,0.990743680547075,0.938427099028853,0.845211106078707,0.00662840095338121,0.00208664857957758,0.714381813838791,0.998288423007053,SEKER
40570,737.047,248.719348235516,208.315229729493,1.19395662313547,0.546358591243964,40979,227.278085898983,0.750684627340685,0.990019278166866,0.938478885597697,0.913793347849118,0.00613062233757743,0.00263679456459235,0.835018282573299,0.9969756089176,SEKER
40572,743.746,241.137839804808,214.705722881918,1.12310858121573,0.455206568765527,41068,227.283687951852,0.758922558922559,0.987922470049674,0.921694497522231,0.94254675307629,0.00594345459441999,0.00289354551882777,0.888394381734657,0.997763353630036,SEKER
40572,725.331,250.714014316467,206.471934886315,1.214276480019,0.567264482255374,40900,227.283687951852,0.767478813559322,0.9919804400978,0.969089308875323,0.90654560564357,0.00617948374042363,0.00257448629838533,0.821824935111666,0.997922689399241,SEKER
40580,925.731,259.091513527257,200.518535481393,1.29210754958511,0.63327190722165,41753,227.30609478268,0.751258886255924,0.971906210332192,0.595048400707483,0.877319722626758,0.00638470954971063,0.00233320274464538,0.769689895709892,0.994522125086128,SEKER
40587,746.02,262.969584023179,196.741870747349,1.33662236220615,0.663524591410557,41053,227.325698947933,0.777528735632184,0.988648819818284,0.916422776169573,0.864456244216803,0.0064791579575524,0.00223187770218547,0.747284598165421,0.99883730484014,SEKER
40591,727.926,252.668351482219,204.964480458973,1.23274213618098,0.584769282625922,40944,227.336900569056,0.795434058397021,0.991378468151622,0.962642765287489,0.899744266487821,0.0062247382789835,0.00251638570977107,0.809539745077707,0.9979537546705,SEKER
40596,735.327,255.360819653167,202.755831020456,1.25944994216913,0.607921132188389,41023,227.350901819343,0.780392156862745,0.989591204933818,0.943478661331075,0.890312390632726,0.00629029509442227,0.00243792562833258,0.79265615291416,0.998310745947741,SEKER
40596,730.855,255.793218368371,202.35951534799,1.26405332572819,0.611679254129501,40920,227.350901819343,0.768397940642035,0.99208211143695,0.955060014770762,0.888807386175237,0.0063009463584681,0.00242558313992378,0.789978569719656,0.998575038308127,SEKER
40609,725.346,250.93677731328,206.381121995734,1.21589016905561,0.56884795550267,40899,227.387301035371,0.778487079211717,0.992909362087093,0.969932961322847,0.906153747051159,0.00617933899660862,0.00256997764985028,0.821114613294856,0.998385185973115,SEKER
40622,727.43,250.451414311873,206.728474744827,1.2114993574108,0.564514038743107,40942,227.423694425695,0.765009416195857,0.992184065263055,0.964692162381163,0.908055141355669,0.00616541318280421,0.00258577561934107,0.824564139742465,0.998958925441983,SEKER
40636,783.891,250.075810333635,207.91778611672,1.20276295262806,0.555645936524433,41391,227.462880795654,0.756525300666493,0.981759319658863,0.8310161408047,0.909575702232806,0.00615404592808434,0.00259833951131122,0.827327958092302,0.995079417666839,SEKER
40641,727.677,253.515673076091,204.56588462793,1.23928617685785,0.590666036512299,40960,227.476874291832,0.790557889822596,0.9922119140625,0.964488276583239,0.897289195305711,0.00623792901444579,0.0024943072209187,0.80512790001237,0.997783877087921,SEKER
40644,726.397,249.894400376707,207.621756271406,1.20360411579431,0.556514391504552,40996,227.485269976357,0.770502369668247,0.991413796467948,0.967961809896442,0.910325600067193,0.00614837123257324,0.00260451503577945,0.828692698137695,0.997417942207218,SEKER
40646,741.995,253.385161082882,204.829985509559,1.23705111071766,0.588669191275324,41085,227.490866927236,0.7368611881583,0.989314835097968,0.927738798377543,0.897806588022034,0.00623395072289727,0.00249847080669874,0.806056669495766,0.997133298301116,SEKER
40647,737.815,247.633177413368,209.158857306469,1.18394784042315,0.535347659094182,41105,227.493665351038,0.779394845835251,0.98885780318696,0.938303639515392,0.91867199592278,0.00609228669799414,0.00267671422519012,0.843958236092743,0.999202531029335,SEKER
40648,728.896,260.197422349156,199.143217125525,1.30658440746765,0.643609189732488,40970,227.496463740417,0.754501243642573,0.992140590676105,0.961430536915316,0.874322511293529,0.00640123554293338,0.00230743891213895,0.764439853754623,0.998805193362642,SEKER
40649,727.588,253.480590012034,204.304593265666,1.24069941825744,0.591919629431867,40977,227.499262095374,0.75857500093308,0.99199550967616,0.96491414890833,0.897501706480065,0.00623583827430032,0.00249583423766468,0.805509313134629,0.99939493620708,SEKER
40660,734.722,241.620480390172,214.896243345152,1.12435879114973,0.457137932850218,41027,227.530041728409,0.784714850911898,0.991054671314013,0.946522952656017,0.941683591395029,0.00594246139670861,0.00288247894664013,0.886767986302639,0.997045381109513,SEKER
40662,727.207,248.595132204479,208.502426873733,1.1922889144836,0.544558462900993,41024,227.535637577987,0.793559718969555,0.991175897035881,0.966234407609348,0.915285973463191,0.00611369662595246,0.00264673752577626,0.837748413218461,0.998838146206598,SEKER
40676,734.559,258.726155138109,200.442393013126,1.29077562510026,0.63229466880777,41045,227.574804672326,0.753482513337285,0.991009867218906,0.947315698500878,0.879597211773375,0.00636065874565122,0.00234864422716554,0.773691254959496,0.998661813254947,SEKER
40688,732.945,258.748484331132,200.432810324663,1.29094874193506,0.632421941855997,41046,227.608371103051,0.798539830824485,0.991278078253667,0.95177311678508,0.879651031353563,0.00635933160467783,0.00234872894163318,0.773785936961387,0.998917981847344,SEKER
40692,735.097,262.054432720527,198.253180197422,1.32181704454663,0.653953955324601,41069,227.619558813304,0.764312546957175,0.990820326767148,0.946301653908872,0.868596483754403,0.00643994968840378,0.00226117671677868,0.754459851590514,0.997257891258461,SEKER
40695,730.309,256.912104634119,201.886147515883,1.27255934988757,0.618457859713291,41014,227.627949235144,0.759518477043673,0.992222168040181,0.958821163487422,0.886014886528296,0.00631311228981739,0.00239986798476535,0.785022379149749,0.998987568457999,SEKER
40705,738.355,249.136238667218,208.625319598065,1.19418026127989,0.546598963824066,41147,227.655915074581,0.764413145539906,0.989258026101538,0.93826860046364,0.913780814434911,0.00612053159727842,0.00263231009232302,0.834995376829329,0.997134997269547,SEKER
40710,728.852,252.687638033937,205.440367609209,1.22998046087321,0.582234299828059,41069,227.669896706105,0.791576736860526,0.991258613552801,0.96301325917616,0.900993410194164,0.0062070164095784,0.00252318511886571,0.811789125213308,0.998484762361724,SEKER
40718,737.056,249.66410365182,207.980511040457,1.20042066635395,0.553210793468904,41105,227.692265530752,0.762366598015353,0.990585086972388,0.941879468863034,0.911994404483111,0.00613154142275702,0.00261648424638489,0.831733793808505,0.998430434992703,SEKER
40719,744.134,255.643997454621,203.011873784598,1.25925638086503,0.607761696460982,41173,227.69506147932,0.756647774783982,0.988973356325748,0.924069575190704,0.890672434113135,0.00627824842099809,0.00243719514372885,0.793297384889018,0.998964793845039,SEKER
40731,739.522,256.779944447103,202.176877121576,1.27007572825795,0.616500359232678,41145,227.728610184597,0.759396673875755,0.989938024061247,0.935907096000111,0.886862915540153,0.00630428775250063,0.00240570167748513,0.786525830960381,0.998947367550691,SEKER
40736,732.691,249.29400010703,208.559915869311,1.19531118464415,0.547810836350152,41104,227.742587353204,0.760141817503266,0.991047100038926,0.953556722311182,0.913550214828379,0.00611974666405711,0.00262931672090402,0.834573995012978,0.997575630652164,SEKER
40737,724.96,252.213829208321,205.871611337087,1.22510251690485,0.577687214650776,41013,227.745382683988,0.748401675485009,0.99327042645015,0.97402660014557,0.902985309722559,0.00619127155186492,0.0025391149092841,0.815382469574745,0.998927115716109,SEKER
40750,727.315,258.195089073961,201.076918288328,1.2840612998839,0.627298365141912,41009,227.781718862506,0.781894583341328,0.993684313199542,0.968037960859511,0.882207789774258,0.00633607580549596,0.0023674656157143,0.778290584338381,0.999372819412945,SEKER
40752,728.679,241.614651862888,215.182690979169,1.12283497693723,0.454781938976127,41112,227.787308529355,0.781857948658916,0.991243432574431,0.964464583429539,0.9427710893072,0.00592890292164526,0.00288921011498506,0.888817326833485,0.99799518267649,SEKER
40756,732.781,248.046899021266,209.896943789806,1.18175564895154,0.532867614456215,41203,227.798487451577,0.775728506442833,0.989151275392569,0.95379055459313,0.918368616380271,0.00608614434736643,0.0026704850280174,0.843400915552214,0.996693796284727,SEKER
40778,725.165,254.14334835016,204.397963359081,1.24337514999446,0.594274212461162,41037,227.859961720374,0.802779746436727,0.993688622462656,0.97445573526396,0.896580466101468,0.00623236422458581,0.00248421785625845,0.803856532194726,0.999495236291645,SEKER
40778,727.951,241.440598822014,215.269817484872,1.12157199575357,0.452812600182241,41119,227.859961720374,0.771375605326877,0.991706996765486,0.967011172102568,0.943751642565916,0.00592085435337717,0.00289731038321868,0.890667162845865,0.998947347385203,SEKER
40790,753.802,259.948103650257,200.03590937936,1.29950719576692,0.638619724758737,41366,227.893486150323,0.793579766536965,0.986075520959242,0.902088192936074,0.876688396453693,0.00637283902059959,0.00232216858047705,0.768582544476548,0.998778547088121,SEKER
40795,757.35,268.804336881451,193.366419196443,1.39012936164665,0.694640028248328,41287,227.907453207373,0.740327380952381,0.988083416087388,0.89376540825773,0.847856310100702,0.00658914908399194,0.00210038120531041,0.718860322577578,0.999308841337877,SEKER
40803,730.673,260.321207509518,199.751529458374,1.30322510278334,0.641255837788219,41088,227.929798718441,0.776076536822885,0.993063668224299,0.960408157878069,0.875571379293434,0.00637995263851966,0.0023129350906798,0.766625240237807,0.999085257505216,SEKER
40821,729.317,249.171177493705,208.827202480837,1.19319310192153,0.545536118642071,41172,227.980068110425,0.758430410790926,0.991474788691344,0.964408056650284,0.914953609015172,0.006103994941175,0.00263870126907346,0.837140106649888,0.998869800596498,SEKER
40822,732.103,260.562194715134,199.664562468308,1.30499970297179,0.642502367436884,41171,227.982860529424,0.784148754298008,0.991523159505477,0.957105406303211,0.874965229620789,0.00638288654929043,0.00230759754085624,0.765564153045361,0.999060992330043,SEKER
40824,736.42,257.158553182892,202.309759073625,1.27111294265002,0.617320004614516,41179,227.988445264817,0.749339207048458,0.991379100998082,0.945963261249934,0.886567615360127,0.00629920030332382,0.00240056038142843,0.786002136605341,0.999097488789616,SEKER
40834,737.916,264.215458412253,196.987685489284,1.34127906399827,0.666441861172387,41174,228.016366890001,0.749357703883139,0.991742361684558,0.942362366744354,0.86299404380129,0.00647047701455289,0.00221384522348454,0.744758719636502,0.998929278378597,SEKER
40838,731.101,242.897155222082,214.415204286005,1.13283550031314,0.469860469191021,41208,228.027534582766,0.790423102233577,0.991021160939623,0.960106860448128,0.938782236351348,0.00594782200945398,0.0028496871200643,0.881312087288837,0.998381619335871,SEKER
40841,727.572,248.916062580723,209.259231098351,1.18951054763139,0.541529246665697,41171,228.035909993424,0.788618985093072,0.991984649389133,0.969514428792329,0.916115688273319,0.00609475925126032,0.00264811962342599,0.839267954300498,0.99831808392946,SEKER
40841,737.702,252.144562150776,206.544499769089,1.22077597046964,0.573577760440567,41253,228.035909993424,0.765371713423662,0.990012847550481,0.943070824848432,0.904385595502408,0.0061738097047275,0.00254769566459204,0.817913305352246,0.99848890910142,SEKER
40842,745.5,245.315107964182,212.285051848921,1.15559294367447,0.501156588267858,41338,228.038701728618,0.776301533899755,0.988001354685761,0.923467401559651,0.929574634114722,0.00600644209304592,0.00276652191344133,0.86410900038952,0.998558263415728,SEKER
40845,749.469,262.261606995872,198.68392088441,1.31999411843926,0.652743331660715,41310,228.047076729143,0.771417239555791,0.988743645606391,0.913779511954822,0.869540453676595,0.00642089869006909,0.00226430406585843,0.756100600580099,0.99804834571412,SEKER
40846,737.982,257.356313243441,202.325956352134,1.27198861620864,0.61800959049965,41230,228.049868327637,0.777441519633035,0.990686393402862,0.942470702643162,0.886125020418355,0.00630064910256674,0.00239632133087318,0.78521755181143,0.99878778715136,SEKER
40857,779.192,244.126024647561,214.113253987294,1.1401724092337,0.48038022584766,41497,228.080573655988,0.790515439981426,0.984577198351688,0.845643604456199,0.93427390211782,0.00597513338344864,0.00280817544318916,0.872867724178458,0.995219696018893,SEKER
40861,738.479,258.285095290853,202.052486916269,1.27830693515733,0.622921018955172,41373,228.091738205099,0.784009363367742,0.987624779445532,0.941548195340942,0.883100660331355,0.00632106642742108,0.00237143352423584,0.779866776277676,0.996909108614543,SEKER
40863,737.27,263.797806359819,197.703228567243,1.33431208115095,0.662061107495934,41222,228.09732027473,0.809088209088209,0.99129105817282,0.944684928335838,0.864667236707824,0.00645566420379852,0.00222595668051734,0.747649430235945,0.997597667229443,SEKER
40873,730.159,241.997203014344,215.184493497662,1.12460335352637,0.457514036310853,41202,228.125228574045,0.766330433478326,0.992014950730547,0.963410762976539,0.942677129043196,0.00592071056722882,0.00288406786709952,0.888640169621124,0.999367714834158,SEKER
40884,733.137,249.622580924879,208.701939066334,1.19607216895832,0.548622854615348,41251,228.15592376038,0.755809439298985,0.991103245981916,0.955857093680625,0.914003544531259,0.00610563009795711,0.00262846241954458,0.835402479415705,0.999201655507905,SEKER
40892,723.304,244.527605455428,213.029684411397,1.14785695773367,0.490948332695883,41189,228.178244938711,0.799921752738654,0.992789336958897,0.982214819668932,0.933138998820738,0.00597983971083411,0.00279675657025856,0.870748391120168,0.99949459918268,SEKER
40895,731.734,258.519602440706,201.886070894957,1.28052223362758,0.624616821472381,41222,228.186614817663,0.744411679044707,0.992067342681093,0.959784222757639,0.882666585679899,0.0063215454808829,0.00236695376329091,0.77910030147581,0.997655258265724,SEKER
40900,732.606,253.427876225778,205.691359246954,1.23207837778694,0.584162567279214,41235,228.200563933721,0.791715060007743,0.991875833636474,0.95761784322263,0.900455653625168,0.0061962805923173,0.0025128129155996,0.810820384145528,0.998994263574607,SEKER
40901,735.219,257.646522026248,202.511384139919,1.27225698012234,0.61822048619199,41292,228.203353654614,0.789350779681952,0.990530853434079,0.950846356475214,0.885722624392213,0.00629927194998283,0.00239144872415108,0.784504567360229,0.998091411761904,SEKER
40906,732.558,257.946169645187,202.152586640514,1.27599737372587,0.621138676783828,41246,228.217301747559,0.77491096461317,0.991756776414683,0.957883841141862,0.884747783080011,0.00630582725383041,0.002383415527299,0.782778639664995,0.998823488421239,SEKER
40923,737.658,258.033323182056,203.152969785332,1.27014300334726,0.616553616494753,41374,228.264718888393,0.816924182536831,0.989099434427418,0.945077043798375,0.884632713610174,0.00630533741861681,0.00238199078312001,0.7825750379893,0.993982209096324,SEKER
40953,732.474,257.843622375789,202.851594684257,1.27109487493617,0.617305753307267,41258,228.348372176241,0.802024989228781,0.992607494304135,0.959204391369397,0.885607990115184,0.0062960863032205,0.00238900214603443,0.784301512155855,0.996921632505998,SEKER
40956,733.353,262.436609544464,198.904482774808,1.31941023089753,0.652354027953847,41274,228.35673581958,0.74703146374829,0.99229539177206,0.956976454445546,0.870140550192142,0.0064077695464514,0.00226591846809787,0.757144577088683,0.998984301279394,SEKER
40958,738.536,245.751432534772,212.543450387005,1.1562409102106,0.501993032628891,41400,228.362311411631,0.754568901989683,0.989323671497585,0.943637662021827,0.929241018276951,0.00600008380621056,0.00275962815620284,0.863488870048384,0.998401157061466,SEKER
40962,727.564,255.622512998451,204.278508053299,1.25134315613738,0.601143226042866,41237,228.37346218736,0.782912844036697,0.993331231660887,0.972408202020523,0.893401209105334,0.00624047929784804,0.00245235790682101,0.798165720430873,0.998779211724636,SEKER
40964,736.147,246.42041374603,212.001576050321,1.16235180104293,0.509746366400194,41354,228.379037371058,0.766255144032922,0.990569231513276,0.94991146266178,0.926786193965383,0.00601553592779099,0.0027376146115764,0.858932649324841,0.998381911917306,SEKER
40965,745.06,255.492601912593,204.464342730429,1.24957045566346,0.599633154329892,41428,228.38182491187,0.785311709224753,0.988823983779087,0.927342848390871,0.893888211252404,0.00623685101702899,0.00245628056391299,0.799036134216021,0.998451946323886,SEKER
40973,783.467,267.99693039525,194.979184972875,1.37448995097878,0.686062502517689,41510,228.40412401363,0.773075471698113,0.987063358226933,0.838815043738165,0.852263955698198,0.00654081786530764,0.00212866982867497,0.726353850182341,0.998366067930376,SEKER
40983,722.675,242.200164385843,215.595868827805,1.12339891159643,0.455656385726493,41281,228.431994829711,0.779737442922375,0.99278118262639,0.986114961013867,0.943153756352544,0.0059097714756324,0.00288456576823933,0.889539008121914,0.999307153546726,SEKER
40988,730.037,248.290583669555,210.342784259076,1.18040932349616,0.531331878336868,41396,228.445928962643,0.754996408112141,0.99014397526331,0.966444342456206,0.92007487995065,0.00605764086243669,0.00267778669467188,0.846537784716203,0.999261093770791,SEKER
41022,728.902,253.601039752032,206.210768306914,1.22981472710768,0.582081274459247,41344,228.540658536125,0.779530252356339,0.992211687306502,0.97026063240145,0.901181867233626,0.00618207400302355,0.00251514913135272,0.812128757830685,0.998767906687844,SEKER
41031,750.784,268.472216468801,194.940618379099,1.37719998377509,0.687577541973101,41508,228.565727439676,0.742992177314211,0.988508239375542,0.914727947322132,0.851357099240985,0.00654315557672983,0.00212038174583487,0.724808910428024,0.998206819681518,SEKER
41033,730.988,249.932121291948,209.363316619322,1.19377226788202,0.546160259822979,41380,228.571297933747,0.759406288749468,0.991614306428226,0.964989613871198,0.914533501145102,0.00609100288284912,0.00262825224718964,0.836371524716719,0.998437131853017,SEKER
41034,742.96,272.169192773216,192.304623900684,1.41530238458425,0.707650355281858,41427,228.574083129874,0.780499866854339,0.990513433268158,0.934163411161169,0.839823496556912,0.00663277264642042,0.00203529309144194,0.705303505369078,0.998217733004487,SEKER
41038,731.336,253.319280036516,206.601806135638,1.2261232598819,0.578646181336822,41382,228.585223575019,0.762802282570308,0.991687206998212,0.964188943347248,0.902360150171232,0.00617279789552406,0.00252453532501656,0.814253840617049,0.998375573428734,SEKER
41044,741.688,275.961298491499,189.766596242334,1.45421430302251,0.726036128805218,41325,228.601933224787,0.770866200886485,0.993200241984271,0.937598789543978,0.828384032378471,0.00672354786306158,0.00195301302457179,0.686220105099615,0.997911091857469,SEKER
41059,736.776,266.674255140511,196.510560729629,1.35704795788262,0.676008708131483,41387,228.643702006596,0.787536443148688,0.992074806098533,0.950489428079698,0.857389483983459,0.00649490380039726,0.00216503586803715,0.735116727245422,0.997588653513754,SEKER
41068,727.628,233.470788655167,224.068063795022,1.04196369933712,0.280936587630405,41392,228.668759613515,0.793676561533704,0.992172400463858,0.974753069819062,0.979431992030728,0.00568498073086508,0.0032270515447653,0.95928702701328,0.999542259392867,SEKER
41084,735.08,255.465372289077,204.991707195742,1.24622296083977,0.59675347582979,41440,228.713299691774,0.763302615933413,0.991409266409266,0.955461894371046,0.895281022403965,0.00621812316933787,0.00246420365758188,0.801528109076689,0.998882733289853,SEKER
41087,735.676,254.436865109105,206.01438696841,1.2350441580962,0.58686106710167,41518,228.721649990843,0.766034007010217,0.989618960450889,0.953984063013109,0.898932825212906,0.00619263672473301,0.00249438981150736,0.808080224245257,0.998014760227176,SEKER
41088,738.801,251.26358366188,208.490500907691,1.20515602661978,0.558108355601576,41488,228.72443335612,0.768919829328543,0.990358657925183,0.945953779766181,0.910296788825197,0.00611525466466803,0.00259015857399649,0.828640243745465,0.99864078364953,SEKER
41091,738.571,256.801472296445,203.979979188827,1.25895430187646,0.607512644480642,41504,228.732783248735,0.753534686691973,0.990049151888975,0.946612145457435,0.890698878021583,0.00624957952584375,0.00242635410476236,0.793344491308907,0.998784460203343,SEKER
41117,734.27,248.867155085117,210.537222530879,1.18205774776295,0.533210887940838,41527,228.805136220487,0.775792452830189,0.990126905386857,0.95834021887172,0.919386634778027,0.00605265839154406,0.00266758747919932,0.845271784208466,0.999160061489027,SEKER
41126,746.459,269.424124278833,194.601374374192,1.38449240220044,0.691594093974452,41581,228.830176149865,0.770337348043531,0.989057502224574,0.927501066956927,0.849330685447617,0.00655118718763879,0.00210284388267411,0.721362613242919,0.998721057266277,SEKER
41138,736.411,247.426015431078,211.922642769498,1.16752986937878,0.516131862485622,41560,228.863558460746,0.788749137203773,0.989846005774783,0.953262488790459,0.924977747639059,0.00601453681343473,0.00271585819459115,0.855583833627427,0.998919681517624,SEKER
41152,733.392,258.243472065748,203.189017038515,1.27095192363078,0.617192964282078,41470,228.902498337046,0.788790707481168,0.99233180612491,0.961453919835013,0.886382515329441,0.0062753565334795,0.00238947719766815,0.785673963481747,0.998553835233744,SEKER
41158,728.657,253.286034876414,207.11472181608,1.22292627320492,0.575629286884127,41456,228.919184827768,0.770402815214136,0.992811655731378,0.974132076273156,0.903797104090106,0.00615399278090319,0.00253291448135602,0.816849205361661,0.99894635448334,SEKER
41169,742.126,270.214111919019,194.1998311174,1.39142300157649,0.695331964067629,41553,228.949773568794,0.758875576036866,0.990758789979063,0.939344480425876,0.847290217164557,0.00656353353054529,0.00208663380599533,0.717900712102763,0.998903563667924,SEKER
41182,732.169,259.377614797803,202.474961210282,1.28103550803215,0.625007822225612,41483,228.985918631001,0.781382817243473,0.992744015620857,0.965371835958055,0.882828376725981,0.00629832487003552,0.00235998888528946,0.779385942752631,0.998421067127232,SEKER
41189,733.839,249.496965420649,210.544396954236,1.18500881063522,0.536538909817347,41569,229.005378993806,0.783418289713938,0.990858572493926,0.961146380449946,0.91786839414141,0.00605736884655245,0.0026520728212915,0.842482388963731,0.998349053727027,SEKER
41193,735.826,261.589551519108,200.708880108639,1.30332824027275,0.641328490320998,41524,229.016498458682,0.776640271493213,0.992028706290338,0.956055330501715,0.875480297774635,0.00635033990044688,0.00230124173640844,0.766465751791564,0.998956459511833,SEKER
41197,853.7,250.900673372467,210.063945862374,1.19440141116291,0.54683642537028,42508,229.0276173837,0.7375044754744,0.969158746588877,0.710337745682592,0.912821852190504,0.00609026563517895,0.00260831543184465,0.833243733836502,0.995227491536966,SEKER
41202,738.357,255.753689940965,205.545175385358,1.24426997355436,0.595056181773174,41593,229.041515280916,0.759036144578313,0.990599379703316,0.949719529455804,0.89555507618985,0.00620731250766868,0.0024629328589059,0.802018894489408,0.99792802863643,SEKER
41221,740.389,250.315291798248,210.047763629121,1.19170653128318,0.543926647633394,41665,229.094319601181,0.773667417417417,0.98934357374295,0.944949221946273,0.915223029146096,0.00607251866277499,0.00262818770167469,0.837633193079356,0.998212947012249,SEKER
41222,748.827,254.811089118486,206.390469163018,1.2346068602481,0.586465179592282,41791,229.097098438791,0.722116142594377,0.986384628269245,0.9237956922816,0.8990860610947,0.0061814344068334,0.00249157569983018,0.808355745254783,0.99800154861252,SEKER
41226,738.928,265.786835789178,197.634999038816,1.3448368815332,0.668641859812533,41595,229.108213452185,0.742115495391705,0.991128741435269,0.948804675204367,0.861999853273068,0.0064470682527817,0.00219568885915127,0.743043747042791,0.999272635615769,SEKER
41226,769.813,264.346611328048,198.942466491563,1.3287590929675,0.658498695751116,41931,229.108213452185,0.763840509894019,0.983186663804822,0.874199555347674,0.866696237569193,0.00641213339465502,0.00223177267696639,0.751162368216594,0.998113827062804,SEKER
41229,744.176,270.690276930812,194.424468905468,1.39226445341314,0.695780632614112,41609,229.116549358369,0.796788033395176,0.990867360426831,0.935537813174533,0.84641588148706,0.00656553098379324,0.00207866657206675,0.716419844433517,0.997445883124556,SEKER
41243,740.629,255.22172313578,205.942049745456,1.23928903034243,0.590668574656435,41604,229.155446244492,0.779022326319368,0.991322949716374,0.944840902369215,0.897868110241461,0.00618824341429528,0.002480831905801,0.806167143388572,0.999074097423954,SEKER
41251,743.017,250.648310390451,209.90982427583,1.19407612890518,0.546487069368832,41836,229.177670072523,0.793715846994536,0.986016827612583,0.938959465459687,0.914339576897679,0.00607617537491093,0.00261963109533088,0.836016861881427,0.998267778134834,SEKER
41256,736.602,260.140592703296,202.41492278475,1.28518485260067,0.628142671652248,41620,229.191558870727,0.784677710786085,0.991254204709274,0.955501108028683,0.881029586690193,0.00630552144423347,0.00234348804403161,0.776213132623493,0.997577360437431,SEKER
41262,737.909,267.522542611199,196.810634903161,1.35928905845374,0.677330686170201,41576,229.208224317676,0.757100917431193,0.992447565903406,0.9522577681172,0.856780972849805,0.00648350886072413,0.00215510842355059,0.734073635437458,0.997818260749493,SEKER
41265,732.882,255.718324095413,205.674856799035,1.24331349040527,0.594220229186725,41606,229.216556586771,0.774958683894231,0.991804066721146,0.965436252827251,0.896363439724588,0.00619697865250001,0.0024677223862122,0.803467416074896,0.998961877506985,SEKER
41267,739.795,243.443392802425,216.171535096264,1.12615841254963,0.459892611063868,41734,229.222111264568,0.77406587635054,0.988810082906024,0.947523475064683,0.941582799294131,0.00589922681082766,0.0028602824532721,0.886578167926571,0.998427462193346,SEKER
41271,742.954,263.071214163564,200.354894496439,1.31302614206033,0.648048040972454,41698,229.233220216366,0.753739384531093,0.98975970070507,0.939574032666767,0.871373255128706,0.00637423891263997,0.00226686159288133,0.759291349753597,0.996969391666745,SEKER
41274,734.41,258.05024675302,203.804598949465,1.26616498392662,0.613381853528277,41601,229.241551576932,0.791933688936644,0.992139612028557,0.96163278283167,0.888360133196614,0.00625212595709211,0.0024019486785284,0.789183726253106,0.999236800066411,SEKER
41276,743.692,266.998593509091,197.297957760845,1.3532760122775,0.673762949055034,41632,229.247105649098,0.733795555555556,0.991448885472713,0.9378237963018,0.858607914881365,0.00646861598771904,0.00216855620615357,0.737207551496925,0.997645295510619,SEKER
41283,737.859,265.045718271625,198.529007078728,1.33504782082812,0.662528349131011,41610,229.2665438421,0.767113869481195,0.992141312184571,0.952871539835076,0.865007536575794,0.00642021457431933,0.00221722042869802,0.748238038332924,0.998933562537075,SEKER
41285,743.117,261.23429698449,201.438746892222,1.29684234545135,0.636709511210233,41729,229.272097308833,0.773040482342808,0.989359917563325,0.939480477273812,0.877649297796627,0.00632758379519172,0.00231580350364434,0.770268289922912,0.99891653573043,SEKER
41288,748.997,263.423134022105,199.974173821382,1.31728577239877,0.650931210647313,41682,229.280427256723,0.792871682605523,0.990547478527902,0.924854797433155,0.870388351075812,0.00638013790985529,0.00225871849988087,0.757575881688471,0.997943930460676,SEKER
41301,754.588,278.040087135585,189.3976815774,1.46802265381458,0.732108165659771,41711,229.316520201025,0.784593465045593,0.990170458632016,0.911487342712669,0.824760639961963,0.00673204249620069,0.00192149084372255,0.680230113230467,0.998593216029184,SEKER
41301,742.837,257.285081616882,205.186521674529,1.2539082953265,0.603310370138927,41673,229.316520201025,0.780117864833214,0.991073356849759,0.940553223853073,0.891293497313985,0.00622951215749938,0.00242502797255794,0.794404098354195,0.99610988876769,SEKER
41322,738.828,262.987848336251,200.310910512979,1.3128982723046,0.647960857698537,41624,229.37481219076,0.742773943054357,0.992744570440131,0.951271543908655,0.872187873477278,0.00636435429882995,0.00227182193147863,0.760711686640816,0.998737059112645,SEKER
41323,795.35,261.988365851326,201.000021714597,1.30342456491536,0.641396320716025,42072,229.377587630289,0.739363034532117,0.982197185776764,0.820890323757649,0.875525853542891,0.00634001320938281,0.00229797778151934,0.766545520222009,0.999134261183186,SEKER
41323,763.498,264.083441823941,199.994315010473,1.32045474297662,0.65304992264176,41984,229.377587630289,0.755392658672126,0.984255907012195,0.890811673968035,0.868579968687364,0.00639071320630014,0.00224371829205222,0.754431162004942,0.996192206118792,SEKER
41323,736.957,252.483441231614,208.769628684891,1.2093877965971,0.562400990422389,41692,229.377587630289,0.789149033687266,0.991149381176245,0.956131024830013,0.908485667461541,0.00610999785184072,0.00256739765885195,0.825346207983041,0.998163631902379,SEKER
41324,733.765,261.771429269718,201.23940155165,1.30079610280759,0.639537392634037,41613,229.380363036237,0.790511716881875,0.993055054910725,0.964491116849273,0.876262026288184,0.00633461013623362,0.00230375144232095,0.767835138714674,0.998796956038772,SEKER
41326,742.671,273.573516773707,192.811843096099,1.41886261954021,0.70941612634004,41701,229.385913747391,0.777886533900538,0.991007409894247,0.941543314039862,0.838479968575077,0.00661988861185952,0.00201837199393343,0.703048657701661,0.997529460130807,SEKER
41330,743.053,270.390062226141,194.862181969238,1.38759640015129,0.693277587874527,41643,229.397014766767,0.73665448712236,0.992483730759071,0.940666516623735,0.848392921241723,0.00654222265245925,0.00209070726361444,0.719770548813064,0.99875102246793,SEKER
41332,740.092,266.32764660391,197.921668703977,1.34562146907848,0.669123699574086,41673,229.402565075009,0.750072590011614,0.991817243778946,0.948254397165723,0.861354680973781,0.00644361866359988,0.00218795137644507,0.741931886435445,0.998359474981433,SEKER
41333,731.681,246.886238767841,213.660101043307,1.15550932327697,0.501048440354788,41715,229.405340178773,0.791137907933774,0.990842622557833,0.970204393325592,0.929194520211772,0.0059731023339182,0.00274666869610526,0.863402456391585,0.997669588100715,SEKER
41334,734.848,261.416774790777,201.686629798425,1.29615322072687,0.636212677910409,41654,229.408115248967,0.783137552103069,0.992317664570029,0.961883037431552,0.877556979396489,0.00632449738207716,0.00231370016899063,0.770106252087489,0.998175698945099,SEKER
41341,739.16,255.2935888149,206.670818673866,1.23526674183143,0.587062309192618,41732,229.42753980047,0.744185627880184,0.990630691076392,0.950854197560094,0.898681164950116,0.00617531237306548,0.00248462729609865,0.807627836236097,0.997635805879728,SEKER
41346,741.288,236.422634940063,222.875023436864,1.06078568739685,0.333648694171573,41779,229.441413473287,0.782120157384988,0.989635941501711,0.94551718077167,0.970471433631786,0.00571815012189966,0.00312871742214229,0.941814803495333,0.999063663726326,SEKER
41349,864.737,261.983544787708,201.6718953854,1.29905827625139,0.638299153785508,42172,229.44973727432,0.730805938494168,0.98048468177938,0.694875166856875,0.875817362728825,0.00633591005315021,0.00229955059057307,0.767056052857274,0.996450513812967,SEKER
41354,745.823,268.078883854946,196.585801635547,1.36367368154054,0.679890914165932,41832,229.463609605048,0.772914174641148,0.98857334098298,0.934234375055313,0.855955554221153,0.00648253817901401,0.00214649412167137,0.732659910802042,0.999109037880585,SEKER
41355,730.92,255.606641101948,206.339839688632,1.23876533725944,0.590202278361439,41621,229.466383970556,0.792469100316183,0.993608995459023,0.972743187797223,0.89773248058541,0.00618079170842577,0.00247634771072644,0.805923606698034,0.998350228456638,SEKER
41355,734.84,259.107602005102,203.500461190693,1.27325314394399,0.619001536041546,41643,229.466383970556,0.793503079609341,0.993084071752756,0.962392682453578,0.885602669295817,0.00626544799915613,0.0023773195406413,0.784292087863875,0.998602366643075,SEKER
41360,755.398,257.548498810048,204.909328220382,1.25689006472684,0.605803200106485,41893,229.480255294974,0.774386818947763,0.98727711073449,0.910832949334541,0.891017638834014,0.00622699465208046,0.00242104834402992,0.793912432713342,0.997860648940512,SEKER
41365,737.76,246.970229108478,213.446491020302,1.15705921389444,0.503045372430589,41732,229.494125780966,0.764701532545801,0.991205789322343,0.955020475589671,0.929238016296146,0.00597051200552345,0.00274599166575225,0.863483290929997,0.999101297814449,SEKER
41376,733.668,260.746950802467,202.357238716105,1.28854768159927,0.630649830579808,41678,229.524637899643,0.7624944714728,0.99275397091991,0.965960156109216,0.880258185928022,0.00630188879549659,0.00233394591508423,0.774854473893291,0.998436935912021,SEKER
41378,740.424,262.184638588331,201.316544615664,1.30235018234031,0.640638496194947,41663,229.530185121808,0.733028628117914,0.993159398027026,0.948458612166822,0.875452453498639,0.00633632941631618,0.00229587250470245,0.766416998336787,0.998143317532625,SEKER
41386,736.395,250.568593062886,210.708717943217,1.18917050755541,0.541155876773422,41768,229.552372669963,0.77267465740637,0.990854242482283,0.959050895810736,0.916125879400821,0.00605442886635301,0.00263071347961032,0.839286626907928,0.998054904104571,SEKER
41388,750.344,263.752022413695,200.006421830486,1.31871776915861,0.651891360527424,41822,229.557919221923,0.788042650418888,0.989622686624265,0.923769196029857,0.870355105227825,0.00637266894785191,0.0022557296346716,0.757518009196139,0.998952459184605,SEKER
41389,738.976,257.153192531302,205.223843072247,1.25303760363154,0.60257713577829,41854,229.560692447648,0.769240776879472,0.988889950781287,0.952432331825338,0.892700145730077,0.00621308058980169,0.00243393610066431,0.7969135501865,0.998562645227192,SEKER
41390,736.073,239.658887861436,220.021604827917,1.08925161258085,0.396437927684775,41819,229.563465639871,0.769903273809524,0.98974150505751,0.959982940036058,0.957875869692754,0.00579026063931955,0.00300687107596042,0.917526181739651,0.999416873045066,SEKER
41393,737.397,258.076005057822,204.651842706542,1.26104901692914,0.609233887061215,41782,229.571785015543,0.76268125955816,0.990689770714662,0.956608057676625,0.889551064478496,0.00623477411779339,0.00240815269750013,0.791301096314825,0.997869469602761,SEKER
41398,741.713,258.933382244618,203.855277888494,1.27018238098427,0.616584783119252,41802,229.58564997174,0.772927557879014,0.990335390651165,0.945621727286838,0.886659139820168,0.00625473168376777,0.00238459828653954,0.78616443022664,0.998572207830417,SEKER
41423,738.127,267.250691345202,197.786960498319,1.35120480476504,0.672518559067155,41677,229.654962196693,0.754407372331901,0.993905511433165,0.955408783097955,0.859324108913352,0.00645174640526284,0.0021701264325971,0.738437924159726,0.997780871145346,SEKER
41433,749.935,261.173559238876,202.531431624833,1.28954581095675,0.631388310131312,42055,229.682681230022,0.747834091401343,0.985209844251575,0.925782566317383,0.879425474383296,0.00630351553686375,0.00232572712011187,0.773389164994285,0.997320757957716,SEKER
41435,738.189,260.377059669292,202.78372324725,1.28401360572623,0.627262450595494,41767,229.688224635268,0.7905028998779,0.992051140852826,0.95552503137611,0.882136947575174,0.00628398840760932,0.00234724913685056,0.778165594277245,0.999175210560023,SEKER
41439,740.182,254.656343761169,207.763113796113,1.22570527129794,0.578253971694461,41835,229.699311044418,0.770814732142857,0.990534241663679,0.950478049009338,0.901997207891444,0.0061453303352197,0.00250926060540665,0.813598963043961,0.997232537725518,SEKER
41447,731.549,243.156019192663,217.161678158219,1.11970040595978,0.449866047865063,41752,229.721482257621,0.794460417864673,0.992694960720445,0.973231424068502,0.944749313713686,0.00586667356365149,0.00288295608389805,0.892551265762481,0.999390014614161,SEKER
41454,740.397,264.376751931979,199.850382029196,1.32287338781948,0.654652174400012,41778,229.740880313999,0.788428620335502,0.992244722102542,0.950269972701579,0.868990479061143,0.00637759328248129,0.00224334803236441,0.755144452698914,0.998960500434897,SEKER
41456,731.423,256.048974306891,206.500116364746,1.23994590809153,0.591252104688795,41733,229.746422314997,0.805221039546267,0.993362566793665,0.97377816909116,0.897275308119888,0.00617640327834068,0.00246955256282434,0.80510297856164,0.998284143859807,SEKER
41461,737.975,259.440843000852,203.866517566651,1.27260153407011,0.618490955459038,41857,229.760276732651,0.771467912100181,0.990539216857395,0.956679212305571,0.8855979423868,0.00625746708957459,0.00237424062710557,0.784283715559733,0.998080659567526,SEKER
41466,733.677,259.674535116127,203.588954734734,1.27548439675654,0.620740788611189,41747,229.774130314943,0.754805591961555,0.993268977411551,0.968037537310899,0.88485430507149,0.00626234831225888,0.00236812190470204,0.782967141203549,0.998662371778201,SEKER
41493,737.428,251.159155076977,210.749596553377,1.19174204451379,0.543965222734619,41887,229.848925230674,0.784070294784581,0.990593740301287,0.958838475522366,0.915152486319793,0.00605304882936826,0.00261895355055303,0.837504073217299,0.998088816504609,SEKER
41496,734.055,251.309915982202,210.370197485924,1.19460797672644,0.547058014742578,41823,229.857234274517,0.7904,0.992181335628721,0.96774045527414,0.91463654896449,0.00605624436047335,0.00261443205741139,0.836560016701672,0.999361268962225,SEKER
41505,735.254,255.071521806722,207.393743840251,1.2298901455928,0.582150922543989,41835,229.882159604074,0.768411893212871,0.992111868053066,0.964795991627277,0.901245885764798,0.00614556130121002,0.00250100464551124,0.812244146607975,0.998971071728582,SEKER
41506,732.16,253.961762690257,208.246029333256,1.21952751513855,0.57237827842738,41795,229.884928918313,0.804021463301242,0.993085297284364,0.9729908336285,0.905195043864501,0.00611867591890947,0.00253399575777061,0.819378067436855,0.999254098540299,SEKER
41528,732.598,254.674227076109,207.864870343691,1.22519128246645,0.577770766458197,41852,229.945845393566,0.801822675316651,0.992258434483418,0.972342844338437,0.902901907403637,0.00613259071171521,0.00251412013117491,0.815231854393126,0.998814961191415,SEKER
41536,734.376,255.605812150529,207.072065999314,1.23438094325758,0.586260386333288,41861,229.967992838394,0.793110691031296,0.992236210315091,0.967826666730353,0.899697823392856,0.00615383792735287,0.00248721023440071,0.809456173417843,0.999177274869187,SEKER
41536,742.954,260.905813871339,202.926664928158,1.28571478747609,0.628539736659677,41893,229.967992838394,0.739482632768965,0.991478289929105,0.945607012692855,0.881421496233115,0.00628143812286544,0.00233869399470737,0.776903854021824,0.998876773563027,SEKER
41546,734.502,251.730801038977,210.28204349996,1.19711030409035,0.549726186626645,41893,229.995674145335,0.778714949767581,0.991716993292436,0.967727573124232,0.913657260836044,0.00605908633897311,0.00260447470217679,0.834769590278423,0.99931127806358,SEKER
41567,740.413,241.909123453734,219.22375400865,1.10348043508182,0.42279877859956,42016,230.053794048276,0.801832561728395,0.989313594821021,0.952819144688932,0.950992632124825,0.00581973978044444,0.00293624261848135,0.904386986355702,0.997973345186124,SEKER
41569,736.546,260.059262990717,203.69236422096,1.2767256346861,0.621702289060686,41847,230.059328511356,0.763967507167537,0.993356751977442,0.962896682631583,0.884641930710877,0.00625608657871773,0.00236348360921419,0.782591345571868,0.999154432375092,SEKER
41574,749.958,269.32611194215,196.742212956415,1.36892895477299,0.682914728517734,42006,230.0731640866,0.752470588235294,0.989715754892158,0.928876105737764,0.854254949241679,0.00647823427964955,0.00212807253659643,0.729751518303903,0.998977983195767,SEKER
41586,745.494,262.311931158522,202.046664330856,1.29827400035162,0.637737920912023,42002,230.106366073076,0.743762631230662,0.990095709728108,0.940304919708641,0.877224169929263,0.0063076980512317,0.00230405591809627,0.769522244308085,0.999050722477414,SEKER
41595,747.919,269.662475005424,197.113116679318,1.36805951601961,0.682417791069085,42004,230.131264419372,0.713709677419355,0.990262832111228,0.93441943003517,0.853404851434162,0.00648305024655425,0.00212119004352256,0.728299840451364,0.996357527245051,SEKER
41607,756.279,288.941239962725,183.681327431187,1.57305722908047,0.77193227194814,41983,230.164458024683,0.708204255319149,0.991043993997571,0.914138887721245,0.796578771705884,0.00694453433226921,0.00172479627795413,0.634537739532455,0.998164178295909,SEKER
41616,748.956,256.667538536354,206.915192897287,1.24044800646304,0.591697125943026,42085,230.189350087485,0.774784502820546,0.988855886895569,0.932304091631776,0.896838577251096,0.00616752062995853,0.00246120335112338,0.80431943364577,0.997716438025375,SEKER
41619,741.44,261.109381196958,203.272933982042,1.28452606100537,0.627648021641833,41975,230.197646843604,0.79638346727899,0.991518761167362,0.9513700620195,0.881613850059121,0.00627380237864815,0.0023378907593862,0.777242980616066,0.998388864334828,SEKER
41619,813.48,274.611696423678,193.634012439773,1.41819969004202,0.709088672609702,42244,230.197646843604,0.759942299967133,0.98520499952656,0.790328685271178,0.838265994644486,0.00659822908824523,0.0020097153421783,0.70268987777731,0.996554566859445,SEKER
41620,734.652,253.452758429953,209.459805287818,1.21003052629446,0.563046184540511,41952,230.200412362527,0.751670579736319,0.992086193745233,0.969055407649553,0.908257672114259,0.00608968665136841,0.00255629522803415,0.824931998954414,0.998192900851949,SEKER
41626,740.681,265.121778799972,200.072797269588,1.32512656602053,0.656133431923077,41933,230.217004778417,0.763093732240738,0.992678797128753,0.953481202285901,0.868344372991367,0.00636913897083486,0.00223371862340001,0.75402195010577,0.999174517447765,SEKER
41629,742.831,262.210887928814,202.520282150819,1.29473890290921,0.635189299196519,42053,230.22530053793,0.761153367951437,0.989917485078354,0.948038126751728,0.878015792389339,0.00629875538515972,0.00230910570872779,0.770911731685078,0.998129409721774,SEKER
41636,742.836,252.839352504404,210.006170723302,1.20396153900419,0.556882451273632,42000,230.244656147745,0.776269669624879,0.991333333333333,0.948184776749734,0.910636156386039,0.00607261390393898,0.00257593554218941,0.829258209317538,0.998394989921801,SEKER
41638,738.396,256.277759663935,207.200216291712,1.23686048330725,0.588498065812968,41948,230.250186023123,0.796518412242946,0.992609897968914,0.959668089595552,0.898439982950754,0.00615490080368737,0.00247375738895331,0.807194402964552,0.998386859373647,SEKER
41641,742.564,254.829475479042,208.794034053045,1.22048255178739,0.573296408011287,42028,230.25848058718,0.79422086591646,0.990791853050347,0.9489934905039,0.903578678072181,0.00611967713261071,0.00251635650320512,0.81645442746667,0.99646838305263,SEKER
41645,742.133,258.224328736762,205.768295938842,1.2549276726941,0.604165751455392,41965,230.269539541156,0.788955195604812,0.992374597879185,0.950187347973858,0.891742233071681,0.00620060820594937,0.00241864091314174,0.795204210243668,0.997923768877636,SEKER
41646,741.375,260.349502075303,203.856449252366,1.27712173458393,0.622008218039002,42046,230.272304196663,0.755482993197279,0.990486609903439,0.952154194036186,0.884473764540021,0.00625148878824624,0.00235995129777806,0.782293840159596,0.999084466098947,SEKER
41673,740.349,251.310989332904,211.547259300228,1.18796617911388,0.53982883947076,42010,230.346937352656,0.755712316843174,0.991978100452273,0.955414090131416,0.916581236515377,0.00603054710083037,0.00262555020099495,0.840121163132058,0.998035528158698,SEKER
41723,741.176,261.353798302686,203.797453083123,1.28241935484879,0.626058454923071,42061,230.48508308562,0.774483961983962,0.991964052209886,0.954426954287687,0.881889165500801,0.00626402220124837,0.0023371634147565,0.777728500227699,0.997374081509522,SEKER
41728,778.322,281.822112955834,188.675422610927,1.49368746101599,0.742826389404035,42280,230.498893105171,0.783050911069827,0.986944181646168,0.865603135679298,0.817887889234915,0.00675378913333574,0.00186424235006508,0.668940599357145,0.999188185424287,SEKER
41735,735.759,257.967016564664,206.218699292427,1.25093901498649,0.600799857637332,42050,230.518225742612,0.773988353547717,0.992508917954816,0.968811121004327,0.893595734882755,0.00618107144038969,0.00243112827753944,0.798513337400651,0.998891487741542,SEKER
41761,759.259,250.077333108293,212.971520357324,1.17422898934427,0.524155384639455,42283,230.590018491012,0.784082161431441,0.987654612965021,0.910334194926373,0.922074846308273,0.00598829848682485,0.0026702252715659,0.850222022194426,0.9983553458396,SEKER
41768,734.841,248.211989412588,214.344696486814,1.15800387637703,0.504254715250129,42091,230.609343489153,0.782875993402309,0.992326150483476,0.97200116447696,0.929082209263571,0.00594263525695719,0.00273133779211759,0.863193751570079,0.999581710382581,SEKER
41780,744.211,257.197554064623,207.012476648726,1.24242537565045,0.59344124255927,42194,230.642468290285,0.763077147866745,0.990188178413993,0.947951525500813,0.896752183857605,0.00615599698574971,0.00245565828715611,0.804164479253384,0.999114355221131,SEKER
41781,737.016,257.864006752692,206.606376717332,1.24809316561167,0.598366881221908,42107,230.645228475639,0.772391991570074,0.992257819364951,0.966573450846483,0.894445220875059,0.00617180074083177,0.00243672573847189,0.800032253146233,0.998514787420717,SEKER
41786,741.814,253.908613364759,210.179917482824,1.20805363521712,0.561056046241624,42121,230.659028906964,0.734608487746563,0.992046722537452,0.954224610350668,0.908433258132936,0.00607640389998466,0.00255269247846665,0.825250984482021,0.996947451770009,SEKER
41798,744.664,259.049634826761,206.016824246585,1.25741980430055,0.606243153639275,42168,230.692146573828,0.778883422778772,0.991225573894897,0.947206452757396,0.890532606726516,0.00619765622342603,0.00240439905383873,0.793048323643123,0.997194667916212,SEKER
41827,739.449,254.788848825879,209.269148447617,1.21751749226263,0.570434010902404,42226,230.772161314223,0.743591111111111,0.99055084545067,0.961280490971257,0.905738859364019,0.00609149230941446,0.00252880572799911,0.820362881362035,0.99880615806125,SEKER
41836,757.765,272.099039092445,196.16808496221,1.38707088436359,0.692993649018242,42304,230.796987834634,0.773966773966774,0.98893721633888,0.915568693762382,0.848209492412877,0.0065039449061202,0.00207667784690163,0.719459343019311,0.997941107185442,SEKER
41863,754.738,264.754534484928,202.142033409759,1.30974508378595,0.645799136169463,42324,230.871451377705,0.784112832231359,0.989107834798223,0.923523132944084,0.872020763787329,0.006324308685114,0.00225579758039285,0.760420212476237,0.995956634902219,SEKER
41864,739.821,253.736600525004,210.59536140597,1.20485370062766,0.557798677082092,42166,230.874208825483,0.774542090656799,0.992837831428165,0.961163513588225,0.909897146678027,0.00606097364143426,0.00256266224501342,0.827912817532814,0.997513822001487,SEKER
41869,741.243,256.394600999421,208.183468348524,1.23158002426103,0.583705981775803,42231,230.887995570399,0.769198265726044,0.991428097842817,0.95759361614962,0.900518164853716,0.00612373357375195,0.00248408218834807,0.810932965231504,0.998728840993883,SEKER
41869,754.125,267.657950133115,199.423385931252,1.34215929031205,0.666988460670153,42316,230.887995570399,0.781138059701493,0.98943661971831,0.925157716875838,0.862623342424804,0.0063927476207484,0.0021834947175089,0.74411903089614,0.998726270415253,SEKER
41874,757.202,250.88921413989,212.702953275983,1.17952858799455,0.530321972375712,42388,230.901781492132,0.74940940654306,0.987873926582995,0.917763555759666,0.920333631255212,0.00599152729951498,0.00265154178354345,0.847013992819405,0.999077218961896,SEKER
41884,748.149,267.79780820805,199.374960157947,1.34318676726454,0.667624576281169,42242,230.92935086664,0.742703124445863,0.991525022489466,0.940333298567832,0.862327262541418,0.00639379735001552,0.00218085653157532,0.743608307722176,0.998804838960408,SEKER
41898,732.244,236.673002079903,225.578999487589,1.04918012145419,0.302576233238698,42223,230.967942462399,0.795662577386152,0.992302773369964,0.981954835095822,0.975894759573894,0.00564878996801525,0.00316043697091615,0.952370581763789,0.999208282644326,SEKER
41913,745.189,270.281375464202,198.076630396921,1.36452934867981,0.680386555316215,42269,231.009283446542,0.736297519499684,0.991577752016845,0.948474677222322,0.854699229829613,0.0064486287181591,0.00212275751091264,0.730510773471334,0.996803389928425,SEKER
41915,743.837,247.739464974077,215.688595680447,1.14859788572742,0.491944233988117,42296,231.014795018792,0.78518976434004,0.990992055986382,0.951971134478669,0.932490893378512,0.00591052045745144,0.00275666431577018,0.869539266233855,0.998750962753178,SEKER
41918,750.442,280.074468330116,190.789014382526,1.46798005763883,0.732089773977957,42224,231.023062130621,0.714714407502131,0.992752936718454,0.935354312478178,0.824862985576823,0.00668148452526637,0.00190800712734313,0.68039894497471,0.998812082461372,SEKER
41923,731.342,250.714385022885,213.018662560125,1.17695971803466,0.52735225344817,42167,231.036839992959,0.787286384976526,0.994213484478384,0.984965881080069,0.921514096496182,0.00598035410211303,0.00266020187151284,0.849188230041174,0.99946033978761,SEKER
41924,741.282,266.576046988305,200.374920249246,1.33038629114218,0.659549213303185,42225,231.039595466831,0.798005177402162,0.99287152161042,0.958750640597629,0.866693005905993,0.00635855469392961,0.00221309135418247,0.751156766486365,0.999328664632151,SEKER
41929,742.531,263.701083045095,202.87529460505,1.29981860806886,0.63884181310614,42257,231.053372343276,0.800171755725191,0.992237972406939,0.955641913356891,0.876194248712145,0.00628922900725262,0.00228653979479674,0.76771636147624,0.997892012365734,SEKER
41930,752.911,273.077732523372,195.728535540745,1.39518610185752,0.697329954956155,42323,231.056127619991,0.757542908762421,0.990714268837275,0.929495822007324,0.84611852268187,0.0065127052831713,0.00205904575886053,0.71591655442535,0.998836826823969,SEKER
41931,747.385,261.504884323672,204.451655000026,1.27905486665607,0.623495059167005,42345,231.058882863849,0.779966517857143,0.990223166843783,0.943314107060497,0.883573870757464,0.00623655253448932,0.00234474600790386,0.780702785085328,0.998561696675337,SEKER
41942,748.883,257.158200518781,207.970244286929,1.23651439368408,0.588187052856896,42395,231.089188378172,0.75043836106638,0.989314777686048,0.939790511543574,0.898626557162017,0.00613128130558345,0.00246631191825136,0.80752968923686,0.998522084068606,SEKER
41949,744.319,267.657978991982,199.814823713583,1.33953014104522,0.66535128366443,42263,231.108471636362,0.738642766586843,0.992570333388543,0.951509800654461,0.86344697253836,0.00638055684264182,0.00218766606026766,0.745540674385659,0.998674204714769,SEKER
41974,754.72,285.480588242792,187.513458906301,1.5224538542881,0.754034897150887,42324,231.177327285168,0.803084223013049,0.991730460258955,0.926016029375335,0.80978300033682,0.00680136723311554,0.00180405847107456,0.655748507634503,0.998346842891819,SEKER
41980,734.386,253.307539343076,211.140661782408,1.19970988631325,0.552466880471928,42277,231.193849589435,0.772941523051996,0.992974903611893,0.978145632502738,0.912700230672208,0.00603400522494225,0.00258284346230122,0.833021711069102,0.999384382283178,SEKER
41986,744.924,261.560981146796,204.781619517896,1.27726786106376,0.622120969458759,42345,231.210370713017,0.756913647016405,0.991522021490141,0.950802756680896,0.88396353958947,0.0062297189812508,0.00234631127773063,0.781391539323545,0.998046300085104,SEKER
41998,743.151,252.084604057356,212.260087866211,1.18762131209635,0.539447487564681,42377,231.243409419139,0.789258062091258,0.991056469311183,0.955618041085198,0.917324603316609,0.00600230020613734,0.00262174013614314,0.841484427849974,0.999364840311833,SEKER
42008,738.016,248.360273691787,215.662286478974,1.15161662127699,0.495961457961382,42361,231.270938068826,0.784682917717381,0.991666863388494,0.969193102385376,0.931191348081018,0.00591221371385896,0.0027421146939047,0.867117326740945,0.998586726072144,SEKER
42013,735.014,248.459151815107,215.592026779272,1.15245055917344,0.497059982512143,42301,231.284701164946,0.788443493600571,0.993191650315595,0.977242476337395,0.930876160025928,0.00591386360924255,0.00273916818756875,0.866530425304617,0.998633473183105,SEKER
42018,742.118,252.885141354182,211.911111868293,1.19335479449211,0.54571053076348,42387,231.298463442112,0.806797235023042,0.991294500672376,0.958736606171336,0.914638409372433,0.00601849543895907,0.00259815729004894,0.836563419899334,0.998316968033588,SEKER
42024,734.883,250.794676061174,213.564018415709,1.17433019813757,0.524274617032971,42312,231.314977093898,0.788738738738739,0.993193420306296,0.977846869721333,0.922328100128709,0.00596789158721622,0.00266405047479655,0.850689124287033,0.998989927877464,SEKER
42027,741.939,262.02086657518,204.676277281107,1.28017213355564,0.624349712695438,42388,231.323233477713,0.762463715529753,0.991483438709069,0.959404725686961,0.882842792260368,0.00623458411438314,0.00233625774477361,0.779411395846084,0.997780749537857,SEKER
42030,745.326,256.847844066881,208.924403034404,1.22938173012075,0.581680997182185,42433,231.331489566853,0.778765981100612,0.990502674804987,0.950772717512527,0.900655757525517,0.00611105981600955,0.00248045650436702,0.811180793563863,0.997250847432267,SEKER
42033,746.014,263.000494455127,203.81106717014,1.29041321507618,0.632027981131786,42415,231.339745361348,0.758170995670996,0.990993752210303,0.949087593718205,0.87961714992448,0.00625700032010864,0.00231057831339743,0.773726330441266,0.998426681653806,SEKER
42041,761.435,274.300969677928,195.307884831855,1.40445415152635,0.702158783203233,42564,231.361759373089,0.777759277759278,0.987712620994268,0.911207384125681,0.843459502329661,0.00652460621007893,0.00203699990671191,0.711423932070199,0.999162294891187,SEKER
42050,776.18,265.736438085842,201.805366510149,1.31679569617629,0.650601569873493,42638,231.386522632831,0.7703299320351,0.986209484497397,0.877103750750332,0.87073690119262,0.00631953479395582,0.00224084940899241,0.758182751098527,0.998371783561638,SEKER
42051,755.763,263.280082585227,203.57493117924,1.29328341687326,0.63413089132809,42564,231.389273942545,0.763453159041394,0.987947561319425,0.925155935615475,0.878871168948535,0.00626097078750154,0.0023042113499444,0.772414531608963,0.998950904681801,SEKER
42054,749.694,262.299701125819,204.33526162155,1.28367320962755,0.627005950259963,42405,231.397527675411,0.773677238943263,0.991722674212947,0.940262475110968,0.882187538461642,0.00623721170699147,0.00233031120352483,0.778254853017011,0.99902490508056,SEKER
42057,752.331,257.012284651065,208.656341821337,1.23174921216214,0.583861091871697,42501,231.405781113884,0.760579427083333,0.989553186983836,0.933749193404735,0.900368561868761,0.00611104654756794,0.00247728882675716,0.810663547201621,0.99853418559416,SEKER
42066,762.413,268.615516678963,199.760524637107,1.34468768124704,0.668550096445381,42525,231.430539663263,0.727282157676349,0.989206349206349,0.909411612905845,0.861568023041123,0.00638557306801128,0.0021703907446185,0.742299458326989,0.998160937408649,SEKER
42073,753.785,257.154153391907,208.513939522406,1.23327080185099,0.585251365333633,42548,231.449794481746,0.779620501797428,0.988836138008837,0.930504253062891,0.900042995335228,0.0061120945354956,0.00247413191128736,0.810077393452008,0.99904479658392,SEKER
42078,750.704,277.246939540716,193.747353748949,1.43097149032529,0.715291760400239,42434,231.463546942853,0.749118746661919,0.991610501013338,0.938269271713445,0.834864209236332,0.00658888111461371,0.00197448940165156,0.696998247863807,0.997384621499788,SEKER
42083,747.056,251.009015051944,213.800037453442,1.17403634742864,0.523928276173471,42492,231.477298586902,0.75266490198884,0.990374658759296,0.947567681327746,0.922187191320598,0.00596461789919788,0.00266096237252167,0.850429215835773,0.998434810306429,SEKER
42094,743.573,267.070757853481,201.031702136454,1.32850070419342,0.658331370360468,42455,231.507549328487,0.787569226163748,0.991496879048404,0.956715560161574,0.866839751342211,0.00634462768692642,0.00220974001590224,0.751411154507027,0.998250247901375,SEKER
42101,761.563,272.602566316201,196.960555136899,1.38404649665374,0.691350982163816,42573,231.526797742497,0.716807981748221,0.98891316092359,0.912201125019545,0.849319949079061,0.00647496654037198,0.00207827298058031,0.721344375903658,0.998374156350338,SEKER
42120,742.557,254.86464807033,210.603264807993,1.21016475363138,0.563180703605092,42479,231.579035372905,0.787260289334978,0.991548765272252,0.959927942150736,0.908635376174261,0.00605091757052065,0.00254424872041477,0.82561824683534,0.999134102275063,SEKER
42122,748.798,251.204780460541,214.141703316607,1.17307734350621,0.52279455453955,42516,231.584533385402,0.784745510097623,0.990732900555085,0.944038043842031,0.921895407248347,0.00596374294811598,0.00265720636652161,0.849891141905595,0.996988043016078,SEKER
42142,741.324,260.52358172365,206.118243752311,1.26395207421191,0.611597282629553,42438,231.639506333072,0.791488242806701,0.993025118997125,0.963626835571165,0.889130668327688,0.00618204123495919,0.00238327425642693,0.79055334536084,0.999221540644002,SEKER
42143,746.003,268.700671971562,199.989773242264,1.34357206178769,0.667862581821005,42468,231.642254637996,0.803182771107299,0.992347179052463,0.951599410319584,0.862082900419808,0.00637592653516746,0.00217229694067414,0.743186927196228,0.998525192066695,SEKER
42156,746.626,253.298891767766,213.247574417434,1.18781605117782,0.539662902832827,42571,231.677979635216,0.754456296084186,0.99025157971389,0.950305058426084,0.914642689584395,0.00600860830647514,0.00259393761421325,0.836571249610176,0.993692758240856,SEKER
42158,762.389,273.025637688985,197.092652547031,1.38526542801404,0.692014796681381,42624,231.683475299696,0.735241284291669,0.989067192192192,0.911457914614054,0.84857772794076,0.00647624739525085,0.00207142736419613,0.720084160357103,0.997507692603215,SEKER
42160,751.793,276.447016747288,194.579769509548,1.42073874094975,0.710339538447076,42462,231.68897083382,0.778779370474361,0.992887758466393,0.937376174855556,0.838095391876182,0.00655709242759221,0.00199556040946862,0.702403885884091,0.997932412469176,SEKER
42173,759.369,248.706027176604,216.765255927114,1.14735189508521,0.490267196071567,42736,231.724688628804,0.74415937323546,0.98682609509547,0.919048926933397,0.931721242381705,0.00589728089480483,0.00274141992805036,0.868104473505307,0.996021312808259,SEKER
42173,741.927,259.626708732007,207.037673700071,1.25400708041243,0.603393407217164,42526,231.724688628804,0.799700394417476,0.991699195786107,0.962768799736974,0.892530239899144,0.00615623049657381,0.00240982992066357,0.796610229134424,0.998954867663536,SEKER
42174,754.05,248.552766296611,216.359315687794,1.14879623050423,0.49221016623649,42734,231.727435923459,0.785012285012285,0.986895680254598,0.93208253230664,0.932306807025943,0.00589350704928656,0.00274655936605378,0.869195982426908,0.998529068181449,SEKER
42175,742.742,252.731085172877,213.045740442745,1.1862761707775,0.537954264748326,42638,231.730183185543,0.745879315223543,0.989141141704583,0.960702652447343,0.916904159324254,0.00599243829692655,0.00261263719156397,0.840713237386117,0.997318079968362,SEKER
42177,751.217,272.118314807348,197.531685693667,1.37759323954411,0.687796372195506,42504,231.735677612005,0.730337662337662,0.992306606437041,0.939192757324922,0.851598973689319,0.00645181769228129,0.00209315971325482,0.725220811988702,0.999059287772326,SEKER
42178,746.834,271.336634824564,198.178031631273,1.36915596845471,0.683044265452779,42484,231.738424776384,0.745260181994876,0.992797288390924,0.950271455673392,0.854062426646579,0.00643313184182664,0.00211135217041666,0.729422628609443,0.998693345486541,SEKER
42179,738.57,253.448851277653,212.078866245063,1.19506887114714,0.547551693729448,42529,231.741171908197,0.788938144137067,0.991770321427732,0.971679000352472,0.914350847281312,0.00600888715421543,0.0025907487513576,0.836037471924053,0.999122357808984,SEKER
42192,758.318,245.217869782629,219.319786024404,1.11808366325573,0.447293062352327,42784,231.776881658775,0.774449339207049,0.986163051608078,0.92201342951029,0.94518756673089,0.00581195178665693,0.00286136833196925,0.893379536302661,0.998873064626985,SEKER
42202,749.097,255.077619381167,211.314485125197,1.20709954753003,0.560089522869852,42655,231.804346954308,0.774036168885954,0.989379908568749,0.945076102443353,0.908760037500268,0.00604420689496154,0.00254282204478322,0.825844805757489,0.996876891359892,SEKER
42209,749.314,262.2500849717,205.199923637893,1.2780223321841,0.622702181144701,42613,231.823570725081,0.763521580261206,0.990519325088588,0.944685464959517,0.883979010912797,0.00621313191432397,0.00234022788773727,0.781418891734367,0.998670794427073,SEKER
42210,747.163,268.836587106599,200.045767139712,1.34387540886503,0.668049762877011,42536,231.826316847918,0.770536692223439,0.992335903705097,0.950155095559837,0.86233172107632,0.00636902599162756,0.00217245221247431,0.743615997174448,0.999327252241391,SEKER
42218,741.094,249.391578037804,215.768659421145,1.15582855594905,0.501461058693033,42547,231.848284659665,0.774201830151657,0.992267374903048,0.965963964431115,0.929655630249551,0.00590723336107358,0.00272177553346652,0.864259590854689,0.998935914862693,SEKER
42219,740.738,263.203953746988,204.631339563387,1.28623481773894,0.628928660166238,42512,231.851030489782,0.775628306878307,0.99310782837787,0.966915577925545,0.880879740555323,0.00623425362388944,0.00231542498871224,0.775949117320813,0.998052771491828,SEKER
42223,736.821,250.666321801421,215.078896605369,1.16546218972542,0.513601753396576,42491,231.862013485074,0.7517537300146,0.993692782000894,0.977315892521272,0.924982709359562,0.00593672457668619,0.00268077967512203,0.855593012614155,0.997161305995065,SEKER
42230,759.426,282.102503140433,190.884572802293,1.47786957845262,0.736305092884378,42626,231.881232475088,0.784652545522111,0.990709895369024,0.920152948269359,0.821975097327144,0.00668014452144051,0.00188104966464514,0.675643060625968,0.998512325191734,SEKER
42247,743.56,265.959160647769,202.514290820985,1.31328588994673,0.648225026007363,42535,231.927900534684,0.758678279608512,0.993229105442577,0.960226530811417,0.87204328653242,0.00629533838255424,0.00224569624955243,0.760459493586265,0.99870072280288,SEKER
42248,739.448,257.281796961232,209.373689006571,1.22881627668679,0.581157219497616,42578,231.930645422228,0.775420306879084,0.992249518530697,0.970958663715059,0.901465428808305,0.00608979826172201,0.00248072699930086,0.812639919336541,0.998585159966179,SEKER
42277,743.905,269.407542545723,200.033147722284,1.34681449356461,0.669854098265544,42559,232.010233034598,0.79468045112782,0.993373904462041,0.960017324705397,0.861186850383828,0.00637243755578027,0.00216209568841123,0.741642791274018,0.998855260335559,SEKER
42280,746.427,261.194066748821,206.310043080918,1.26602691196364,0.613270932473336,42627,232.018464677712,0.781486821189605,0.991859619489995,0.953608605897266,0.888299139278819,0.0061777215408898,0.00237271216342228,0.789075360843491,0.998990642395282,SEKER
42297,740.845,250.152338081951,215.623438161778,1.16013518852374,0.506961820599976,42628,232.065105140052,0.766027962909302,0.992235150605236,0.968422165153711,0.927695127374846,0.00591418630356648,0.00270206545984124,0.860618249355032,0.99843351496247,SEKER
42297,756.137,266.420187481812,202.481578011977,1.31577494652898,0.649913260092288,42716,232.065105140052,0.754656722809021,0.990191029122577,0.92964780776976,0.871049252436601,0.00629879630900092,0.00223670225971486,0.758726800170362,0.998313714924262,SEKER
42301,744.344,255.120480290891,211.31787095503,1.20728303355462,0.560275708041257,42647,232.076078004266,0.762729895420123,0.991886885361221,0.959429602904324,0.909672472157665,0.00603107444956127,0.00254750275731589,0.827504006601439,0.999031547368385,SEKER
42302,748.595,263.116907120492,205.078711278335,1.2830044887662,0.626501144727983,42695,232.078821139256,0.760923137805119,0.990795175079049,0.948586458946608,0.882036900171443,0.00621996376342707,0.00232228028095896,0.777989093264048,0.998163498868922,SEKER
42307,741.757,262.228089733046,205.769682643775,1.27437670294224,0.619879097588518,42592,232.092536327885,0.753329772079772,0.99330860255447,0.966270648490405,0.885078850874293,0.00619821991001597,0.00234625168094642,0.783364572264958,0.998301560804775,SEKER
42312,751.298,256.843827979574,210.183669041036,1.22199707118743,0.57474499559634,42692,232.106250706081,0.774945054945055,0.991099034948,0.941995769942128,0.903686308259428,0.00607023605548247,0.00249721624847212,0.816648943735554,0.997942617433158,SEKER
42315,759.195,255.142672812039,211.472840102024,1.20650326864172,0.559483457250165,42847,232.114478944051,0.760855884203902,0.987583728148995,0.922566181926703,0.909743855803564,0.00602960351676802,0.00254768096863168,0.827633883172336,0.99854298528606,SEKER
42315,744.441,256.924364932556,210.099378555258,1.22287065625462,0.575576452941331,42644,232.114478944051,0.798396226415094,0.992284963887065,0.95949704500837,0.903435059594223,0.00607170896685704,0.00249504550113432,0.816194906904017,0.998100801437392,SEKER
42320,750.314,257.71146801658,209.810599950189,1.22830528141935,0.580682856703635,42728,232.128192025855,0.760330578512397,0.990451226362105,0.944646724718133,0.900728996704644,0.00608959045407797,0.00247254625281659,0.811312725504554,0.99653970561997,SEKER
42324,745.45,253.754838141208,212.865671616464,1.19208905886158,0.544341830736071,42666,232.139161908048,0.78428611136848,0.991984249753902,0.957104882203291,0.914816693185054,0.00599553062426065,0.00259026210332047,0.836889582130037,0.997646914332455,SEKER
42338,744.146,258.735367197114,208.627973720918,1.24017581430966,0.591455984466747,42717,232.17755241409,0.750593908449456,0.991127654095559,0.960779878966516,0.897355297535372,0.00611118539366795,0.00244434749144277,0.805246530014796,0.998647271081126,SEKER
42339,741.226,260.19933054637,207.306394123523,1.25514377714433,0.604346666352836,42676,232.180294350193,0.77120218579235,0.992103289905333,0.968387491136667,0.892317031956452,0.00614561823723683,0.00240337794619404,0.796229685519572,0.999382734957479,SEKER
42365,746.022,264.529280303991,204.537655245266,1.29330357281542,0.634145584916907,42728,232.251573326652,0.769405397551851,0.991504399925108,0.956563499295705,0.877980588990956,0.00624405240892225,0.00228868466478059,0.770849914644907,0.996942948714721,SEKER
42370,753.514,260.381750242812,207.540824148437,1.25460497379822,0.603895324464519,42766,232.265278314321,0.751907719609583,0.990740307721087,0.937746985046486,0.892018269704878,0.00614542719477961,0.00240008619100129,0.795696593487284,0.99828490382345,SEKER
42379,759.965,251.037567263291,215.217912364834,1.16643435718183,0.514794567760099,42840,232.289945254485,0.763585585585586,0.989239028944911,0.922090156393157,0.925319456314108,0.00592363121506621,0.0026787646039757,0.856216096233436,0.998719871818785,SEKER
42412,752.034,246.964872683731,218.819383242567,1.12862429746438,0.463619420442186,42848,232.380368300138,0.771435847066099,0.989824495892457,0.942374802174577,0.940945024994424,0.00582299520616172,0.0028156793568305,0.885377540061756,0.999258604142938,SEKER
42435,757.59,266.859275386394,202.651621770802,1.31683760067912,0.650629777090863,42788,232.443369621154,0.757767857142857,0.991750023371039,0.929106725122977,0.871033503649413,0.00628865972396358,0.00223294126303246,0.758699364479771,0.999083850758313,SEKER
42453,742.904,258.356186045568,209.510619511575,1.23314124433341,0.585133317757278,42776,232.492663094219,0.782875689232301,0.99244903684309,0.966613499885916,0.899891992728259,0.00608569915072121,0.002461794468969,0.809805598576437,0.998604683496713,SEKER
42455,739.126,251.473938851842,215.283443660572,1.16810626296154,0.516832572376879,42756,232.498139501656,0.778547981881865,0.992960052390308,0.976566337739634,0.92454168635993,0.00592330559066875,0.00266962273712101,0.854777329817264,0.998470752397087,SEKER
42461,747.718,265.852274899116,203.446471525258,1.30674310990009,0.643719707607674,42808,232.514567950053,0.759914811368029,0.991894038497477,0.954386770810265,0.87460063314593,0.00626109311837018,0.00225979516577905,0.764926267499261,0.999562129636253,SEKER
42468,754.241,261.393315016358,207.32164254084,1.26081055413627,0.609038617983234,42937,232.53373300623,0.77405949256343,0.989077019819736,0.938104889186704,0.889593266727874,0.00615506534370251,0.00237781673357873,0.791376180207571,0.997775440297751,SEKER
42492,747.511,268.393513200872,201.767511856307,1.33021174088728,0.659436788408138,42859,232.599429781946,0.764904953917051,0.991437037728365,0.95561258595451,0.866635810262162,0.0063163304433981,0.00219781497067624,0.751057627628755,0.999065674354713,SEKER
42502,758.807,264.669757146446,204.63561039503,1.29337096625326,0.63419470696209,42908,232.626797962603,0.756721148025496,0.99053789503123,0.927591101555232,0.878932298388318,0.00622723065141512,0.00229243172647557,0.772521985150171,0.999157506385566,SEKER
42506,748.99,259.418196165825,209.126436507583,1.24048494536662,0.591729831190773,42916,232.637744333358,0.799947305028606,0.990446453537142,0.952155900852459,0.896767257546773,0.00610309594329801,0.00243471949005076,0.804191514207961,0.997587466566564,SEKER
42515,763.56,237.020915590629,228.691362921179,1.03642268148238,0.262774375139013,43038,232.662371784557,0.769864551644213,0.987847948324736,0.916359125005615,0.981611142648693,0.00557499507445912,0.00319287685805223,0.963560435372072,0.998655890198655,SEKER
42516,758.388,279.193379238286,194.215811650766,1.43754196357774,0.718398430975499,42878,232.66510800711,0.726520847573479,0.991557442044872,0.928922232697794,0.833347512186294,0.00656678378112442,0.00195360632465332,0.694468076067086,0.998327001711533,SEKER
42528,746.807,258.973505087523,209.397182943952,1.23675735005872,0.588405429764953,42883,232.697940168144,0.788066339293987,0.99172166126437,0.958226248442993,0.898539563302049,0.00608948234310391,0.00244854987599376,0.807373346819037,0.998524920919951,SEKER
42535,743.443,261.669788472202,207.220985083168,1.26275718826055,0.610627599826272,42835,232.717090122986,0.760640200286123,0.992996381463756,0.96707676238051,0.889354065219908,0.00615186995350187,0.00237402718168218,0.790950653323176,0.998778623043219,SEKER
42567,751.032,262.572016118123,207.161174961268,1.26747695926717,0.614433033972843,42989,232.804612713627,0.788044283175356,0.99018353532299,0.948344268452368,0.886631470312112,0.00616844071976232,0.00235140656779836,0.786115364147817,0.996383111383282,SEKER
42586,746.12,247.448383737415,219.311828715553,1.12829474445884,0.46312449749412,42974,232.856563686944,0.7809502851589,0.990971284963001,0.961300903885127,0.941030853262896,0.00581055707832186,0.00281069023838813,0.885539066792693,0.999149075075178,SEKER
42590,755.861,277.156945554897,196.37827047062,1.41134222687007,0.705665259869861,42922,232.867499257132,0.692520325203252,0.992265038907786,0.936771412020097,0.840200842850638,0.00650755918184777,0.00200046215894962,0.705937456326922,0.996319341643428,SEKER
42615,748.901,271.552804305695,200.117835588222,1.35696452796173,0.675959318035451,42914,232.935834939343,0.768253109789075,0.99303257678147,0.95482445975981,0.857792043558204,0.00637223522951297,0.00212813716695632,0.735807189991759,0.998464256238018,SEKER
42616,748.262,258.002081758056,210.625484038213,1.22493288471802,0.577527461853743,42976,232.93856794965,0.774273255813954,0.991623231571109,0.956478400195734,0.902855381485217,0.00605411305045185,0.00248143585499057,0.815147839876817,0.998501394971969,SEKER
42627,747.405,253.590346510307,214.36169949377,1.1830021272885,0.534280868123611,42968,232.968628946959,0.768054054054054,0.99206386147831,0.958920570853759,0.918680983534559,0.00594905450794819,0.00261388584912274,0.843974749508026,0.998423924045772,SEKER
42633,755.012,259.673654366308,209.646099801202,1.23862859653743,0.590080366314467,43078,232.985024219786,0.749525316455696,0.989669901109615,0.939827285814167,0.897222418609807,0.00609090738081552,0.00243479401107673,0.805008068456031,0.997106014032999,SEKER
42642,753.58,258.864183128027,209.903286137864,1.23325455208931,0.58523656255353,43052,233.009614965986,0.7808459989013,0.99047663290904,0.943601673201648,0.900123038074934,0.00607063888016572,0.00245822522657531,0.81022148367325,0.999209332940593,SEKER
42642,765.967,269.815547504252,201.553131466412,1.3386819918956,0.664820216142022,43139,233.009614965986,0.770100411760457,0.988479102436311,0.91332913342268,0.863588540843125,0.00632745995741878,0.00217088417089564,0.745785167875557,0.998369174057844,SEKER
42651,755.515,270.997527933767,200.552465008271,1.35125503405102,0.672548832048797,43001,233.034203117267,0.784256398940865,0.991860654403386,0.938972557387455,0.859912652687449,0.00635383761069534,0.00214305457289079,0.739449770251966,0.999185224480836,SEKER
42659,750.109,250.894386253215,217.153823990828,1.15537632099821,0.500876329369807,43069,233.056057073952,0.741895652173913,0.99048039192923,0.952734258963861,0.928901043001979,0.00588139399079244,0.00270108243229588,0.862857147690164,0.996924716845268,SEKER
42659,761.493,268.342546188155,203.350283340657,1.31960743688083,0.652485597702402,43075,233.056057073952,0.791124216460814,0.990342426001161,0.924461232731044,0.868502070896127,0.0062904087341043,0.00220771018769128,0.754295847150861,0.995374409508605,SEKER
42670,744.706,261.423608293602,208.102667838072,1.25622420418473,0.605248952572255,42964,233.086102918748,0.785241074714759,0.993157061726096,0.96685823604744,0.891603112818227,0.00612663717585194,0.00238829642613072,0.794956110787151,0.99864310763538,SEKER
42687,753.464,265.304247150826,205.037106154156,1.29393285014157,0.634603809009874,43021,233.132529789624,0.767199856218548,0.992236349689686,0.944888328296151,0.878736515880529,0.00621510640595091,0.00228593052310043,0.772177864341851,0.999146304824079,SEKER
42697,759.155,271.542970049725,200.432983083674,1.35478186210682,0.67466265605641,43083,233.159835395287,0.736663216011042,0.991040549636748,0.930992777861949,0.858648026692019,0.00635976696371467,0.00213246381179092,0.737276433742099,0.998848739792597,SEKER
42703,746.486,257.22017711423,211.606107394389,1.21556121551268,0.568526030650976,43082,233.176217223853,0.780105955425649,0.991202822524488,0.962996960082424,0.906523818776087,0.00602346854118516,0.00250924627227173,0.82178543400838,0.998930501053844,SEKER
42708,751.454,268.986447386514,202.328362770874,1.32945496964816,0.65894863016439,43057,233.189867868545,0.787476490762253,0.991894465475997,0.950417221237827,0.866920508948421,0.00629826841309624,0.00219441132978105,0.75155116883539,0.999153436353094,SEKER
42713,830.978,271.756763431852,200.602358208527,1.35470373259201,0.67461607890805,43271,233.203517714191,0.769936549138366,0.987104527281551,0.777303973171643,0.858133261410699,0.00636238998505963,0.00212823210863147,0.736392694339364,0.997593931675025,SEKER
42714,751.259,266.471428330492,204.460162036536,1.30329265944177,0.641303429204992,43016,233.206247587447,0.757662835249042,0.992979356518505,0.951044266386613,0.875164174442795,0.00623850326193969,0.00225745079997607,0.765912332228138,0.998207920368856,SEKER
42715,756.895,257.085458572019,211.97783208582,1.21279407399514,0.565800332428745,43190,233.208977428748,0.778036829930238,0.989002083815698,0.936955580222642,0.907126286815704,0.00601862246452111,0.00251389927774224,0.822878100232048,0.997981683581807,SEKER
42719,744.219,258.698290861179,210.679680936051,1.22792235925069,0.58032674285735,43060,233.219896474425,0.790156111275525,0.992080817464004,0.969235773263867,0.901513093488405,0.00605581335848637,0.00246740476669827,0.812725857731033,0.997964252649133,SEKER
42730,748.355,260.911553564304,208.767596573207,1.24977035635323,0.5998039513771,43110,233.249921214421,0.754480444954533,0.991185339828346,0.958798680109403,0.893980807012958,0.00610605086740706,0.00240576366082306,0.799201683307539,0.998818572545365,SEKER
42741,761.007,275.24837966721,198.1186956211,1.38931047776339,0.694200670679547,43261,233.279942090025,0.773242876526459,0.987979935738887,0.927421671174758,0.847525214760839,0.00643991436015092,0.002049605915674,0.718298989655406,0.997940312495113,SEKER
42743,771.732,268.963382236779,202.877772358167,1.32574100706282,0.656535482738978,43327,233.285400015978,0.742104623504696,0.986521106931013,0.90186565274594,0.867350038789326,0.00629257146753337,0.00219677475177757,0.752296089787845,0.997349775684762,SEKER
42743,748.893,265.374987320848,205.247299921278,1.29295239168862,0.633889428402347,43104,233.285400015978,0.745430763864667,0.991624907201188,0.957712867123801,0.879078327506157,0.00620861865851362,0.00228709940769834,0.772778705891022,0.999166076027834,SEKER
42745,756.589,252.42234338155,215.933099671221,1.16898402220821,0.517895840205085,43206,233.290857814241,0.798449612403101,0.989330185622367,0.938372214704325,0.924208430557234,0.00590530689862089,0.00265767541371836,0.854161223113065,0.998500822208992,SEKER
42749,744.594,257.722896800002,211.777814097151,1.21694946139058,0.569881608898088,43052,233.301773027732,0.745301440078106,0.992961999442535,0.968939719960877,0.905242708057791,0.00602874679641633,0.00249727832370043,0.819464360491803,0.997246712129276,SEKER
42764,752.754,264.641129666304,205.928411569564,1.28511227590811,0.628088234212797,43159,233.342700530903,0.772303691396374,0.990847795361338,0.948379244967004,0.881732559202468,0.00618840916813919,0.00230731184528367,0.777452305957734,0.999113502319352,SEKER
42767,763.098,250.374449087196,217.589716789674,1.15067225042263,0.494711622337663,43298,233.350885170142,0.777581818181818,0.987736154094877,0.922907170047241,0.932007583125523,0.00585438420013553,0.00272482594919708,0.868638135003478,0.999517797607367,SEKER
42772,753.505,269.375471280278,202.618257816115,1.32947284308775,0.658960173281986,43098,233.364525597642,0.782338308457712,0.992435843890668,0.946666797166221,0.866316908842943,0.00629793956981854,0.00218819195100911,0.750504986547192,0.997775998216432,SEKER
42779,746.717,264.340143914125,206.185932195313,1.2820474272887,0.625776590655897,43102,233.383620856789,0.763910714285714,0.99250614820658,0.964114056669567,0.882891328577804,0.00617920343893323,0.00231601443556336,0.779497098077879,0.999352249169756,SEKER
42794,745.798,259.521556320843,210.259151510217,1.23429374872291,0.586181295453995,43098,233.424534009167,0.786480923325737,0.992946308413384,0.966830444851771,0.899441793268944,0.00606443791935419,0.00244828838078446,0.808995539478854,0.998538137123464,SEKER
42805,759.767,280.214423579773,194.726944841396,1.43901206793958,0.719085891319324,43198,233.454532430597,0.768698931489629,0.990902356590583,0.931844642758674,0.833128178943065,0.00654630121667499,0.00194546330224947,0.694102562548987,0.99882196389578,SEKER
42811,752.58,266.853538840068,204.810521693211,1.30292885655451,0.641047013018098,43170,233.470893581314,0.778353514417658,0.991684039842483,0.94986063830884,0.874902744764567,0.00623329375254182,0.00225287176908856,0.765454812796574,0.997333163981185,SEKER
42820,750.13,265.142269496459,206.305727707923,1.28519102422514,0.628147300145895,43166,233.495433157824,0.802774653168354,0.991984432192003,0.956276443803105,0.880642055305868,0.00619201937170618,0.00229725790686827,0.775530429573343,0.99670474710113,SEKER
42824,747.535,266.988749630986,204.370661234732,1.3063947046897,0.643477005932924,43142,233.506338808476,0.787437481612239,0.992628992628993,0.963017172758348,0.874592428075014,0.00623455888359298,0.00225013381359882,0.764911915246148,0.999276875631623,SEKER
42836,755.253,272.492943572789,200.813407131946,1.35694597021476,0.67594833021273,43192,233.539052704843,0.722970464135021,0.991757732913503,0.943699784400291,0.857046239960555,0.00636130692811629,0.00211710856356675,0.734528257430526,0.996715158929219,SEKER
42846,748.792,269.05704550473,203.137381582151,1.32450779570534,0.655727733067066,43131,233.566310785016,0.786396006166948,0.993392223690617,0.960279717135398,0.86809215624465,0.00627963043235612,0.00219976950227379,0.753583991733486,0.998127871769752,SEKER
42863,742.672,258.754201081496,211.139036436829,1.22551568600586,0.578075858736096,43143,233.612642222084,0.794274066524599,0.993509955265049,0.976558640764081,0.902836132691449,0.00603677299959164,0.00247411758060616,0.815113082493251,0.998933868464064,SEKER
42883,752.306,258.70037672677,211.229173688224,1.22473791006073,0.577343705890683,43202,233.667138033738,0.786439994131455,0.992616082588769,0.952151318136893,0.903234626057498,0.00603270239318075,0.00247681732351626,0.815832789709229,0.999181345827492,SEKER
42888,750.734,253.171881284663,215.832130676728,1.1730036695225,0.522707241252176,43254,233.680760000907,0.792856746713993,0.991538354834235,0.956254491600958,0.923012298266094,0.00590309366920031,0.00264295268198125,0.851951702750457,0.999342473582232,SEKER
42911,764.207,285.994382635796,191.351645624258,1.49460111358216,0.743195034506444,43321,233.743410825055,0.751887999158942,0.990535767872395,0.923329001054187,0.817300705946799,0.00666482679582849,0.0018344088055914,0.667980443941136,0.998364315365531,SEKER
42927,751.413,260.517291079672,210.118087017905,1.23986133120217,0.591177056055145,43276,233.786984104861,0.778791727140784,0.991935483870968,0.955395064907299,0.897395267454102,0.00606884457520144,0.00242784455682017,0.805318266049019,0.998482977384955,SEKER
42932,750.704,270.424353442442,202.351019742665,1.33641211092658,0.663391851542823,43263,233.800599089416,0.760194776449757,0.992349120495574,0.957312048414886,0.864569318972889,0.00629889950252591,0.00217091950478403,0.747480107309246,0.998941468084779,SEKER
42946,751.381,258.600292502568,211.657133876321,1.22178869082522,0.574546222639208,43341,233.838716828921,0.761534915061886,0.990886227821232,0.955899349064398,0.904247688840486,0.00602152220236037,0.00248333714394482,0.81766388277336,0.99901248486873,SEKER
42974,755.268,253.467728513333,216.270889282165,1.17199189107064,0.521505002522625,43417,233.914933673438,0.764335515082527,0.98979662344243,0.946702392458819,0.922858839053879,0.0058981646696452,0.00263899009954918,0.851668436819873,0.998148501833696,SEKER
42998,748.297,258.41257317079,212.141900211049,1.21811190016545,0.571010665983505,43376,233.980242637114,0.779415230119456,0.991285503504242,0.96496177768262,0.905452237737949,0.00600987425393717,0.00249176644700869,0.819843754824658,0.998661434028244,SEKER
43027,775.195,244.133588706795,224.70266173865,1.08647395103287,0.390957740911234,43738,234.059133321731,0.783477184165483,0.983744112670904,0.899764812147353,0.958733841424979,0.00567396259806156,0.0029570485904005,0.919170578693496,0.998654890306297,SEKER
43033,746.785,259.643013647308,211.834610115925,1.22568740540189,0.578237192781806,43303,234.075452212718,0.744721722276063,0.993764866175554,0.969661863719661,0.901528020818151,0.00603357919845951,0.00245850841780645,0.812752772320292,0.996180836738449,SEKER
43059,765.563,272.927288610358,201.056217090668,1.35746754096781,0.676256906540608,43472,234.146154264279,0.774526027988632,0.990499631947,0.92323430279116,0.857906717413497,0.00633844930468331,0.0021179858648824,0.736003935783201,0.99910145285025,SEKER
43061,773.258,290.41979286969,189.09828735975,1.53581397761251,0.758974350562133,43491,234.151591999373,0.704163396127682,0.990112896921202,0.904992815596577,0.806252183040553,0.00674438106104574,0.00175794578428935,0.650042582657657,0.998344484488962,SEKER
43066,762.089,276.47883175904,198.445602927584,1.39322226182019,0.696290003575499,43430,234.16518578466,0.776061845638189,0.991618696753396,0.931822116257928,0.846955205557086,0.00641988649419588,0.00203774050830827,0.717333120220245,0.999404472231783,SEKER
43113,753.398,260.922042672477,210.87849420645,1.23730987199213,0.588901274202039,43517,234.29292881384,0.79890669878625,0.990716271801825,0.954485163638208,0.897942260508579,0.00605205025566481,0.00242703441533568,0.806300303207257,0.99764332494859,SEKER
43113,745.717,251.365455683378,218.703287034364,1.14934466277081,0.492944018894663,43461,234.29292881384,0.771072916852968,0.991992821149997,0.974249116503722,0.932080854852853,0.00583038655819308,0.00271451010492241,0.868774719983225,0.99852158756292,SEKER
43125,755.011,265.470035305771,206.947870382599,1.28278698792589,0.626336699229263,43467,234.32553289538,0.748697916666667,0.992131962178204,0.950675745634091,0.882681665467372,0.00615582690564107,0.0023050618625233,0.779126922552254,0.999453878192774,SEKER
43132,745.585,258.004036270219,213.004322884579,1.21126197241557,0.56427743171715,43433,234.344549848118,0.783804902869396,0.993069785646858,0.975023619338382,0.908297998883547,0.00598173134262772,0.00251142432212016,0.825005254775856,0.999297492153015,SEKER
43144,765.795,258.033632819781,213.190144030764,1.21034503725719,0.563361258126006,43652,234.377146748683,0.752240471457963,0.988362503436269,0.924496387372894,0.90832014488739,0.00598075358844292,0.00251125871474534,0.825045485608249,0.998589709017395,SEKER
43157,749.909,261.272896601374,210.5395698201,1.24096813166582,0.592157203284597,43478,234.412454942427,0.771763233190272,0.992616955701734,0.964370640373967,0.897193922491212,0.00605400969950121,0.0024197370115211,0.804956934555167,0.998925903146367,SEKER
43165,755.211,271.809150360843,202.578644004947,1.34174632126674,0.666732206520524,43482,234.434180418499,0.755729467584082,0.99270962697208,0.951053602979713,0.862495541843508,0.00629698020064504,0.0021495102786889,0.743898559699927,0.998123155873006,SEKER
43181,755.838,261.113338325249,210.747648884797,1.23898577140466,0.590398669863597,43561,234.477625331734,0.781839579938439,0.991276600629003,0.949828321084987,0.897991756513272,0.00604694977710679,0.0024255237078839,0.806389194765791,0.999104738529277,SEKER
43196,750.694,256.75523512479,214.505591004679,1.19696290396081,0.549569839136553,43547,234.518347628453,0.789097751228512,0.991939743265897,0.963224470152621,0.913392661748341,0.00594395858701709,0.00255202902952224,0.834286154535719,0.998609578267372,SEKER
43204,781.451,263.351275818722,209.881626384348,1.25476098291928,0.604026103847766,44006,234.540063295672,0.729181434599156,0.981775212471027,0.889058459945118,0.890597786422415,0.0060955299467346,0.00236547126870419,0.793164417180506,0.995231763718008,SEKER
43209,756.121,268.347534699413,205.579615354848,1.30532170826481,0.642727749917904,43543,234.553634566727,0.750625390869293,0.992329421491399,0.949732892483869,0.874066664444896,0.0062104546436949,0.00223604935905859,0.763992533893827,0.997256039443853,SEKER
43220,747.775,252.025191393925,218.859306838035,1.15153974960011,0.495859954095403,43537,234.583488599376,0.77958152958153,0.992718836851414,0.971298557070055,0.930793811927765,0.00583121683003066,0.00269993247638368,0.86637712032302,0.997667692196037,SEKER
43231,750.007,263.981263919502,208.741377649021,1.2646331402649,0.612148071861304,43567,234.613338833166,0.7864900758637,0.992287740721188,0.965771782005915,0.888749964106196,0.00610629557307261,0.00235004387121197,0.789876498698764,0.998903996970861,SEKER
43236,751.588,252.647880972686,218.221837295625,1.15775709756501,0.503939358211069,43630,234.626905865822,0.772071428571429,0.990969516387807,0.96182419409371,0.928671576276501,0.00584346102721543,0.00268101058131346,0.862430896583881,0.99848549167934,SEKER
43238,754.895,267.658635180878,205.931150364686,1.29974816683575,0.638791597612071,43630,234.632332459231,0.775569506726457,0.991015356406143,0.953459748528393,0.876610359686961,0.00619035651928577,0.00225487161615241,0.768445722710504,0.998785919405753,SEKER
43242,753.985,256.332891022616,215.026534717783,1.19209887914087,0.544352479921996,43702,234.643185269545,0.791282389108476,0.989474165942062,0.955851056508438,0.915384616985585,0.00592786853111826,0.00256739543913651,0.837928997013846,0.998894218139842,SEKER
43250,748.18,258.700046175486,213.130706751965,1.21380935726241,0.566804098899921,43565,234.664889384407,0.796911851415094,0.992769424997131,0.970920758513521,0.907092568608298,0.0059815039578147,0.00249802392244,0.822816928024401,0.998742886549927,SEKER
43287,754.888,260.055579603862,212.243781985632,1.2252683078436,0.57784324315363,43653,234.765244814796,0.753393901420217,0.991615696515703,0.954557971411632,0.902750270432228,0.00600770623059721,0.00246126830769084,0.814958050765461,0.998542271824917,SEKER
43289,752.142,263.477487327406,209.490750508576,1.25770463224638,0.606479344303079,43618,234.770668210576,0.782307761814403,0.992457242422853,0.961585124638717,0.891046406248905,0.00608647664135013,0.00236672072672584,0.793963698089089,0.998571820922112,SEKER
43290,750.678,252.755721982742,218.462469717569,1.15697548558115,0.502937901263453,43615,234.773379861485,0.784395441120513,0.992548435171386,0.965361719583033,0.928854856459056,0.00583866301646436,0.00268092458593086,0.862771344367573,0.998205295095178,SEKER
43303,762.695,265.164283162308,208.437374136826,1.2721532511163,0.618138994368217,43727,234.808628473629,0.749575904448676,0.99030347382624,0.935461784586027,0.885521329167479,0.00612346218881621,0.00232259190739802,0.784148024410539,0.99755645861029,SEKER
43305,778.579,255.215430057964,216.416288774807,1.17928013414707,0.530036321930073,43833,234.814050867396,0.791913539609392,0.987954281021149,0.897723379377777,0.920062124825546,0.00589344025073235,0.00260505717460652,0.846514313538499,0.998277513227094,SEKER
43329,754.79,265.286554016279,208.173539691948,1.27435290003161,0.619860543130581,43707,234.879109828503,0.765854779411765,0.991351499759764,0.955732280001339,0.885378871535606,0.00612260966134181,0.00232077453609904,0.783895746161663,0.998959817443558,SEKER
43334,751.813,263.488298915402,209.768898028183,1.25608849258484,0.605135818759123,43677,234.892661510643,0.781637806637807,0.992146896535934,0.963427371926721,0.891472837608093,0.00608040566103757,0.00236888936380514,0.794723820193026,0.99824344532752,SEKER
43357,761.958,264.004372606887,209.361921784592,1.26099517217135,0.609189810571603,43842,234.954989181082,0.787736191860465,0.988937548469504,0.938441104720951,0.889966279198488,0.00608908302250817,0.00235627439804396,0.792039978110402,0.998758588563918,SEKER
43362,751.489,263.160768972564,210.24742847707,1.25167176064303,0.60142202718395,43682,234.968536486922,0.765139751552795,0.99267432809853,0.964881352569191,0.892870686631179,0.00606892599447821,0.00237928170292083,0.797218063045233,0.997855336588252,SEKER
43373,768.891,280.036106028678,197.482189382085,1.418032212955,0.709005850747548,43813,234.998337810713,0.721488455652405,0.989957318604067,0.921933872103996,0.839171566635939,0.00645646153202863,0.00197504671410188,0.704208918250217,0.998590930729005,SEKER
43373,762.115,282.226054450188,195.884712860058,1.44077631342173,0.719907261382031,43690,234.998337810713,0.767052789813423,0.992744335088121,0.938400665718716,0.832659969216944,0.00650695258456156,0.00192942610084848,0.693322624336363,0.998922814703225,SEKER
43379,757.02,274.984781527994,201.050837034494,1.36773756122594,0.682233441734273,43734,235.014591485437,0.793440883816213,0.991882745689852,0.951206245844038,0.85464581050465,0.00633912219110616,0.00208618855311177,0.73041946141315,0.999022132825189,SEKER
43402,767.442,267.517963625042,206.738274427417,1.29399340478178,0.634647850700458,43872,235.076886827684,0.756461873638344,0.989287016776076,0.926037300156072,0.878733090078286,0.00616372433586106,0.00226699672639382,0.772171843598533,0.999185272974687,SEKER
43407,766.597,267.183501350446,207.399654294699,1.28825432356217,0.630432294415916,43864,235.090427109058,0.78042071197411,0.989581433521795,0.928186835840689,0.879883772466572,0.00615530908264672,0.00227578306243764,0.774195453050006,0.997360639673843,SEKER
43413,755.879,256.982272180269,215.541613031289,1.19226291650218,0.544530293602165,43828,235.106674417354,0.768888810173214,0.990531167290317,0.954827904412509,0.914875070652462,0.00591947739571716,0.00255805751014866,0.836996394901347,0.997919762886893,SEKER
43434,767.911,269.437891221567,205.467513261792,1.3113405956214,0.646895817949207,43900,235.16353115657,0.757957559681698,0.989384965831435,0.92558842226184,0.872793095619903,0.00620338654559945,0.00222051552857294,0.761767787761774,0.998937024528722,SEKER
43435,756.574,261.266251877833,212.14232315946,1.23156118961443,0.583688707819679,43926,235.166238277462,0.773415242165242,0.988822109912125,0.953557452880885,0.900101856199262,0.0060151088264725,0.0024355097979016,0.810183351533358,0.997790372220224,SEKER
43460,753.432,262.520530892372,210.995896001118,1.24419733211769,0.594992803011067,43812,235.233906174663,0.778769307959718,0.991965671505524,0.962080611425161,0.896059082979319,0.00604050922439881,0.00240214876874215,0.802921880189739,0.998993261230993,SEKER
43479,750.885,256.211797656233,216.233027930069,1.18488743421331,0.536402925088999,43875,235.285320760859,0.79248687664042,0.990974358974359,0.969041894841746,0.918323523402103,0.00589277116898349,0.00258512874098167,0.843318093633652,0.999237012191234,SEKER
43483,751.215,250.160052552486,221.560138932974,1.12908420150505,0.464308500050146,43837,235.296143452712,0.770975177304965,0.991924629878869,0.968279776236757,0.940582403352926,0.00575305412580747,0.00277757389045529,0.884695257497167,0.998895438386496,SEKER
43485,758.113,265.533142095827,208.898520117465,1.27111069023618,0.617318228024596,43876,235.301554611967,0.758265327474367,0.991088522198924,0.950783093397247,0.886147592555698,0.00610631578925668,0.00232264732471941,0.78525755579226,0.998149273756272,SEKER
43504,759.998,246.001283442773,225.338167667003,1.09169825063238,0.401169056877701,43929,235.352954419864,0.773404444444444,0.990325297639373,0.946485915028527,0.956714335494975,0.00565468194747088,0.00292224800951374,0.915302319741592,0.999233941261657,SEKER
43520,760.012,271.067003837252,204.75146429799,1.3238831027003,0.655317318470488,43900,235.396229763508,0.792540792540793,0.991343963553531,0.946799133283208,0.868406063560725,0.00622856166905451,0.00218503762845101,0.754129091229033,0.998378761132847,SEKER
43524,764.419,283.777226699438,195.554611424177,1.45114055164824,0.724653780294536,43869,235.407047356389,0.715384615384615,0.992135676673733,0.935999721294574,0.829548762930579,0.00652001715603892,0.00190456667611613,0.688151150079653,0.998604039543959,SEKER
43525,762.479,282.820459041032,196.118294077362,1.44209116427185,0.720516843527244,43861,235.409751676939,0.785649819494585,0.992339435945373,0.940790384326196,0.832364647434453,0.00649788533121268,0.00192400550935047,0.692830906298681,0.999125328307788,SEKER
43567,753.988,262.886869811615,211.487210398837,1.24303909118592,0.593979834342103,43956,235.523305100529,0.771151939960351,0.991150241150241,0.963027417629864,0.895911253648025,0.00603408244340016,0.00239800988917404,0.802656974413175,0.997733996008592,SEKER
43616,752.431,262.557270473887,211.706208268225,1.2401963675115,0.591474202009599,43970,235.655714938486,0.788259958071279,0.991949056174665,0.968104721036632,0.897540237652355,0.00601974666346952,0.00240975942548763,0.805578478205046,0.999075502415343,SEKER
43625,782.4,282.357723857773,197.096438395118,1.4325866370641,0.716060656500639,44149,235.680027026202,0.766925091855212,0.988131101497203,0.895545426745603,0.834685957253705,0.00647238335490596,0.00193792258026918,0.696700647236535,0.998084037264966,SEKER
43626,760.859,264.489247329986,210.324201842577,1.25753120664616,0.606335562962358,44036,235.682728214471,0.764416253438699,0.990689435916069,0.94699327471392,0.891086237318469,0.00606265179778081,0.00235787801386262,0.794034682338387,0.998523392199891,SEKER
43634,772.146,257.397449108565,216.479461538196,1.18901556424626,0.540985554559108,44106,235.704336606211,0.778816977831721,0.989298508139482,0.919678511796018,0.915721338430188,0.00589901107183767,0.00255865841955335,0.838545569656376,0.997043733651179,SEKER
43638,767.847,268.271885154018,207.675661880338,1.29178297892507,0.633034185849432,44135,235.715140059253,0.741474521264846,0.988739095955591,0.930090735304827,0.878642724428339,0.00614766683060676,0.00226016088558992,0.772013037190854,0.997273300951389,SEKER
43650,770.305,269.586393578963,206.422090260141,1.30599585169989,0.64319881088119,44071,235.747547447879,0.750128888125107,0.990447232874226,0.924418606684394,0.874478657168679,0.00617609149092699,0.00222787254344975,0.764712921843537,0.998711903668957,SEKER
43655,762.04,259.587723242248,214.297924099025,1.21134035401246,0.56435558279119,44077,235.761049211725,0.782235521788991,0.990425845679152,0.944687828494437,0.908213401878458,0.00594634573914208,0.00249563773875121,0.824851583351641,0.999176008984914,SEKER
43657,760.603,261.440529130114,212.90348878579,1.22797672607967,0.580377337079447,44058,235.766449700764,0.778643789683955,0.990898361251078,0.9483042233037,0.901797630555695,0.00598851339144042,0.00244306570522395,0.813238966475867,0.998638523573449,SEKER
43658,776.121,266.484970914879,209.350441612863,1.27291334502017,0.61873543091499,44291,235.769149898895,0.810402435402435,0.98570815741347,0.910782822993653,0.884737135792191,0.00610392072277427,0.00230698979668005,0.78275979944977,0.996385394664924,SEKER
43661,755.49,259.71994570338,214.312238319708,1.21187640864417,0.564889365041239,44011,235.777250307747,0.795804170312044,0.992047442684783,0.961271578879903,0.90781341290215,0.00594855696624861,0.00249217059922004,0.82412519264505,0.998737878735864,SEKER
43662,767.382,264.360965975798,210.683102182451,1.25478010926031,0.604042131779295,44131,235.779950382187,0.786801938983295,0.989372549908228,0.931730416443364,0.891886400520161,0.00605471499188763,0.00236326071121323,0.79546135143281,0.998129081463217,SEKER
43665,764.364,274.055233302359,203.118937782645,1.34923526232508,0.67132777628197,44090,235.788050419992,0.781182911120653,0.990360625992289,0.939167119872965,0.860366896040453,0.00627631359904634,0.00212138339657682,0.740231195802284,0.998746031649504,SEKER
43670,764.703,269.243775091497,206.66996100153,1.30277169350946,0.640936142880224,44057,235.801549864679,0.768702693187819,0.991215924824659,0.938442068281903,0.875792020760911,0.00616541733664981,0.00223741310904407,0.76701166362848,0.999241083966782,SEKER
43672,756.109,262.804854236932,211.753094691541,1.24109097257709,0.592265725799901,44007,235.806949426165,0.799707013367515,0.992387574704024,0.959940091715326,0.897270144080267,0.00601769679055074,0.00240604049791159,0.805093711457823,0.999194537368884,SEKER
43672,754.739,255.228454087699,218.1415992961,1.1700127573616,0.519136185749942,44066,235.806949426165,0.771453806747924,0.991058866246085,0.96342821548986,0.923905409641904,0.00584421263252653,0.0026267322812246,0.853601205965575,0.998724300678969,SEKER
43678,766.754,266.202545789919,209.795524255098,1.2688666583098,0.615540985582255,44143,235.823147368833,0.784404575902879,0.989466053507918,0.933599278508388,0.885878633012548,0.00609465968656803,0.00231540054163425,0.78478095242818,0.995782384612725,SEKER
43683,755.258,256.926786269105,216.573594853064,1.18632553725406,0.538009228967385,44054,235.836644804547,0.788900527342339,0.991578517274254,0.962346901247497,0.917913808167637,0.00588161953778599,0.00257563490925243,0.842565759224813,0.999557276984255,SEKER
43685,764.629,260.279443135588,213.966990829546,1.2164467151054,0.56939160160862,44142,235.842043562541,0.770730416372618,0.989647048162748,0.938946123352208,0.906110911877444,0.00595809644352955,0.00247749469583987,0.821036984623373,0.998747742925143,SEKER
43688,763.553,263.24351264565,211.488331169178,1.24471885134443,0.595447426567644,44089,235.850141467818,0.781818181818182,0.990904760824696,0.941658978984565,0.895939045553211,0.00602553361668306,0.00239490963783752,0.802706773346799,0.999144252886623,SEKER
43690,755.343,264.955244977176,210.214547944178,1.26040394239286,0.608705257143041,44039,235.855539916872,0.758836300477638,0.992075206067349,0.962284501412616,0.890171243589419,0.00606443682712694,0.00234889974850335,0.792404842913533,0.998750187979415,SEKER
43691,758.261,253.769310560986,219.365532005255,1.15683310974719,0.502755045534124,44127,235.858239095063,0.770945087521175,0.990119428014594,0.954914329439422,0.929419867885803,0.00580827425696336,0.00267346612486176,0.863821290820864,0.999297070126134,SEKER
43701,770.263,276.475777888442,201.484055854091,1.37219680592819,0.684770866799709,44144,235.885229178241,0.743290131646086,0.989964661109098,0.925599615178227,0.853185877547005,0.00632653206765158,0.00206785512678139,0.727926141645653,0.998857926517799,SEKER
43712,759.328,261.07957170113,213.67928049092,1.22182914085684,0.574584821050922,44059,235.914914703296,0.786286043206879,0.992124197099344,0.952690231969781,0.903613075378258,0.00597272080209392,0.0024563033637093,0.816516589994553,0.997643763648405,SEKER
43713,759.502,274.731542071285,202.847005856846,1.35437809846289,0.674421829641849,44048,235.917613202169,0.773024686991582,0.992394660370505,0.952275548817122,0.858720521944855,0.00628489332855867,0.00210807006549131,0.737400934809244,0.998719675891698,SEKER
43741,755.847,260.693280318571,213.922773446358,1.21863266878382,0.571514710567687,44085,235.993158642916,0.756633800380557,0.992196892367018,0.962123415327724,0.905252173567839,0.00595992959279786,0.00246887554019028,0.819481497749297,0.998646924621186,SEKER
43752,771.484,283.654813704957,196.593160981728,1.44285188909151,0.720868530096738,44112,236.022830593256,0.772212220692577,0.991838955386289,0.923748885200936,0.832077649275345,0.00648324222218313,0.00191702349742673,0.692353214423584,0.998963143349645,SEKER
43753,782.625,269.717529115465,206.839051318928,1.30399712914745,0.64179905409836,44377,236.025527858318,0.782491281409282,0.985938661919463,0.897656679767995,0.875084124611257,0.00616454938211014,0.00222987397661308,0.76577222514665,0.99856478317209,SEKER
43780,771.185,273.270450919234,204.196796566353,1.33827001948307,0.66456174229903,44206,236.098342367128,0.788999423298731,0.99036329909967,0.925056957441228,0.863973186903062,0.00624190157421732,0.00214534793680864,0.746449667687433,0.998951211319193,SEKER
43791,759.364,274.311310102185,203.722796855996,1.34649295187168,0.669657512072817,44075,236.128001100034,0.734945622986037,0.99355643788996,0.954321522257897,0.860803008859068,0.00626410244347434,0.00212155218962674,0.740981820060825,0.997726798176951,SEKER
43796,766.59,276.289673780103,202.008125630623,1.36771564469295,0.682220885917673,44236,236.14148111084,0.76512928022362,0.990053350212497,0.936522060044571,0.854688044906027,0.0063085595437963,0.00207654088428973,0.730491654105287,0.999104863637433,SEKER
43805,773.977,293.60605641652,190.294571077328,1.54290295700139,0.761530646723976,44195,236.165743191352,0.745211119050049,0.9911754723385,0.918919438407782,0.804362641812536,0.00670256948787855,0.0017307273438672,0.646999259543642,0.998257070727595,SEKER
43824,756.08,264.109650125078,211.637530352978,1.24793390701821,0.59822994222515,44183,236.216954955553,0.751440329218107,0.991874702940045,0.963355050620225,0.894389715952008,0.0060265984420655,0.00237880698592309,0.799932964000714,0.998263469118072,SEKER
43828,761.709,268.660049476468,208.14611625939,1.29072813994601,0.632259744964871,44224,236.227734964912,0.802710622710623,0.991045586107091,0.949255982568254,0.879281215890654,0.00612987244401907,0.00226017663909694,0.773135456618148,0.997907689847047,SEKER
43832,754.068,255.897708185219,218.669452774047,1.17024899883772,0.519420142878494,44167,236.238514482359,0.804744157012503,0.992415151583762,0.968679544663983,0.923175577295006,0.00583814811519482,0.00261572509096988,0.852253146513967,0.997348391464264,SEKER
43833,764.879,273.551546585754,204.436387762847,1.33807659966622,0.664440272520896,44246,236.241209284867,0.742315703906925,0.990665822899245,0.941511403922842,0.863607653597415,0.00624076715227692,0.00214133034743376,0.745818179352032,0.997961853396614,SEKER
43865,762.654,275.571786043994,202.806242370288,1.35879341199394,0.677039100031947,44217,236.327426740546,0.763506927522105,0.992039260917747,0.947704391115256,0.857589342266037,0.0062822702848283,0.00209610908690096,0.735459479968295,0.999337496169409,SEKER
43879,765.193,268.781169672345,208.311423887263,1.29028530772181,0.63193377704435,44259,236.365136988165,0.75559650089544,0.991414175647891,0.941726103307386,0.879396191616785,0.00612550809435824,0.00225974899963364,0.773337661830105,0.99782622296732,SEKER
43880,758.336,275.647687142899,202.968521968262,1.35808096974762,0.676619194127027,44179,236.367830347065,0.796746196027164,0.993232078589375,0.958855438835577,0.857499777331812,0.00628185248730399,0.00209509422823727,0.735305868124107,0.998604906443105,SEKER
43880,756.327,256.245480516396,218.662767933846,1.1718752256622,0.521365996844209,44263,236.367830347065,0.769581535655407,0.99134717484129,0.963956140002816,0.922427314115854,0.00583968734084766,0.00260794228414654,0.850872149826988,0.997115992588179,SEKER
43912,760.634,264.37632119734,211.947791574521,1.247365302716,0.597740341679659,44312,236.454001633321,0.780907668231612,0.990973099837516,0.953765509521737,0.894384189031903,0.00602059394236974,0.00237637816107466,0.799923077590254,0.997796291827882,SEKER
43917,758.75,253.671426897162,220.766302219667,1.14904958024234,0.492549437891614,44382,236.467463060215,0.763521618943306,0.989522779505205,0.958616988764577,0.932180127468904,0.00577615563215069,0.00269040715983579,0.868959790047941,0.998477882002058,SEKER
43917,762.456,267.021770580491,210.097282166046,1.27094347831428,0.617186299065456,44291,236.467463060215,0.770230453540987,0.991555846560249,0.949320713103405,0.88557372137166,0.00608014597036434,0.00230670815790101,0.784240815984051,0.9967257505028,SEKER
43919,813.374,276.465818714697,202.594878712353,1.36462392569769,0.680441259260469,44428,236.472847416408,0.770643972626777,0.988543261006572,0.834222185597182,0.855342076339785,0.00629490240476097,0.00207839510162203,0.731610067557256,0.998372602469931,SEKER
43928,762.262,262.151105982608,213.842787893545,1.22590576266295,0.578442181249537,44320,236.49707550227,0.796359746922645,0.99115523465704,0.950041889362457,0.902140292774352,0.00596774508246693,0.00243829556001719,0.813857107846993,0.997712118493829,SEKER
43935,765.713,256.312911744649,218.449453102828,1.17332823728333,0.523091663803341,44370,236.515917853195,0.786731130808488,0.990196078431373,0.941647708434725,0.922762401017174,0.00583391172743027,0.00260915078382797,0.85149044873098,0.999077787273114,SEKER
43946,769.228,272.827937423897,205.647657609503,1.32667661083677,0.657146138164388,44592,236.545524229336,0.757768044970169,0.985513096519555,0.933295231615054,0.867013570761311,0.00620825416246977,0.00216397795445507,0.75171253188428,0.997279434123765,SEKER
43947,765.591,266.059531170392,210.666013862025,1.2629447260755,0.610780075974986,44397,236.548215534331,0.74932223908336,0.989864180012163,0.942205117965021,0.889080028419799,0.00605409996519426,0.00233341921228977,0.79046329693495,0.998311452020247,SEKER
43949,764.043,277.995372001996,201.440146980886,1.38003956097378,0.689151896326554,44246,236.553598052462,0.750649040103846,0.993287528816164,0.946069974438043,0.850926388985941,0.00632540835973506,0.00204567340865813,0.724075719472653,0.999253138012814,SEKER
43951,760.195,262.575575724908,213.567083546982,1.22947586942697,0.581768082203564,44326,236.558980448122,0.796386895701964,0.99153995397735,0.955715450953873,0.900917687393582,0.00597427989635976,0.00242776016772885,0.8116526794586,0.997907383750091,SEKER
43964,795.449,266.710261845083,210.16854131403,1.26903037047095,0.615671136145943,44557,236.593963035274,0.778840702947846,0.986691204524542,0.873136981040724,0.887082339459058,0.00606656040954151,0.00231727737783468,0.786915076980155,0.998619131669305,SEKER
43968,763.577,261.839572360577,214.330121989447,1.22166483147651,0.574427993032082,44429,236.604725867671,0.803200526113882,0.98962389430327,0.947634576106906,0.903624779610639,0.00595523044852114,0.00244923728444185,0.816537742326377,0.997535443373361,SEKER
43983,774.627,282.800674388813,198.32649947585,1.42593488583833,0.71287187647746,44363,236.645082129519,0.796187683284457,0.991434303360909,0.921105661297697,0.836791081354224,0.00642977228449203,0.00194465930553091,0.700219313833972,0.99846714733364,SEKER
44019,761.71,277.329248661161,202.344495141602,1.37057965657571,0.683854615608251,44351,236.741909090252,0.769038592568004,0.992514261234245,0.953390284345353,0.853649264306418,0.00630021692135581,0.00206373128110326,0.728717066450888,0.998764786677115,SEKER
44028,768.937,274.514810396561,204.568463934502,1.34192145317401,0.666840919694367,44445,236.766109643251,0.779104953017997,0.990617617279784,0.935744544748393,0.862489383728409,0.00623500523295541,0.0021282939841535,0.743887937044211,0.99823918147698,SEKER
44042,774.452,266.978024420693,210.135433025986,1.27050455306925,0.61683960804682,44538,236.803750032017,0.773480857042501,0.988863442453635,0.92275814069403,0.886978434070932,0.00606189601790774,0.00231441101414247,0.786730742506923,0.999544990394595,SEKER
44048,763.489,271.082437518779,207.222004204877,1.30817399705663,0.644713486902931,44378,236.819879795794,0.761614939050748,0.992563883005093,0.949577661490463,0.873608345724681,0.00615425076096028,0.00221116956403967,0.763191541719814,0.998387329651418,SEKER
44058,778.306,271.339880942905,206.952415201221,1.31112207933925,0.64674596620242,44518,236.846760294376,0.780312422514257,0.989667100947931,0.91397409311622,0.872878544323581,0.0061586971933112,0.00220538231821443,0.761916953140453,0.998966139885336,SEKER
44113,754.12,258.950732112963,217.15470263572,1.19247121508281,0.54475589635748,44436,236.994548538362,0.766702586206897,0.992731118912593,0.974755154089011,0.915210961577731,0.00587016825228307,0.00254047639682576,0.837611104192035,0.998827131182728,SEKER
44141,765.323,271.778025006279,207.141000760421,1.31204360319093,0.647377176245909,44515,237.069750799538,0.797488708220416,0.991598337638998,0.947027305842611,0.872291830047924,0.00615704277216825,0.00219886796809995,0.760893036768357,0.998324841604447,SEKER
44146,770.979,277.523870701222,202.694776413627,1.36917130086715,0.683053011116947,44560,237.083177264602,0.785935552786185,0.990709156193896,0.933288952970597,0.854280306287029,0.00628650094462062,0.0020653341526536,0.72979484170986,0.999214152790026,SEKER
44163,774.123,270.988039452847,207.848784695099,1.30377495278777,0.641642871473014,44646,237.128821559377,0.752402207986916,0.989181561618062,0.926079966650826,0.875052722024798,0.00613608766281383,0.0022192600672195,0.765717266323008,0.998322992749057,SEKER
44165,771.361,263.842402831524,213.423154012465,1.2362407633434,0.587940853825052,44603,237.1341908988,0.749473934292696,0.990180032733224,0.932766079716402,0.89877210165578,0.00597401568734346,0.00240460892308101,0.807791290714748,0.998624521855347,SEKER
44192,769.732,275.945944784503,204.295866755146,1.3507172179613,0.672224446063314,44586,237.206665085398,0.79843896798439,0.991163145381959,0.937290979259121,0.859612795798259,0.00624425110392158,0.00210315658585931,0.7389341587001,0.998091091095972,SEKER
44197,778.339,268.019525511671,210.299407970492,1.27446638151867,0.619948988051958,44681,237.220083801225,0.793696686719943,0.989167655155435,0.91677987518238,0.885085082321344,0.00606420176735233,0.00229558558702382,0.783375602947779,0.998385870058859,SEKER
44212,768.598,268.317082155463,210.29588659154,1.27590266507028,0.621065271761573,44579,237.260335395175,0.752365393778504,0.991767424123466,0.9404842464315,0.884253561082282,0.00606887456245957,0.00228873332844987,0.781904360286698,0.99763385711987,SEKER
44213,847.793,279.624410887846,203.749365106274,1.37239402312737,0.684882301729532,45752,237.263018591975,0.760104526621624,0.966362126245847,0.773001248699375,0.848506100875213,0.00632448399538249,0.00202220294176163,0.719962603222458,0.988072373537721,SEKER
44220,781.713,264.476444126855,213.2033637319,1.24048907811525,0.591733489981075,44842,237.281800120003,0.779756656674308,0.986129075420365,0.909355993338343,0.89717555339708,0.00598092365732371,0.00239032936425628,0.804923973613356,0.998499397980497,SEKER
44258,771.799,276.902927251892,203.84238475658,1.35841683554948,0.676817264643949,44680,237.38373105773,0.766106975939069,0.990555058191585,0.933669614774977,0.857281406930698,0.00625656214135052,0.00208453477141292,0.734931410669077,0.998343201227,SEKER
44290,764.47,266.333182309644,212.346134025162,1.25424078725203,0.603589733685228,44661,237.469533701316,0.77904031520439,0.991692975974564,0.952345754484783,0.891625788577967,0.0060133931431394,0.00234438991940214,0.794996546857281,0.997117094792919,SEKER
44290,776.883,275.75524557521,204.726017899029,1.34694773241383,0.669935500528838,44739,237.469533701316,0.790441176470588,0.989964013500525,0.92215581231324,0.861160530984524,0.00622612882310251,0.00211219656745916,0.741597460125548,0.998893017279963,SEKER
44305,760.743,271.010823642347,208.262498162784,1.30129440505663,0.639891088230091,44628,237.509743020137,0.788625845496618,0.992762391323833,0.962025702279657,0.876384713451808,0.00611693541682309,0.00222583431039491,0.768050165972008,0.999459383782189,SEKER
44344,772.196,263.989526118032,214.356253353022,1.23154571881451,0.583674517997368,44806,237.614255405134,0.750982251727408,0.989688880953444,0.934522225040784,0.900089707721563,0.00595321861171821,0.00241032039919445,0.810161481946288,0.997750904639368,SEKER
44351,769.972,268.144090836913,210.781634332889,1.27214162507835,0.618129858781147,44773,237.633009172861,0.741903646704583,0.990574676702477,0.940076975037252,0.886213857747816,0.00604595366140364,0.00230037545097552,0.785375001664267,0.999108230913094,SEKER
44353,758.998,256.468519229635,220.323683426104,1.16405333844037,0.511862880105867,44767,237.638367120376,0.774454339095513,0.990752116514397,0.967501398569036,0.926579089839877,0.00578243905101425,0.002629182951472,0.858548809728495,0.999396608178457,SEKER
44358,758.485,260.431402928534,217.207370287336,1.19899892247679,0.551720445082143,44677,237.651761460677,0.779824900671566,0.992859860778477,0.968919792800682,0.91253112638606,0.00587112590577875,0.00251126130702668,0.832713056623411,0.998422057623826,SEKER
44369,780.415,272.240378313967,208.010042776203,1.30878478116015,0.645136231432975,44967,237.681226352345,0.789034713330488,0.986701358774212,0.915457713346773,0.873056479807833,0.0061358240734289,0.00219898375890706,0.762227616934445,0.997591904823771,SEKER
44370,761.446,258.435829859433,218.844289763135,1.18091191750605,0.531906314192665,44732,237.683904797736,0.786437193144154,0.991907359384781,0.961658940430575,0.919701826666278,0.00582456231371271,0.00257058077309725,0.845851449973289,0.998876057713229,SEKER
44385,768.664,255.637287505294,221.485942584403,1.15419192984619,0.49933842366797,44875,237.72407785723,0.78319099378882,0.98908077994429,0.944002197087134,0.929927242528367,0.0057595423567713,0.00265682911613066,0.864764676396412,0.998104410712788,SEKER
44409,758.724,268.853505995254,210.626432228579,1.27644713510356,0.621486928241219,44698,237.788340635414,0.777958797561488,0.99353438632601,0.969422764998905,0.884453188568842,0.00605403197539358,0.00228519824050971,0.782257442769591,0.998510271736681,SEKER
44417,769.784,277.713519670794,203.824527202028,1.36251276273306,0.679216383682956,44833,237.809757702458,0.746554390211107,0.990721120603127,0.941935849505839,0.856313217967788,0.00625241505889172,0.00207375838161519,0.733272327266349,0.99909290445937,SEKER
44417,765.401,275.025709180654,206.054495768397,1.33472316706829,0.662322309160765,44758,237.809757702458,0.757503922504946,0.99238125027928,0.952754559134418,0.864681917959349,0.00619190195602255,0.00213515467918853,0.747674819245858,0.997938902681041,SEKER
44421,788.512,259.805549841676,218.3461678595,1.18987913728284,0.541933312852745,45157,237.820465512707,0.758490566037736,0.98370130876719,0.897804093138978,0.915378696327439,0.00584871006599753,0.00253304589731911,0.837918157690121,0.997021334585951,SEKER
44429,759.18,264.186047451349,214.271815879116,1.23294818951081,0.584957300731459,44767,237.841879686986,0.771980122324159,0.992449795608372,0.968694615033383,0.900281759697341,0.005946252390361,0.00240955534644055,0.81050724684374,0.999313442581378,SEKER
44429,752.449,248.390989282097,228.102976497648,1.08894234128794,0.395833567375728,44704,237.841879686986,0.779169078058961,0.99384842519685,0.986102962737126,0.957530224322545,0.00559074004101144,0.00289907216946164,0.916864130491184,0.998412172900004,SEKER
44436,772.915,270.331860006318,209.53522523155,1.29014994833248,0.631834038694293,44893,237.860615508015,0.783703703703704,0.989820239235516,0.934719602511813,0.879883767686338,0.00608362273846247,0.00224927864704911,0.774195444637905,0.998828212898835,SEKER
44442,766.629,263.349681702923,215.203536715661,1.223723762732,0.576385547410202,44827,237.876673608658,0.792644645787258,0.991411426149419,0.950239264239338,0.903273062911845,0.00592569375147209,0.0024332974538326,0.815902226182145,0.99843894224503,SEKER
44459,758.56,257.030417853018,220.511271288853,1.16561124676628,0.513785014647641,44768,237.922165674787,0.766534482758621,0.993097748391708,0.970933930057665,0.925657623179999,0.00578129102888095,0.00261821992318213,0.856842035351245,0.998744713107523,SEKER
44460,774.803,264.33756036177,214.783193335447,1.23071808485932,0.582914127127727,44927,237.924841407797,0.745998187858653,0.989605359805907,0.930672186719112,0.900079584158131,0.00594551417817747,0.00240709275635473,0.810143257818274,0.997057958723794,SEKER
44466,760.049,269.483615774184,210.268172825034,1.28161866892915,0.625451194927458,44807,237.940895173977,0.770534414639218,0.992389581984958,0.96728564747337,0.882951249152609,0.00606044204052948,0.00227211843904515,0.779602908380153,0.999153641731464,SEKER
44478,772.434,259.757666476599,218.717741489549,1.18763875626894,0.539466791680453,44910,237.972999457356,0.786608658743633,0.990380761523046,0.936768656222332,0.916134652290596,0.00584013819138898,0.00253769911372193,0.839302701127611,0.996788416100354,SEKER
44484,769.816,269.316819015862,210.951292607816,1.27667773772098,0.621665266183558,44848,237.989049974991,0.773917430713826,0.991883696039957,0.943278269191909,0.88367689342482,0.00605424015411973,0.00227726411891236,0.78088485197294,0.996938306237393,SEKER
44487,761.329,264.092689784112,214.979128982063,1.22845734390405,0.580824120429247,44806,237.997074827892,0.783263200521154,0.992880417801187,0.964491130116159,0.901187666430478,0.0059364014157869,0.00241526050788366,0.81213921012641,0.997678376952224,SEKER
44495,764.275,263.049911022255,215.727221389053,1.21936355239962,0.572220286555488,44839,238.018473112889,0.776689708141321,0.992328107228083,0.957242048918488,0.90484148878025,0.00591189821378255,0.00244453766629171,0.818738119818059,0.998339422266332,SEKER
44495,793.424,296.39863176905,191.414796156017,1.54846248942774,0.763505023403904,45063,238.018473112889,0.787020659402858,0.98739542418392,0.888199263701357,0.803034992747031,0.00666139188153837,0.00170876613148719,0.644865199576225,0.998549572281119,SEKER
44515,809.186,274.971422795475,206.534879722674,1.33135586185101,0.66017254507011,45305,238.071960410893,0.771972114317425,0.982562631056175,0.854317929886203,0.865806191750959,0.00617705094452376,0.00214113324693468,0.749620361674298,0.99801146267795,SEKER
44515,757.601,265.590469773168,213.967452564099,1.24126574668455,0.592420038382038,44780,238.071960410893,0.771744595274007,0.994082179544439,0.974619649978302,0.896387436696136,0.00596631404634771,0.00237612299028524,0.803510436666668,0.997369982137883,SEKER
44517,757.197,261.815754797251,216.686768550771,1.20826830612828,0.561272970741671,44812,238.077308479778,0.771257796257796,0.993416941890565,0.975703772831752,0.909331482607469,0.00588125333686571,0.00248049616179205,0.826883745261098,0.999097422251635,SEKER
44524,758.387,258.916322028636,219.129976500892,1.18156505177,0.532650790367569,44860,238.096025774872,0.782977226765146,0.992510031208203,0.972797124860062,0.919586775794454,0.00581520802328263,0.00256516843212819,0.845639838216039,0.99917847922051,SEKER
44538,761.462,265.180921462493,214.272337287517,1.23758822449705,0.589150664023613,44899,238.13345595152,0.785211826307717,0.99195973184258,0.965259544432285,0.898003727561532,0.00595403748400226,0.00238838252420182,0.806410694714405,0.998004379887038,SEKER
44542,789.281,285.525474729014,199.032858037936,1.43456451132603,0.716997578573918,45086,238.144149207142,0.797729063686511,0.987934170252407,0.89849627488455,0.834055698298584,0.00641025267677728,0.00191352934488467,0.695648907864339,0.99795323556489,SEKER
44543,764.877,269.814705827142,210.597109092039,1.28118902956651,0.625124632676423,44928,238.146822446025,0.785590828924162,0.991430733618234,0.956766860192053,0.882630995652972,0.00605739859971584,0.00226768440884072,0.779037474487357,0.998094265934404,SEKER
44554,771.972,257.699752897398,220.579862489009,1.16828322399665,0.517047301932893,45003,238.176226093476,0.774852173913044,0.990022887363065,0.939492824923829,0.92423924903143,0.00578398691245225,0.00260342274135584,0.854218189450181,0.997968780367439,SEKER
44556,772.808,270.478159884092,210.450528591363,1.28523392977209,0.628179474958315,44972,238.181571821205,0.77517006210964,0.990749799875478,0.937503377301778,0.880594469894623,0.00607052158820568,0.00225169511557965,0.775446620408992,0.996630307276738,SEKER
44564,761.869,267.509366161069,212.517432839876,1.25876434034768,0.607355884653856,44905,238.20295353244,0.759234019353959,0.992406190847344,0.964791401127031,0.89044715312516,0.00600281317119354,0.0023279153742315,0.792896132508703,0.998069377201545,SEKER
44565,833.876,272.296541558336,209.518698649645,1.29962883176202,0.638706499482704,45809,238.205626111397,0.699212376051211,0.972843764325788,0.805379972850409,0.87480224591969,0.00611009854276531,0.00220733136625838,0.765278969466134,0.994578613059312,SEKER
44581,813.758,256.839713765492,221.47446325096,1.15968094016536,0.506387315894715,45046,238.248383297428,0.781875898838963,0.989677218842961,0.845997593649371,0.92761504755048,0.0057611922963929,0.00263125703431463,0.86046967644208,0.997870283360134,SEKER
44593,778.735,294.691930476232,193.119649711117,1.5259551833128,0.755345091563695,44946,238.280446151956,0.696199962530444,0.992146130912651,0.924053605353786,0.808574723328483,0.0066084795926767,0.00174245655780911,0.653793083205733,0.997658944131848,SEKER
44598,783.045,263.646564579209,216.456625483359,1.21801106337342,0.570912941285522,45129,238.293804401413,0.791727321143263,0.988233729974074,0.914011806436451,0.90383807876177,0.0059116230454103,0.00243359908359222,0.816923272619767,0.995021583978097,SEKER
44634,774.05,266.897193719902,213.607886298379,1.24947256557319,0.599549468449646,45116,238.389961700801,0.73877780720339,0.989316428761415,0.93613319003276,0.89319021447255,0.00597968350853389,0.00234765235836674,0.797788759229519,0.99681516777996,SEKER
44652,779.929,292.0676940688,195.067914586165,1.49726158034969,0.744263618414954,45012,238.438025808625,0.789755743822848,0.992002132764596,0.922445341992765,0.816379321132512,0.00654097675510167,0.00179221600162212,0.666475195972782,0.997887705186074,SEKER
44665,762.969,256.441594232979,221.897836552128,1.15567415265329,0.50126157265009,45067,238.472732750719,0.756418506977374,0.991079947633524,0.964191763249704,0.929930003999529,0.00574144395461723,0.00264851193272187,0.864769812338564,0.999392120114516,SEKER
44699,767.062,264.364945070509,215.434916161419,1.22712209228159,0.579580717575995,45085,238.563480881121,0.756943033258823,0.991438394144394,0.954655621700687,0.902402097288255,0.00591433689949459,0.00241928039673382,0.814329545190241,0.999281775300562,SEKER
44704,770.546,283.772178928747,200.784699456262,1.41331575412479,0.706657306367488,45040,238.576823283069,0.731138478648414,0.992539964476021,0.946148070061063,0.840733662417884,0.00634780285721071,0.00195630668831568,0.706833091122589,0.998978343220282,SEKER
44706,773.551,266.78422768207,213.62098632245,1.24886712806097,0.599031184652436,45128,238.582160034924,0.780890829694323,0.990648821131005,0.938853379756605,0.894288849486431,0.00596752623097727,0.00235442772050745,0.799752546315765,0.998784665676819,SEKER
44716,766.11,260.596661670788,218.640305056197,1.19189671640738,0.544133158001137,45132,238.608842003765,0.788349993829446,0.990782593281929,0.957393664192496,0.915625090797208,0.00582781692617381,0.00252671584380398,0.838369306897396,0.999249624027735,SEKER
44722,776.694,264.216063288311,216.073136029586,1.22280848116229,0.575517374740575,45158,238.624849753009,0.763851882216301,0.990345010850791,0.93160364878483,0.903142855067911,0.00590796617522272,0.00242461933939939,0.815667016660218,0.997404545776457,SEKER
44724,765.1,266.516953866848,213.952399607688,1.24568340600781,0.596285842245243,45054,238.630185430795,0.808810763888889,0.992675456119324,0.960094758866326,0.895365874360151,0.00595914841845202,0.00236246898727116,0.801680048968717,0.998639533927857,SEKER
44724,772.269,259.274147897444,219.97672724415,1.17864353718509,0.529302889122512,45134,238.630185430795,0.786951013513514,0.990915939203261,0.942352308666964,0.920377860137391,0.00579720391506671,0.00256603745897239,0.847095405431082,0.998423524990525,SEKER
44737,765.217,264.975800413295,215.264062177522,1.23093375518844,0.58311251815589,45101,238.664864428799,0.785135135135135,0.991929225516064,0.960080175567143,0.900704381519152,0.00592296757523515,0.0024046297697702,0.811268382887798,0.998617637013731,SEKER
44749,769.137,266.753574678337,213.844924048319,1.2474159761588,0.597784017848469,45131,238.696871339684,0.781368954077178,0.991535751479028,0.950573692212117,0.894821640637862,0.00596110694492251,0.00235750482745075,0.800705768553835,0.998813167896563,SEKER
44756,827.325,266.577994979858,214.261983187932,1.244168428825,0.59496758027765,45565,238.715540055873,0.751948924731183,0.982245144299353,0.821691573423255,0.895481039513068,0.00595625156358607,0.00236253566667436,0.801886292127404,0.997681608172457,SEKER
44782,765.251,272.731448459754,209.398835027252,1.30244969330541,0.640708803585053,45136,238.784868223114,0.74918861043263,0.992157036511875,0.96096050347919,0.875531111544516,0.0060902025023392,0.00220748534263753,0.766554727282375,0.99839896945074,SEKER
44808,771.941,262.194320098119,217.945274645504,1.20302823965597,0.555920174073069,45203,238.854176267641,0.775332225913621,0.991261641926421,0.944924712845587,0.910981504779571,0.0058515068759623,0.00248591183292367,0.829887302050452,0.9983778600986,SEKER
44826,783.558,265.82326698128,214.956039152934,1.23664014292781,0.588300106461037,45376,238.90214698135,0.752492865536344,0.987879055007052,0.917482000210604,0.89872549417645,0.00593011348282873,0.00238644271124118,0.807707513882705,0.998843535411774,SEKER
44829,766.523,270.259069609659,211.481325053746,1.27793349857712,0.622633829227572,45200,238.910141163854,0.783189783189783,0.99179203539823,0.958779045684723,0.88400415759929,0.00602866603336364,0.00227100567337709,0.78146335065283,0.998658193709567,SEKER
44830,827.094,272.406966330516,209.936444124748,1.29756873546285,0.637231936359028,45467,238.912805831913,0.786836331724441,0.985989838784173,0.823509971545075,0.877043671276879,0.00607644359425644,0.00221775777137841,0.769205601326825,0.998097139424591,SEKER
44868,898.66,271.607766662452,210.955510611036,1.28751207245421,0.629880886480293,45687,239.014041205067,0.737802772433526,0.9820736752249,0.698161269244581,0.879997078662733,0.00605348503749781,0.00223928905660054,0.774394858454944,0.997042729107212,SEKER
44901,760.063,256.06656435387,223.630435609803,1.14504344480491,0.487130289236967,45226,239.10192136023,0.799007046764894,0.992813868128952,0.97671238417739,0.933749089669527,0.00570291450867175,0.0026742215833308,0.87188736245867,0.99834890899154,SEKER
44903,772.654,277.138643075612,206.687257947451,1.34085983735907,0.666180994966164,45351,239.107246392164,0.736307884035157,0.990121496769641,0.945181270076454,0.86277122431796,0.00617194047336731,0.00210952219327058,0.744374185511111,0.998101449318721,SEKER
44906,767.466,263.548227317387,217.384364661006,1.21236054731153,0.565370410715051,45287,239.115233717714,0.776651677620201,0.991586989643827,0.958067144224587,0.907292134542616,0.00586888672599178,0.0024531498276289,0.823179017402896,0.997989764073943,SEKER
44911,770.999,261.835641277433,218.809903065202,1.19663524186751,0.549221920985141,45359,239.128545334096,0.766857338000512,0.99012323904848,0.949412531529048,0.913277291691251,0.00583010044927598,0.00250187977903212,0.834075411518906,0.998084031798667,SEKER
44928,766.3,269.941628189994,212.192125368122,1.27215667274026,0.618141682961716,45295,239.17379928801,0.794510858032114,0.991897560437134,0.961455745438152,0.886020436683709,0.00600831615451376,0.00228405994062982,0.785032214221191,0.99868396963755,SEKER
44937,775.198,275.443937025772,208.531854517766,1.32087223634366,0.653327404406429,45290,239.197753797489,0.774175208889655,0.992205784941488,0.93969875697647,0.868408128275876,0.00612955775921338,0.00215032658213544,0.754132677255611,0.99611291590645,SEKER
44945,772.411,272.588625174649,211.348057003951,1.28976168051336,0.631547685311295,45285,239.219044681066,0.786852240896359,0.992491995141879,0.946660701657762,0.877582637675351,0.00606493770552117,0.00221900457194484,0.770151285949226,0.993311616815397,SEKER
44957,777.754,277.800041706131,206.306998457785,1.34653716928064,0.669684557766797,45371,239.250977453925,0.769192601844406,0.990875228670296,0.933947965016765,0.861234490767341,0.0061792388661639,0.00209700952475108,0.741724848087281,0.99876007732856,SEKER
44987,765.398,263.811550074735,217.365666852024,1.21367626219613,0.566672758211781,45335,239.330790745781,0.787174103237095,0.992323811624573,0.964988750856767,0.907203610599996,0.00586417298496754,0.0024502230194921,0.823018391085668,0.998877884611531,SEKER
45003,769.437,270.822761001207,211.864101199156,1.27828527564766,0.622904372297781,45353,239.373346953491,0.757626262626263,0.992282759685137,0.955223936986804,0.883874553484908,0.00601788238564555,0.00226561432373498,0.781234226298145,0.998640208308908,SEKER
45009,768.751,277.91834654678,206.485356857374,1.34594699971266,0.669323269177916,45398,239.389303580977,0.74364312267658,0.991431340587691,0.957057080424359,0.861365600923659,0.00617472831093292,0.00209675511940192,0.741950698454576,0.998626316519646,SEKER
45010,797.835,289.797026797086,198.083374814762,1.46300529798672,0.729927547782616,45724,239.391962915487,0.709053387734526,0.984384568279241,0.888572172531648,0.82606769835188,0.00643850315034627,0.00184938459845315,0.682387842260373,0.998337028508651,SEKER
45014,772.981,270.366660681604,212.246310740662,1.27383444140029,0.619456006533823,45454,239.402599958122,0.774607654185022,0.990319883838606,0.946716251991427,0.885473820457669,0.00600627939489056,0.00227765633181426,0.784063886715901,0.99876758315689,SEKER
45037,782.176,255.577468316012,224.642934873458,1.13770534764416,0.476891438102365,45554,239.463753783819,0.791163812033377,0.988650831979629,0.925060944016118,0.936951740549098,0.00567483332184674,0.00269775037872952,0.877878564117984,0.998767136979206,SEKER
45066,768.715,268.416953632676,214.184708519868,1.25320316042906,0.602716742292721,45424,239.540838528704,0.776036644165863,0.992118703768933,0.958358866590804,0.892420673459071,0.00595608559962445,0.00233033942736575,0.796414658417141,0.99806936694039,SEKER
45073,782.275,270.106505944705,212.858480973244,1.26894876215271,0.615606267570398,45552,239.559441475071,0.793315263306111,0.98948454513523,0.925566072202273,0.886907335449789,0.00599264539623955,0.00228723785464717,0.786604621674645,0.998160960977645,SEKER
45084,763.811,261.138203761151,219.97787233114,1.18711123529757,0.538882342604133,45425,239.588671758162,0.773098292063928,0.992493120528343,0.971092249668233,0.917478439796962,0.00579225897793343,0.00253169394919433,0.841766687492268,0.999270692221288,SEKER
45085,773.652,264.852001517744,216.937143641982,1.22086977394169,0.573667634553286,45537,239.591328879792,0.783596357063404,0.990074005753563,0.946565415892689,0.904623440664242,0.00587450374886866,0.00242673467729559,0.818343569399212,0.999090928579054,SEKER
45116,766.705,259.020688132911,222.080584925858,1.1663364819549,0.514674738430293,45484,239.673685039204,0.774191334191334,0.991909242810659,0.964459201902472,0.925307112597202,0.00574121571355862,0.00259613474495256,0.856193252622972,0.998609426137796,SEKER
45125,894.185,273.898294464372,211.27011910014,1.29643650333035,0.63641705699322,46673,239.697589591915,0.67550372743331,0.966833072654425,0.709205864831436,0.875133560289821,0.00606976829837943,0.00219608543218109,0.765858748345537,0.992887237750046,SEKER
45137,774.785,272.942270204185,210.777772705087,1.29492909380951,0.635327209635123,45520,239.729458620986,0.7691010087241,0.99158611599297,0.944887592979416,0.878315617590663,0.00604697410559374,0.00221983294295959,0.771438324103668,0.998957929961488,SEKER
45142,787.312,266.841287592548,216.148802351523,1.23452586685437,0.586391780409686,45731,239.742736132786,0.790356467539744,0.987120334127835,0.915159766163376,0.898446931866333,0.00591115341793779,0.00237586474762066,0.807206889380027,0.996517784842698,SEKER
45154,773.686,273.644849603402,210.450526766334,1.3002811340417,0.639171233758855,45500,239.77459916132,0.757642873921944,0.992395604395604,0.947930759801546,0.876225514599778,0.00606025711129472,0.0022036082678203,0.767771152435646,0.998318344773525,SEKER
45169,766.629,265.716051351416,217.263450695761,1.22301312301029,0.575711766715818,45532,239.814421993638,0.809393255205533,0.992027584995168,0.965783657945787,0.902521397461524,0.00588270830329243,0.00240761536199207,0.814544872875902,0.996199068807978,SEKER
45174,768.607,275.315634015262,209.473987977624,1.31431895994967,0.648927416599461,45529,239.827694801635,0.793570487483531,0.992202771859694,0.960925549355758,0.871100893559647,0.00609455957000181,0.00216469107212336,0.758816766760415,0.997327263680923,SEKER
45195,765.944,270.531970200414,213.183186431434,1.26901175805169,0.615656343265127,45511,239.883432575711,0.785098843067088,0.993056623673398,0.968068787430398,0.886710108228621,0.00598588273482495,0.00228262518481151,0.786254816034813,0.997766606372943,SEKER
45217,773.044,278.308993325118,207.198370407471,1.34320068626893,0.667633179423218,45541,239.941810642268,0.734734002794839,0.992885531718671,0.950830669177949,0.86214177909073,0.00615496369341439,0.00209758719749906,0.74328844725373,0.998385552446977,SEKER
45218,788.51,269.423065386563,213.949960433494,1.25928074415472,0.607781770758064,45684,239.944463853273,0.784054653904841,0.989799492163558,0.913917098358755,0.89058619947407,0.00595831450719985,0.00231210221813172,0.793143778693668,0.998790687855046,SEKER
45244,774.166,278.499988829535,207.110062069937,1.34469559830218,0.668554966793649,45600,240.013437044674,0.753689821755789,0.99219298245614,0.948642701623029,0.861807707976541,0.0061555120862332,0.00209452451302912,0.74271252552778,0.9987222638811,SEKER
45252,786.514,269.905633739403,215.013445991758,1.25529653503507,0.60447446077447,45733,240.034655577805,0.714024236303964,0.989482430629961,0.919252304906178,0.889328067192408,0.00596450176211887,0.00230145204192972,0.790904411096184,0.992819566792991,SEKER
45278,771.915,275.882227673301,209.201255414547,1.31874078444999,0.65190675515476,45666,240.103602860346,0.793557319873109,0.991503525598914,0.954900539149635,0.870311962047356,0.00609307451021028,0.00215633415902505,0.757442911282718,0.998870859001052,SEKER
45328,795.88,295.002435889831,195.935884866763,1.50560698000999,0.74756917588749,45823,240.236138171915,0.77867106438535,0.989197564541824,0.899251640254986,0.814353066093432,0.00650817234137467,0.00176558955547202,0.663170916255774,0.998474760454311,SEKER
45339,765.979,262.830291671866,219.837681247631,1.19556524695968,0.548082243114345,45690,240.265286129202,0.759142053445851,0.992317793827971,0.971064493491461,0.914146100135081,0.00579700239687392,0.00249715606907003,0.835663092392177,0.999089751430941,SEKER
45347,834.011,264.89110598266,220.232869400359,1.20277734519781,0.555660822813905,46554,240.286482422764,0.793945654457595,0.974073119388237,0.819247014770902,0.907114195213838,0.00584142514350806,0.00243975620429937,0.822856163158449,0.989712751403376,SEKER
45357,776.822,273.03956327793,211.918046241781,1.28842053860017,0.630555576659263,45741,240.312975160628,0.755685510071475,0.991604905883125,0.944519987597295,0.880139758046752,0.00601978885900589,0.00222826880261167,0.774645993694595,0.998069808420451,SEKER
45363,779.489,287.103832209728,201.869868545525,1.42222231717053,0.711066312228173,45774,240.328869401537,0.818235930735931,0.991021103683314,0.938191837940692,0.837079977483472,0.00632903097700169,0.00191683530533017,0.70070288870373,0.996555286020306,SEKER
45375,786.539,267.820317234619,216.171625696684,1.23892447203226,0.590344073462821,46073,240.360654730257,0.729372618990211,0.984850129142882,0.921692341098705,0.8974698305644,0.00590237613740207,0.00236203363524579,0.805452096773293,0.997894313742129,SEKER
45381,767.7,267.19763431094,216.395237580357,1.23476670419661,0.586609966725153,45728,240.376545818485,0.770318441064639,0.992411651504549,0.967611105961883,0.899620786083598,0.00588787453583967,0.00237890026941909,0.80931755875367,0.999318374670716,SEKER
45422,779.468,265.768792413773,217.928009632871,1.21952562619874,0.572376458886301,45912,240.485106817367,0.772089070202278,0.989327408956264,0.939462687423539,0.904865859656532,0.00585110282272408,0.00241965976926614,0.818782223971954,0.998525904409797,SEKER
45428,769.104,265.474188094049,218.153358260588,1.21691543146879,0.569848473703639,45811,240.500989682431,0.785136536467335,0.991639562550479,0.965080056590798,0.90592984353428,0.00584384494351608,0.00242804489870754,0.820708881406044,0.998733302526505,SEKER
45443,778.406,268.435650311096,215.89496642057,1.24336224582548,0.594262915867823,45872,240.54069225684,0.780727072810363,0.990647889780258,0.942463432698209,0.896083258606196,0.00590708470635953,0.00234934293418868,0.802965206354298,0.9983766222924,SEKER
45454,813.599,263.435035540851,220.467454890879,1.19489307694525,0.547363514759497,46295,240.5698033137,0.746028098739496,0.981833891348958,0.862901371765609,0.913203525946322,0.00579564032958267,0.0024862884200397,0.833940679800795,0.996469944876984,SEKER
45454,777.58,278.065297976304,208.335082702095,1.33470222283166,0.662309009635498,45868,240.5698033137,0.789954814042405,0.990974099590128,0.944695416712717,0.865155792774258,0.00611750996559827,0.00211413019114501,0.748494545770856,0.999017334017735,SEKER
45460,783.344,267.212010354441,217.585333882906,1.22807914295474,0.580472616847499,45965,240.585680587313,0.770338738921933,0.989013379745459,0.930966927076464,0.900355041183179,0.00587795887273298,0.0023826568953916,0.810639200183964,0.995529094207441,SEKER
45475,773.603,270.420068070053,214.458891727122,1.26094127360378,0.609145681184405,45854,240.625369187938,0.771704452891664,0.991734636018668,0.954874468389602,0.889820681228448,0.0059465655430468,0.00229961935041167,0.791780844741859,0.99838914678388,SEKER
45477,772.981,270.523062983184,214.269964073275,1.26253375807106,0.610445803205434,45827,240.630660506763,0.794496855345912,0.992362581011194,0.956453880832944,0.889501463768806,0.00594856879264648,0.00229709480431055,0.791212854046848,0.998932938053899,SEKER
45479,772.273,266.092401664134,218.010362406325,1.22054932952313,0.573360469619551,45886,240.635951709237,0.752527508893853,0.991130192215491,0.958250529637941,0.904332292858823,0.00585088506044843,0.00241386782946072,0.817816895907297,0.998185863972337,SEKER
45510,778.457,285.024384762356,203.534217498254,1.4003757612147,0.700049774358473,45877,240.717950475026,0.782402393109495,0.992000348758637,0.943729309217843,0.844552127270547,0.00626289573197881,0.00196544450013139,0.713268295677207,0.99884363250928,SEKER
45512,784.574,265.376064863289,218.623588433785,1.21384918601162,0.566843388337778,46089,240.723239758829,0.796834512220744,0.987480743778342,0.929111768139875,0.907102303603906,0.0058309031653913,0.00243523384625232,0.822834589203514,0.998797096326889,SEKER
45514,770.882,261.781632234443,221.679770045997,1.18089996295163,0.531892666541997,45919,240.728528926416,0.762506282459374,0.991180121518326,0.962451955111957,0.919577614638856,0.00575167272123838,0.00253704103335769,0.845622989344889,0.998596156788425,SEKER
45530,769.815,267.058151757075,217.385504494785,1.22850027363937,0.580863985786092,45833,240.77083808425,0.775744564846998,0.993389042829402,0.965461091067148,0.901567080054021,0.0058655425380425,0.00239045258165204,0.812823199837133,0.998553523420344,SEKER
45545,785.8,274.03622660472,212.198276813383,1.29141589045853,0.632764999890893,46060,240.810496168591,0.762259414225942,0.98881893182805,0.926886424721857,0.87875424046013,0.00601682350652586,0.00221318016874556,0.77220901512666,0.997242992889897,SEKER
45598,774.842,260.727060869635,223.148376904139,1.1684022285389,0.517191600457026,45973,240.950569123283,0.790479162332709,0.991843038305092,0.954397628182492,0.924148679924559,0.00571794949053982,0.00257269005322978,0.854050782606304,0.9978748376826,SEKER
45601,786.993,285.391435283724,204.137287268603,1.39803677761333,0.698829008234732,46050,240.958495346124,0.75184660027699,0.990249728555918,0.925214630300925,0.844308782800623,0.00625844686045754,0.00196178567831514,0.71285732071427,0.996600751549449,SEKER
45604,774.694,275.576721429648,211.151940067968,1.30511100840912,0.642580301713961,46000,240.966421308244,0.779182613449973,0.991391304347826,0.954887957450265,0.874407751344705,0.00604281908230961,0.00217909091508218,0.764588915611704,0.997873410672427,SEKER
45606,791.464,283.613723252721,205.379013193503,1.38092845438646,0.689641998109249,46088,240.971705138159,0.789440886273152,0.989541746224614,0.914891337773257,0.849647550106155,0.00621878093348947,0.00199912642155009,0.721900959401391,0.996893576086264,SEKER
45623,770.991,270.483986195392,215.049809538484,1.25777366078991,0.606536547523692,46014,241.016613015477,0.750217881045171,0.991502586169427,0.964484131430304,0.891056865900267,0.00592867602295755,0.00230546835329184,0.793982338268006,0.998650072205885,SEKER
45626,790.051,265.725799193975,218.948185084754,1.21364695985542,0.566643832222705,46200,241.024537066429,0.772641062114746,0.987575757575758,0.918569467927939,0.907042288695823,0.00582399945631821,0.00243170691859455,0.822725713482556,0.998498560962988,SEKER
45628,777.737,265.039550279325,219.313577012131,1.20849586190765,0.561502697745287,46097,241.029819622336,0.776977437207322,0.989825802112936,0.947928925732556,0.909410762915629,0.00580870409133263,0.00245075205228026,0.827027935706786,0.99945983798368,SEKER
45646,771.593,274.635536510111,211.902449949072,1.2960470092541,0.636135998345781,45953,241.077357416621,0.779274434485702,0.993319260984049,0.963465198233986,0.877808314539606,0.00601663971673556,0.00220359881164515,0.770547437074864,0.998665701309286,SEKER
45650,772.065,261.459146070148,222.558721778665,1.17478723808528,0.524812327523175,46028,241.08792009796,0.754957249408768,0.991787607543235,0.962371860384787,0.922086389868638,0.00572747307930226,0.00255404924421739,0.850243310380978,0.998854990302956,SEKER
45653,777.821,266.987536030233,218.420543951564,1.22235542133545,0.575086425781867,46020,241.095841805275,0.748495729018084,0.992025206431986,0.948243462303258,0.903022835410468,0.00584819258384406,0.00239881281111606,0.815450241272761,0.996770023249063,SEKER
45654,779.187,268.035879374796,217.255362601079,1.23373654010538,0.585675223866726,46140,241.09848231654,0.748426229508197,0.989466840052016,0.944942325613246,0.899500779070742,0.00587102727854724,0.00237082793770214,0.809101651548872,0.998218272175456,SEKER
45656,771.851,271.828264062364,213.935091565534,1.27061092256151,0.61692367630033,45988,241.103763252315,0.755243829815391,0.992780725406628,0.963032139639357,0.886970911887959,0.00595383441524364,0.00227307635596249,0.786717398535357,0.999611719548199,SEKER
45670,788.865,294.64713556899,197.81374527952,1.48951800671202,0.741133107171517,46048,241.1407265645,0.704468679140508,0.991791174426685,0.922222045702366,0.818405127539542,0.00645165613244997,0.00178535400171973,0.669786952783014,0.99765972683107,SEKER
45678,773.561,269.258270578292,216.170438489153,1.24558321877949,0.59619890239563,46084,241.161845913513,0.775373020318786,0.99119000086798,0.959241173907509,0.895652510118124,0.00589470358987461,0.00233991415203485,0.802193418880895,0.999198660773389,SEKER
45692,773.948,267.338044872244,218.123013428319,1.22562970623959,0.578182995770803,46025,241.198800324627,0.796333089337377,0.992764801738186,0.958575815152213,0.90222400047809,0.00585087203169578,0.00239143105868178,0.814008147038688,0.997672566131657,SEKER
45719,774.718,261.854354572931,222.728435281567,1.17566647582246,0.525843451440337,46106,241.270053561869,0.774215945268577,0.991606298529476,0.957236595397215,0.921390266567711,0.00572747336059255,0.00254634544537302,0.848960023325717,0.9980938387375,SEKER
45725,778.722,276.232755081548,210.989001999744,1.30922821788542,0.645442605309018,46072,241.285884757097,0.744913086685239,0.992468310470568,0.947542480651587,0.873487594495687,0.00604117561687365,0.0021693428220934,0.762980577737862,0.998915702072928,SEKER
45726,811.461,269.913951483529,216.766406165348,1.24518349618086,0.595851698286886,46322,241.288523188651,0.780906839723337,0.987133543456673,0.872645336985075,0.89394609601488,0.00590285508208742,0.00232534401583519,0.799139622580246,0.995075469181125,SEKER
45735,776.332,267.130274166262,218.32988901013,1.22351674054975,0.576189465415876,46119,241.312267774481,0.753385167858202,0.991673713653809,0.953594135618261,0.903350503897915,0.00584082812214413,0.00239927127102745,0.816042132892617,0.998441210588038,SEKER
45738,786.456,290.063296474497,201.212022671008,1.44158034208903,0.720280279030196,46160,241.320182117238,0.745598591549296,0.990857885615251,0.929261991338182,0.831956973013494,0.00634184477840082,0.00187412621397735,0.692152404945775,0.997793300699472,SEKER
45739,777.912,281.456878965087,207.09010801612,1.35910344372015,0.677221542089555,46085,241.322820173811,0.780782164865742,0.992492134100033,0.949807484443823,0.857406012107972,0.00615354246846426,0.00205140336102882,0.735145069598895,0.999138195725751,SEKER
45753,906.221,275.321130071555,212.131913642853,1.29787699240336,0.637453242806314,46399,241.359749938278,0.779119269804509,0.986077286148408,0.700101802744994,0.876648115876719,0.00601755360460636,0.00219230485371724,0.768511919070202,0.997433938148966,SEKER
45754,771.006,262.541412921869,222.151557552483,1.18181216379653,0.532931868848039,46104,241.36238756238,0.786286303488572,0.992408467811904,0.967215875710605,0.919330725298597,0.00573810842597082,0.00252834080235673,0.845168982478045,0.99883098395609,SEKER
45794,777.051,279.918423141886,208.580911155071,1.34201361760175,0.666898106579192,46143,241.467868901024,0.777342092308737,0.992436555923976,0.953058143248005,0.862636571722282,0.00611255673542138,0.00208792132923669,0.744141854872771,0.998648502666684,SEKER
45813,786.056,272.782600449104,214.142275940416,1.27383814919855,0.619458902301761,46250,241.517956398592,0.754123456790124,0.990551351351351,0.931733309518057,0.885386223318353,0.00595426190053269,0.00225703729948397,0.783908764441937,0.998572889637237,SEKER
45862,778.266,274.232709919463,213.121369810638,1.28674430988842,0.629309012459948,46192,241.647081506572,0.783095705626227,0.992855905784551,0.951495498990019,0.881175267449094,0.00597951920804725,0.00222379743045641,0.776469851963982,0.999118163814554,SEKER
45886,784.353,272.106791825946,215.297627863584,1.26386339936062,0.611525467771828,46375,241.710301290031,0.761075450730623,0.989455525606469,0.937274800646788,0.888292054998178,0.00593006127851515,0.00227751924202395,0.789062774972886,0.997267561086154,SEKER
45906,780.126,272.709578362064,214.818690230308,1.26948720369579,0.616033905382146,46319,241.76297181457,0.788722230812845,0.991083572615989,0.9478722560876,0.886521746931792,0.00594060859935661,0.00226343629994944,0.785920807782995,0.997716408598767,SEKER
45919,776.844,254.552752753383,229.803928534915,1.10769539222524,0.430112570091268,46375,241.797201503024,0.779543332484509,0.990167115902965,0.956168988540071,0.949890342522767,0.00554351690484076,0.00278393459572079,0.902291662818019,0.999464317346766,SEKER
45932,777.532,273.715069694976,214.2982456787,1.27726229782282,0.622116677936087,46306,241.831426346485,0.776088131927548,0.991923292877813,0.9547478224244,0.883515206583176,0.00595913676075451,0.00223985152183251,0.780599120263712,0.997029826026501,SEKER
45951,784.074,269.29934529602,217.603470991471,1.23756916224271,0.589133593937622,46376,241.881438560559,0.74810738648389,0.9908357771261,0.93927059283818,0.898187993345016,0.00586057638127614,0.00235282201057244,0.806741671389147,0.99839861440735,SEKER
45956,779.419,282.842329258178,207.051301038516,1.36604951448995,0.681263922522039,46324,241.894597950945,0.74420261691929,0.992055953717296,0.950626918594435,0.85522771144394,0.00615463332879662,0.00203099570748611,0.731414438421639,0.999148338496819,SEKER
45982,803.092,261.314651160617,224.223051244157,1.16542277750057,0.513553274534688,46659,241.963015244091,0.772702829871614,0.985490473434922,0.895915647389693,0.92594507873716,0.00568297705973244,0.00257689413435653,0.857374288837566,0.999203525054649,SEKER
45984,790.582,293.521865549339,199.762426012927,1.46935473005492,0.732682274859389,46363,241.968277311514,0.750269211943221,0.991825377995384,0.924533742862263,0.824362017659774,0.00638313033988646,0.0018183830287267,0.679572736160094,0.998533414293196,SEKER
45988,774.279,268.141024847724,218.606079484673,1.2265945461344,0.579087602679783,46335,241.978801103073,0.799819124143449,0.99251106075321,0.963960916093275,0.902431104082234,0.00583067375940949,0.00238536436956727,0.81438189761508,0.998916394085242,SEKER
45989,769.145,267.978569226494,218.841148240626,1.22453465164531,0.577151987023012,46275,241.98143197945,0.794832353957829,0.993819556996218,0.976893877920349,0.90298799892065,0.00582701448664885,0.00238975717461057,0.815387326194719,0.998470035437848,SEKER
45993,773.877,270.547593929551,216.662293170145,1.24870640835085,0.598893398746195,46334,241.991955198937,0.768471177944862,0.992640393663401,0.965067573716891,0.89445243878957,0.00588236457568654,0.00232252667377692,0.800045165256609,0.999021524826042,SEKER
45993,775.581,260.737054639707,224.975189848527,1.15895914929668,0.505471704010021,46415,241.991955198937,0.773576654612732,0.990908111601853,0.960831604454614,0.928107267044675,0.00566905952296453,0.00259467801759859,0.861383099141136,0.998307823799148,SEKER
46009,798.716,287.505734019334,203.927416317995,1.40984345906198,0.704908141333693,46553,242.03404350157,0.786424859838644,0.988314394346229,0.906291463462076,0.841840752592761,0.00624890204132527,0.00193599067871431,0.708695852725947,0.999150212430027,SEKER
46015,775.166,277.214563051695,211.535622255899,1.3104864329486,0.646309435322691,46401,242.049824728275,0.785372930534221,0.991681213766945,0.962320769478526,0.873149743879573,0.00602443905360631,0.00215998781756339,0.762390475236964,0.999102374407274,SEKER
46021,782.884,281.710384456764,208.4104811856,1.35170929434152,0.672822397785569,46432,242.065604926138,0.74048270313757,0.991148345968298,0.943563386877666,0.859271146120241,0.00612134426580831,0.00205848393673869,0.738346902554793,0.998030370631588,SEKER
46028,779.483,262.799358610828,223.429548673578,1.17620681852948,0.526474990736838,46414,242.084013856905,0.771453472780906,0.991683543758349,0.951959939052183,0.921174294855871,0.00570955415422847,0.0025359997218573,0.848562081503211,0.998084506209649,SEKER
46090,779.136,276.965307530621,212.847906693638,1.30123575952885,0.639849492799474,46412,242.247003318604,0.766123670212766,0.993062139101956,0.954091505728802,0.874647462089891,0.00600922776156695,0.00216935480917188,0.765008182940288,0.995456003974089,SEKER
46092,774.513,268.312614534829,219.006491012882,1.22513544367526,0.577718210955652,46436,242.252259217397,0.788261248781489,0.992591954518046,0.965557171592576,0.902873163967292,0.00582124044378263,0.0023861749357001,0.815179950212309,0.998705849978532,SEKER
46119,774.893,258.113198302141,227.882740133639,1.13265795448472,0.469600415320037,46508,242.323202693512,0.790927799691305,0.991635847596113,0.96517545833607,0.938825307219876,0.00559667812186172,0.00268194115832527,0.881392957476495,0.998316744312565,SEKER
46132,785.214,263.075219885451,223.87267695278,1.17511088653726,0.525192390161553,46785,242.357353256967,0.768098568098568,0.986042535000534,0.940234275160664,0.921247365534829,0.00570266235770075,0.00253374238908331,0.848696708504863,0.997312741532403,SEKER
46137,784.568,272.407294703001,215.962290317517,1.2613650943528,0.609492445142498,46611,242.370486807792,0.770182291666667,0.989830726652507,0.941885333384389,0.889735669788295,0.00590431312618942,0.0022824073225988,0.791629562093626,0.99853389728269,SEKER
46151,786.415,274.757535717134,214.4113065153,1.28145077879803,0.62532364362513,46749,242.40725696454,0.730468502690725,0.987208282530108,0.937750712062943,0.882258811689521,0.00595344706977388,0.00222501159268975,0.778380610803806,0.997456439915824,SEKER
46173,792.175,286.658739873091,205.408590898574,1.39555380142127,0.697524010602793,46608,242.465027373138,0.782659547419273,0.99066683831102,0.924603838060057,0.845831623624949,0.00620836289331624,0.00196016455010818,0.715431135524018,0.998422640835675,SEKER
46202,780.633,260.099733938433,226.397918657152,1.14886097664315,0.492296914203761,46732,242.541158251242,0.776869787463008,0.988658734913978,0.952745326126573,0.932492911771502,0.00562962066443947,0.00262567550074704,0.869543030504094,0.99898405525818,SEKER
46217,779.227,270.77983049449,217.727788755259,1.24366224468878,0.59452539506713,46553,242.580526916373,0.754563265306123,0.992782420037377,0.956497041093081,0.895858921520778,0.00585887942736417,0.00232783833215293,0.802563207268372,0.998117559856009,SEKER
46250,782.848,281.719134671648,209.376048682166,1.34551748609651,0.669059908755187,46601,242.667115497756,0.795083376310813,0.992467972790283,0.948345763245219,0.86137959986492,0.00609122453344104,0.00206853417222512,0.741974815063451,0.998340087911098,SEKER
46294,782.096,270.634784063608,218.818976585818,1.23679759537431,0.588441583288079,46720,242.782518901114,0.755894454967017,0.990881849315069,0.951074290392178,0.897085419899506,0.00584600129743828,0.00233546768859304,0.804762250596273,0.995328016385489,SEKER
46323,782.327,262.006027179117,225.603047249079,1.16135854712037,0.508502480551162,46742,242.858550252543,0.774917193616381,0.991035899191305,0.951108150994025,0.926919708173414,0.00565606776718082,0.00257550757702082,0.859180145400287,0.997816205376742,SEKER
46343,784.808,280.390497326109,210.82251724349,1.32998363264144,0.659289772063993,46736,242.910971801732,0.776733038348083,0.991591064703869,0.945512262148055,0.86633097097871,0.00605033116816152,0.00210229797261349,0.750529351276914,0.998191753015294,SEKER
46347,779.401,261.436032485856,225.853332234063,1.15754782052504,0.503671611525183,46748,242.921454754084,0.767690320015901,0.991422092923762,0.958759266714513,0.929181231998792,0.00564084045323012,0.00259373316702317,0.863377761898793,0.999401046575732,SEKER
46371,810.787,281.378102654795,210.338796117312,1.33773753510438,0.664227155430479,46994,242.984342970724,0.738626951258363,0.986742988466613,0.886426584398398,0.863551003714123,0.0060679757317029,0.00208149595433649,0.745720336015669,0.99757808417881,SEKER
46374,793.148,294.127706520769,201.040414590828,1.46302775548588,0.729937372747766,46747,242.992202853401,0.712678653757492,0.992020878345134,0.926351810802969,0.826145233741328,0.00634251318671602,0.00182249668957596,0.682515947233513,0.998539774364363,SEKER
46379,795.796,276.510003741595,213.915406408544,1.29261378777696,0.633642149988898,46847,243.005302092922,0.789765857811835,0.990010032659509,0.920296437049531,0.878830056072821,0.00596196562542519,0.00219375859884546,0.772342267456957,0.998340263797782,SEKER
46380,809.834,308.661656269351,191.746405365348,1.6097389449426,0.783637209672264,46786,243.007921856093,0.772227772227772,0.991322190398837,0.888686526727786,0.787295463885006,0.0066550594279722,0.00157718521602342,0.619834147453907,0.997771166561847,SEKER
46382,776.201,268.469151215844,220.310048744758,1.21859693983764,0.57148016386755,46718,243.013161297709,0.773807140473807,0.992807911297573,0.967410818450429,0.905180949830362,0.00578821851614515,0.0023969904421086,0.819352551935796,0.998460512437124,SEKER
46390,779.816,274.560382813869,215.728840674284,1.2727106026051,0.618576502095104,46750,243.034117934631,0.775233957219251,0.992299465240642,0.958627654218756,0.885175477408151,0.00591852517382774,0.00224135556323399,0.783535625804749,0.997214098480529,SEKER
46411,783.759,286.887827498019,206.330655820881,1.39042754629284,0.694799752248203,46760,243.089120510778,0.791591335493775,0.992536355859709,0.949436029130124,0.847331595177061,0.00618146188399343,0.00196555210407164,0.717970832185303,0.998286422505237,SEKER
46414,786.458,286.147190235466,207.166515541384,1.38124247293383,0.689814826677564,46778,243.096977005758,0.732856488718362,0.992218564282355,0.942991532185081,0.849552207050214,0.00616510514576348,0.00198098205081971,0.721738952503889,0.996896495569143,SEKER
46418,780.558,271.728530135608,217.911110950545,1.24696959668696,0.597398983868274,46840,243.107451937444,0.767353821229604,0.990990606319385,0.957383481114289,0.894670323414768,0.00585394739401974,0.00231355967246297,0.800434987599086,0.998118093660564,SEKER
46427,811.657,293.918029293361,202.246160052171,1.45326877512801,0.725612113590621,46974,243.131018883686,0.683795805349358,0.988355260356793,0.885595515185459,0.827206889853687,0.00633075644115194,0.00182848726691259,0.68427123862141,0.994430024806663,SEKER
46448,777.498,278.587638284573,212.482501821797,1.31110861316108,0.646736727924413,46761,243.185999543269,0.787681454348121,0.993306387801801,0.965557899818176,0.872924588616737,0.0059978392672359,0.00214823354331884,0.761997337411699,0.999061272286288,SEKER
46460,831.866,275.300471416559,215.481474794257,1.27760621500951,0.622381817074305,47213,243.217411482804,0.760343021733438,0.984051002901743,0.843688872335902,0.883461660023061,0.0059255374820611,0.00222668272736586,0.780504504730703,0.997177406086869,SEKER
46474,783.172,278.497778274473,212.653986596975,1.30962876704628,0.645718955579441,46851,243.25405361889,0.782917789757412,0.991953213378583,0.952150529717262,0.873450607491568,0.00599255020601783,0.00215151733148676,0.762915963727389,0.999136692936225,SEKER
46480,793.169,269.227161665756,220.068948066596,1.22337641921333,0.576056464848331,47029,243.269755701958,0.75591985428051,0.988326351825469,0.928420068242515,0.903585485939846,0.00579232275528736,0.00238182309156567,0.816466730401148,0.998846145044973,SEKER
46494,799.436,254.092403804657,233.20039676258,1.0895882139658,0.397094066220832,47084,243.306389954963,0.7691060676239,0.987469203975873,0.914196117372194,0.957550821322522,0.00546505793875892,0.0028341436948169,0.916903575415437,0.999047329115767,SEKER
46503,780.526,268.383366439464,221.334667289762,1.21256814273974,0.565576378209876,46896,243.329937633698,0.757254518808012,0.991619754350051,0.959215275478718,0.906650590391871,0.005771312957002,0.00240554886100937,0.822015293057929,0.996749557206914,SEKER
46568,783.891,275.354902726741,216.021459158883,1.27466458100451,0.620103373386601,46944,243.49993658978,0.769973544973545,0.991990456714383,0.952326991952783,0.884313059903738,0.00591296389638251,0.002230535530788,0.782009587916313,0.996799923722859,SEKER
46594,804.546,268.329883116609,221.417130867173,1.21187498937279,0.564887953386936,47173,243.567902949855,0.785495127954415,0.987726029720391,0.90456150016401,0.90771814201554,0.00575889348664225,0.00241169770953653,0.823952225344144,0.998527094332624,SEKER
46610,785.646,276.210080878236,215.12193260312,1.28396987483288,0.627229515132646,47018,243.609718977109,0.746859377002948,0.991322472244672,0.948932147135293,0.881972584789552,0.00592598328423591,0.00221187473432063,0.777875640320363,0.998768888537685,SEKER
46625,785.298,281.115788644958,211.673284757909,1.32806456405904,0.658048619903336,46992,243.648914984814,0.735874368686869,0.992190160027239,0.950079015871336,0.866720848940065,0.00602929305404735,0.00209876170147159,0.751205029987388,0.99764878066916,SEKER
46625,785.745,275.83078191445,215.836196877079,1.27796350151378,0.622656917048344,47081,243.648914984814,0.748346815613765,0.990314564261592,0.948998348425417,0.88332749990312,0.00591594170325898,0.0022217267967013,0.780267472085097,0.997153350743178,SEKER
46680,796.926,286.449968830095,207.875943977714,1.37798517398822,0.68801421161163,47243,243.792579764515,0.726423902894491,0.988082890586965,0.923644225126895,0.851082584369621,0.00613646034340393,0.00198602407769363,0.724341565417274,0.998131938048419,SEKER
46699,783.519,275.667311230246,216.002024393436,1.27622559096082,0.62131545641659,47066,243.842189744899,0.785675830276927,0.992202439128033,0.95591302681678,0.884552429001038,0.0059030666873005,0.00222921404124947,0.782432999651635,0.998561017367655,SEKER
46701,781.494,274.347997579374,217.154149901284,1.26337902224797,0.611132770538625,47058,243.84741126097,0.753339140534262,0.992413617238302,0.960914502775601,0.888825190679298,0.00587456366200667,0.00226162604065888,0.790010219586091,0.998082338786582,SEKER
46716,785.04,267.506049174742,222.61820046352,1.20163602354955,0.554477444086648,47132,243.886569068179,0.78699460916442,0.991173724857846,0.952559125941336,0.911704874789079,0.00572621905074797,0.00244042141858636,0.831205778714171,0.998806806685507,SEKER
46828,779.434,268.165377247812,222.590828241569,1.2047458530357,0.557688108590504,47157,244.178748872334,0.797208035410283,0.993023305129673,0.968627468990154,0.910552851297757,0.00572660325548415,0.00242827290055877,0.829106495006476,0.998862611584015,SEKER
46841,833.57,295.676604931319,202.56787999691,1.45964209595237,0.7284495458981,47465,244.212639957353,0.703571857726508,0.986853470978616,0.847133526794344,0.825945089616,0.00631234612692554,0.00181207124865475,0.682185291060783,0.995746368071841,SEKER
46887,789.514,276.585447526342,216.185838011731,1.27938744771678,0.623749823656042,47344,244.332524511162,0.762452231888771,0.990347245691112,0.945241191378474,0.883388937112795,0.00589897940850006,0.0022159730159489,0.780376014213273,0.998403277083714,SEKER
46918,790.933,281.766401486101,212.609901842344,1.32527412432107,0.656230058119033,47341,244.413283108518,0.718059381695745,0.991064827527936,0.942475269310443,0.867432319181512,0.00600550751281173,0.0020973546552977,0.752438828360617,0.997187709360789,SEKER
46925,776.375,256.511882684135,233.16864306042,1.10011311691541,0.416801710192092,47253,244.431515228085,0.776454041532225,0.993058641779358,0.978297763788587,0.95290523257776,0.00546642264643868,0.00278023698663891,0.908028382274075,0.99893393387119,SEKER
46946,796.12,285.488709225483,209.855518192104,1.36040601498095,0.677986159339904,47380,244.486203429022,0.767593198168738,0.990840016884762,0.9307893163483,0.856377837471404,0.00608121478348492,0.00201758473472329,0.733383000512198,0.997698645181573,SEKER
46954,799.219,296.875317135515,201.686427566376,1.47196477580432,0.733801364704876,47395,244.507033811903,0.724889616204033,0.990695221014875,0.923742360677671,0.823601760399274,0.00632268426833741,0.00179452834668285,0.678319859732783,0.998462940255183,SEKER
46973,781.213,275.060761694573,217.731946928009,1.26329996849529,0.61106861273386,47306,244.556498860375,0.751832645091072,0.99296072379825,0.96720657149805,0.889099911429499,0.00585572055637437,0.00225716014897884,0.790498652503943,0.998636922803803,SEKER
46975,790.564,284.705587385121,210.229390021856,1.35426158709552,0.674352279927463,47450,244.561705125586,0.778401935441108,0.989989462592202,0.944501354143111,0.858998614575021,0.00606078951325431,0.0020355361415864,0.737878619841805,0.999280670790814,SEKER
47044,792.003,279.620141968476,214.512188634901,1.30351633512252,0.641460923287875,47419,244.741253454584,0.77982959254716,0.992091777557519,0.942454629357069,0.875263318771136,0.00594380031392899,0.00215178504921383,0.766085877186263,0.998605455018955,SEKER
47049,797.773,263.87400478407,227.260612270919,1.16110751505634,0.50818711614065,47536,244.754259084995,0.795283975659229,0.989755132951868,0.92896979524494,0.927542139989419,0.00560849337465345,0.00256071102976665,0.860334421456151,0.998940762214388,SEKER
47096,807.722,255.178500118874,235.341561086504,1.08428999510664,0.386564204028313,47740,244.876478247396,0.795271867612293,0.986510263929619,0.907131113349103,0.959628174526149,0.00541826269999308,0.00283433892757324,0.920886233344389,0.998507729446758,SEKER
47107,792.499,284.39963121576,211.206634499036,1.34654686340858,0.669690486703477,47479,244.905073924244,0.795457615670382,0.992164957138946,0.94253582294413,0.861130068549372,0.00603731146572188,0.00204785102789457,0.741544994959846,0.998525087039514,SEKER
47171,792.111,277.027481857901,217.081036320759,1.27614777666974,0.621255196900037,47597,245.071382590262,0.762297996121526,0.991049856083367,0.944741206942867,0.884646465205098,0.00587283461995508,0.00221874054694886,0.782599368399874,0.998712444006646,SEKER
47210,791.788,277.142937065375,217.194924600135,1.27601019027312,0.621148608472878,47669,245.172671615225,0.749781624712142,0.99037110071535,0.946293884601164,0.884643405353648,0.00587042866056715,0.00221780089785162,0.782593954635699,0.998597860961295,SEKER
47211,853.59,275.610451326155,218.711925190399,1.26015282928091,0.608499129412598,47904,245.175268219476,0.791135316296607,0.985533567134269,0.814243736328031,0.889571738080923,0.0058378439627662,0.0022550498806672,0.791337877192314,0.997206664861043,SEKER
47239,820.129,283.127335804655,212.964739901668,1.32945639703259,0.658949552029753,48050,245.24796197674,0.764682077182077,0.98312174817898,0.88256402665004,0.866210820935884,0.00599350824117053,0.00208139874593334,0.750321186306418,0.997519300964152,SEKER
47273,784.934,270.095159458966,223.407582757775,1.20897937359544,0.5619900810036,47632,245.336204010467,0.779362305460301,0.992463050050386,0.96417695138683,0.908332472532664,0.00571351848748686,0.00239917960560459,0.825067880657302,0.997490049530782,SEKER
47300,809.261,281.013978779301,214.558105055682,1.30973369058406,0.64579128387984,47819,245.406255963399,0.774609829192801,0.989146573537715,0.907598526450954,0.873288428673268,0.00594109891710996,0.00213146089226411,0.762632679654625,0.998845714084063,SEKER
47369,800.778,272.142899181425,222.152661559248,1.2250265077686,0.577615645960941,47880,245.58518683862,0.746344614608937,0.989327485380117,0.92828175410933,0.902412620639056,0.00574516876398963,0.00235019119715028,0.814348537888648,0.997598545476195,SEKER
47397,795.724,276.468886268657,218.655400190774,1.26440456548268,0.611963374184589,47788,245.657759294944,0.778505962353405,0.99181802963087,0.940666772630599,0.888554812118088,0.00583304610563236,0.00224291112347955,0.789529654138211,0.998284899276314,SEKER
47406,803.384,281.504905245126,215.045027799913,1.30905098399694,0.645320207839323,48073,245.681081603194,0.804364055925071,0.986125267821854,0.922989626152157,0.872741742774471,0.00593817038444767,0.00212508062429672,0.761678149581022,0.997075531198006,SEKER
47407,808.47,291.717734010743,207.109913282798,1.40851651853293,0.704235122687973,47884,245.683672834114,0.732063992093641,0.990038426196642,0.911432517574463,0.842196562602758,0.00615347383320487,0.00190965088740005,0.709295050059901,0.99905379452301,SEKER
47447,785.622,267.906121990309,225.671357082641,1.18715164145621,0.53892715922762,47852,245.787299669957,0.765966033837014,0.991536403912062,0.966031634978287,0.917438160218108,0.00564642911017154,0.00246752092463226,0.841692777824387,0.999216962796061,SEKER
47465,801.514,281.113231924052,215.127263115755,1.30672992280291,0.643710526577475,47925,245.833917494829,0.778165781362712,0.990401669274909,0.92845556600832,0.874501409315538,0.00592253727850104,0.00213663146917933,0.764752714894862,0.99932525609788,SEKER
47484,794.213,282.41302368334,214.382041247012,1.31733526763999,0.650964472985414,47848,245.883115610252,0.744450018813496,0.992392576492225,0.94598266338526,0.870650766750587,0.00594754072284012,0.00210810934950284,0.758032757643385,0.998583285670027,SEKER
47496,793.007,276.264608049898,219.265423484419,1.25995518882862,0.608336759203988,47965,245.914183032905,0.748675914249685,0.990222036901908,0.949101933410775,0.890140017459238,0.00581658682941506,0.00225258548551702,0.792349250682332,0.998324549761671,SEKER
47518,785.966,276.585378429609,218.976220980158,1.26308407913693,0.610893307274475,47854,245.971129783,0.795706487156301,0.992978643373595,0.966630509428941,0.889313568127029,0.0058206443543417,0.00224579701599957,0.790878622454828,0.998946196552443,SEKER
47532,811.908,277.242268824122,218.419937274183,1.26930843531971,0.615892018300286,48007,246.00736176048,0.786380782211634,0.9901056095986,0.906112895374574,0.887337139476892,0.00583274991214597,0.00223052839205025,0.787367199095033,0.99941182750538,SEKER
47533,800.405,279.591735181645,216.685063179941,1.29031383648934,0.631954792197541,48024,246.009949554681,0.777941441220275,0.989775945360653,0.932364014999387,0.879889920189712,0.00588205531276471,0.00217481458617078,0.774206271651457,0.998969064608701,SEKER
47534,786.076,278.36143390908,217.784095772409,1.27815317698854,0.622802818446321,47834,246.01253732166,0.772157244964263,0.993728310406824,0.966685383788827,0.883788152212256,0.00585604901563261,0.00220382531218759,0.781081497990754,0.998341798143846,SEKER
47562,802.028,290.039905381963,209.409352111621,1.38503797684911,0.691891110955163,47944,246.084983748895,0.733981481481482,0.992032371099616,0.929160869582146,0.848452158418743,0.0060981435890409,0.00194933663244683,0.719871065125425,0.997048763633534,SEKER
47705,803.672,283.616792710643,214.376456538956,1.32298479641632,0.654725672144554,48140,246.454645891675,0.778539371685027,0.990963855421687,0.92814555417124,0.868970569535768,0.00594522152207615,0.00209106761362801,0.755109850719317,0.998998852125854,SEKER
47720,799.753,293.752410294308,207.022056978573,1.41894257347038,0.709455578331872,48085,246.493389515342,0.779267436353838,0.992409275241759,0.937558862156274,0.839119547200929,0.00615575042527889,0.00188259160930293,0.704121614494693,0.999108135707217,SEKER
47735,795.626,273.796066378731,222.466045532439,1.23073193360111,0.582926871484245,48141,246.532127050275,0.752324665090623,0.991566440248437,0.94760830265183,0.900422457893376,0.00573575084065636,0.0023257086806283,0.810760602678749,0.997828964222417,SEKER
47762,816.963,293.87131843411,207.370075576558,1.41713464499181,0.708561313765046,48372,246.601839278706,0.717804595800959,0.987389398825767,0.899264796577922,0.839149055418953,0.00615282690076024,0.00188196221676066,0.704171137210522,0.997905314544312,SEKER
47779,819.346,298.594446381531,203.962710527383,1.46396586714042,0.730347266933249,48331,246.645722054734,0.723924242424243,0.988578758974571,0.894359746491956,0.826022469753445,0.00624949133262585,0.00179470006299938,0.682313120537581,0.998883119169086,SEKER
47812,802.135,282.246481584189,216.048731936295,1.30640193559393,0.643482045938727,48280,246.730883986739,0.746129837702871,0.990306545153273,0.933795639777548,0.874168147648435,0.00590325611947188,0.00212643102642068,0.764169950363096,0.998313102277064,SEKER
47829,800.678,292.008979505109,208.749458785684,1.39884903751968,0.699253880070644,48359,246.774743815363,0.797375923178234,0.989040302735789,0.937530431459997,0.845092997597513,0.0061052704322714,0.00192089082056147,0.714182174588351,0.999033047536627,SEKER
47930,790.823,272.466967683403,224.513001332813,1.21359104401934,0.566588624642569,48282,247.035162232336,0.760286792931696,0.992709498363779,0.963071896042958,0.906660959061215,0.00568468532617157,0.00236954987133158,0.822034094685803,0.997613215189234,SEKER
47971,905.348,281.900260273868,217.349665796227,1.29698961919803,0.63681553719526,48879,247.140798332632,0.741666666666667,0.981423515211031,0.735457435054357,0.876695885603415,0.00587647245781551,0.00214137309276961,0.768595675833957,0.996860612917137,SEKER
48004,795.841,281.086397704424,217.803674633531,1.29054938204036,0.632128222241857,48377,247.225789725641,0.775208319875977,0.992289724455836,0.952433522016153,0.879536654013444,0.00585547866228697,0.00216151342719097,0.773584725753164,0.998349289776608,SEKER
48007,809.638,284.681008960149,214.894829802551,1.32474573363035,0.655883834847512,48696,247.233514767114,0.741535372258264,0.985850993921472,0.920306871276388,0.868458052998271,0.00592998956319181,0.00208079395856141,0.754219389817547,0.999148918882081,SEKER
48067,791.313,271.549422464543,225.785543159939,1.20268737610089,0.555567752116389,48402,247.387964939253,0.733993006245514,0.993078798396761,0.964628924916109,0.911023719711853,0.00564939402218867,0.00240049257512893,0.829964217877621,0.998187487456867,SEKER
48094,820.094,296.840389308251,206.417061019232,1.43806131064232,0.718641607650169,48614,247.457436066272,0.795270773046714,0.989303492820998,0.898614648947872,0.833638025616864,0.00617208777203499,0.00183874676455239,0.694952357754384,0.999384098426236,SEKER
48112,788.422,278.376276642942,220.373369597328,1.26320288677166,0.610989798235129,48427,247.503739317809,0.801439232409382,0.993495364156359,0.97262584640809,0.889097815024191,0.00578600508486328,0.00223026642035173,0.79049492468079,0.998555470835117,SEKER
48123,798.934,276.418825646036,221.928989384077,1.24552824943323,0.596151187136888,48499,247.532031485402,0.756960392613333,0.992247262830161,0.947416077084278,0.895496285055404,0.00574400651759108,0.0022785042388494,0.80191359654803,0.998806038105175,SEKER
48201,792.906,277.466503528169,221.410560830128,1.2531764631636,0.602694235631869,48558,247.732555986854,0.788216248037677,0.992647967379217,0.963435187527229,0.892837704143639,0.00575644703487831,0.00225644298286094,0.797159165940484,0.998981104151744,SEKER
48202,815.613,272.311387202391,225.942020221461,1.20522684065354,0.558180833318284,48782,247.735125760003,0.756537024829708,0.988110368578574,0.91055596489153,0.909749417037333,0.00564937942828909,0.00238708371926191,0.827644001799768,0.99749876547499,SEKER
48224,796.462,275.828027857387,222.861467382156,1.23766585178408,0.589220165344057,48642,247.791654026742,0.779377777777778,0.991406603346902,0.95530703211244,0.898355602045124,0.00571972519611369,0.00229798954147897,0.807042787725857,0.998849299296921,SEKER
48237,813.952,314.599982006432,195.370736074024,1.61027177523267,0.783800119308432,48597,247.82505103276,0.779172320217096,0.992592135316995,0.914939894415196,0.787746551834491,0.00652196409408612,0.00154918830427954,0.620544629927131,0.999245502843862,SEKER
48324,812.215,285.379705447883,216.014322885244,1.32111473737549,0.653488404891713,48849,248.048438333689,0.77670090168282,0.989252594730701,0.920514699618078,0.869187379475338,0.00590554808062004,0.00207918732771133,0.755486700639205,0.998084614105639,SEKER
48327,803.021,290.207227417701,212.291467454721,1.36702256994667,0.681823397603771,48756,248.056137755985,0.771503831417625,0.991201082943638,0.941772261326267,0.854755203594405,0.00600507433562401,0.00197726629843691,0.730606458071712,0.998755517932823,SEKER
48335,812.408,293.953504768983,209.524802039823,1.40295326332351,0.701385522178631,48862,248.076668380511,0.734730793785912,0.989214522532848,0.920286824120728,0.843931657067582,0.00608158694049825,0.00190294306728454,0.712220641800835,0.999212273620849,SEKER
48357,820.651,296.704320256849,207.817990237719,1.42771239351057,0.713729759770943,48825,248.133118838978,0.740093971441253,0.990414746543779,0.902302598238905,0.836297626620925,0.00613570569425004,0.00185134662998289,0.699393720291792,0.998533082404055,SEKER
48412,800.234,282.53224409583,218.762520849858,1.29150204979462,0.632828211429946,48785,248.274188831056,0.765407114624506,0.992354207235831,0.950011559118421,0.878746387427714,0.00583599611864476,0.00214658933653076,0.772195213417258,0.997291700969984,SEKER
48433,803.54,269.407336683473,229.058479901457,1.17615089735763,0.526409706949681,48921,248.328030778159,0.776543209876543,0.99002473375442,0.942619095132771,0.921756748851719,0.00556247469046875,0.00247692647370271,0.849635504053691,0.999299560519651,SEKER
48484,809.471,276.062211575098,224.335695355403,1.23057639640338,0.582783697055887,49140,248.458741216604,0.781143262228524,0.986650386650387,0.929834632440246,0.900009964417079,0.00569388275668465,0.00230450446536259,0.810017936050032,0.996788952766553,SEKER
48538,828.59,271.586914748834,227.880575760277,1.19179492961495,0.54402265601019,49197,248.59706559482,0.747382360187238,0.986604874280952,0.88840780657319,0.915349938065774,0.00559534621840278,0.00242301081642004,0.837865509117017,0.99856386546491,SEKER
48598,813.192,301.369987230632,206.017044542754,1.46284006694451,0.729855242624476,49088,248.750669134858,0.758537803583692,0.990017926988266,0.923510985130692,0.825399607375283,0.00620128374070192,0.00177549068266301,0.681284511855272,0.996610280930624,SEKER
48606,805.113,287.380338991376,215.569891912019,1.33311909396265,0.661301135606104,48997,248.771142440994,0.7387828307393,0.992019919586914,0.942293224247695,0.86565122483365,0.00591244576783475,0.00204794705309318,0.749352043055998,0.998975516697869,SEKER
48611,804.782,284.49759185782,217.949763928309,1.30533562748616,0.642737486913466,49059,248.783937401756,0.746231310061097,0.990868138364011,0.943165509574734,0.874467638819551,0.00585253526687005,0.00211105122333109,0.764693651342641,0.998181867210033,SEKER
48620,898.957,288.26295774522,215.447805550584,1.3379711945014,0.664374045384072,49827,248.806966673009,0.723964382500968,0.975776185602184,0.756043843853152,0.863125004402804,0.00592889670393296,0.0020297775240598,0.744984773225341,0.996768166917663,SEKER
48644,835.917,323.152704240578,192.355236789435,1.6799787187199,0.803543796848854,49179,248.868367644619,0.718183428807654,0.989121372943736,0.874808166760841,0.770126210855855,0.0066432181613473,0.0014414709552759,0.593094380647197,0.996385937679651,SEKER
48673,807.338,278.975367097275,222.607603173798,1.25321580718637,0.602727403123997,49337,248.942540279669,0.740026150945691,0.986541540831425,0.938398252328901,0.892345954662247,0.00573162466043341,0.0022417673620281,0.796281302802077,0.997912315638522,SEKER
48673,799.093,270.690594115406,229.292364157698,1.18054779150533,0.531490274457288,49078,248.942540279669,0.751544067691928,0.991747829984922,0.957862842946059,0.919657149865853,0.0055614117501573,0.00245396644119865,0.845769273299385,0.998471047716658,SEKER
48686,795.84,279.132683076744,222.394181846958,1.25512583449162,0.604331651025771,49041,248.975782908652,0.79530195860627,0.992761159030199,0.965967314897948,0.891962131285784,0.00573332545447858,0.00223857693323139,0.795596443647879,0.998573650252109,SEKER
48782,811.014,274.678280738063,226.333985608331,1.21359715378048,0.566594657647788,49312,249.221129664543,0.802414711978156,0.989252109020117,0.931993242460631,0.90732011644635,0.00563073020249401,0.00235389258406298,0.823229793708218,0.999069334551586,SEKER
48813,813.947,288.045974025432,216.162971392246,1.33254077777617,0.66093167916917,49316,249.300304647141,0.736155516679737,0.989800470435558,0.925876604348436,0.865487898210061,0.00590100944472646,0.00204244359254776,0.749069301948069,0.998165390226135,SEKER
48868,800.747,286.917252710477,217.160203533063,1.32122390770735,0.653560843022236,49210,249.440714543793,0.75576863594185,0.993050193050193,0.957731537540653,0.86938206813063,0.00587127062107057,0.00206897181301461,0.755825180387091,0.998614298374645,SEKER
49031,838.858,275.647902692841,226.84463949852,1.21513959202302,0.568112766421927,49761,249.856374979527,0.779494761609513,0.985329876811157,0.875595888491827,0.906433071097754,0.00562191068289125,0.00234102835279332,0.821620912379705,0.998384100266659,SEKER
49063,795.123,271.562347277378,230.188967287635,1.17973658979947,0.530560857661121,49420,249.937895852832,0.771430817610063,0.992776203966006,0.975203680415598,0.92037021464372,0.00553497232695469,0.00244988353162279,0.847081332003326,0.9993328419004,SEKER
49085,800.622,277.360075803385,225.548444583673,1.22971398147014,0.581988204045886,49463,249.993926032865,0.757975848543809,0.992357924104886,0.962284786708594,0.901333493325408,0.00565060763580289,0.00230047200873413,0.812402066190183,0.999022179369294,SEKER
49092,805.611,289.5555998918,216.112318541849,1.33983847772069,0.665543993506774,49571,250.011751184097,0.739693828351013,0.990337092251518,0.950538724424905,0.863432623225108,0.00589822374097205,0.00202215676304349,0.745515894849392,0.998870881671589,SEKER
49105,813.679,289.718295384686,216.048058318252,1.34099004471456,0.66626205437917,49553,250.044851665097,0.763128040157272,0.990959175024721,0.932028868395218,0.863062000737953,0.00589997546858133,0.00201928654531925,0.744876017117798,0.998871323501598,SEKER
49106,908.723,297.869878081758,210.457299210927,1.4153459119668,0.707672050769501,49733,250.047397674451,0.742343159486017,0.987392676894617,0.747276599709635,0.839451774327511,0.00606585504992786,0.00185803887582367,0.704679281421606,0.997364940207769,SEKER
49108,799.901,278.853164349668,224.441402168293,1.2424319294734,0.59344700094161,49455,250.052489615389,0.784447781221047,0.992983520372055,0.964472017257334,0.896717418281961,0.0056783653243803,0.00226477736476326,0.804102128250265,0.999042158695644,SEKER
49129,805.088,276.173099953404,226.851488250393,1.21741806537576,0.570337414094255,49531,250.105948736318,0.771667766154619,0.991883870707234,0.952491440221454,0.905612996988178,0.00562138655281818,0.0023323504155668,0.82013490031391,0.9984470436873,SEKER
49216,799.631,286.292891599133,219.001243556204,1.30726605452201,0.644083459207569,49540,250.327300615985,0.760515498964675,0.993459830440049,0.967245978876641,0.87437483766273,0.00581706948145182,0.00209736790909337,0.764531356737725,0.999445890280884,SEKER
49227,807.687,289.38303616925,216.805271725922,1.33476014612356,0.662345788565709,49748,250.355273698554,0.753017300720481,0.98952721717456,0.948259163323356,0.865134587751473,0.00587854299813619,0.00203134721516236,0.748457854923911,0.999011715805569,SEKER
49235,801.151,279.101767891826,224.852440750399,1.24126634765618,0.592420568813661,49611,250.37561579562,0.791305046608807,0.992421035657415,0.963951199415029,0.897076423724625,0.00566876750059563,0.00226457224392152,0.804746110002564,0.998904264753402,SEKER
49335,837.331,300.584812030601,209.238793057629,1.43656349588966,0.717939336683882,49944,250.629752702087,0.755952928197113,0.987806343104277,0.884241016572591,0.833807107581243,0.00609272954354111,0.00181657793316916,0.695234292652999,0.998748205915969,SEKER
49354,802.838,282.130129990718,223.052916684428,1.26485738982679,0.612329123190724,49750,250.678009587716,0.782105730223124,0.992040201005025,0.962224432201535,0.88851910143721,0.00571645925336788,0.00219772804327198,0.789466193618788,0.998562149017151,SEKER
49363,816.683,280.621640856711,224.28927191035,1.25115944452697,0.6009872056426,49830,250.700864870391,0.753507044618461,0.990628135661248,0.930045892124576,0.89337680481457,0.00568485790686772,0.00223376800760336,0.798122115380691,0.998578022544393,SEKER
49377,800.422,279.105522300312,225.572572945133,1.23732029411306,0.588910616834153,49719,250.73641339141,0.794148867730314,0.993121341941712,0.968493098144095,0.898357049064842,0.0056525411082146,0.00227101190968532,0.807045387604492,0.998573636353381,SEKER
49452,825.529,278.330561282388,226.913679406428,1.22659225310021,0.579085456998573,50153,250.926766141524,0.765985130111524,0.986022770322812,0.911861870796734,0.901542270404649,0.00562829736476559,0.00229351283227811,0.812778465326369,0.996947769056,SEKER
49639,833.546,298.803597401119,211.85422364357,1.41042077076469,0.705200158588471,50048,251.400751313732,0.734576396596374,0.991827845268542,0.897787892722978,0.841357846760616,0.00601953297610989,0.00186065373240587,0.707883026305661,0.998412923573273,SEKER
49680,819.726,278.002824593013,227.997129146945,1.21932598727522,0.572184074284317,50264,251.504553800608,0.749253461225229,0.98838134649053,0.929081967046874,0.904683447618931,0.00559587006024583,0.00231224559979391,0.818452140395675,0.997959964125469,SEKER
49728,823.685,285.910127277871,221.804300742932,1.28901976345913,0.630999428285419,50280,251.626024251448,0.779594588238983,0.989021479713604,0.921061315670561,0.880087832659724,0.00574947971520816,0.00212770971332444,0.774554593195691,0.99841617850729,SEKER
49753,812.08,273.557731913179,231.9879368417,1.17918946837242,0.529931999036321,50186,251.689266893145,0.823970719750919,0.991372095803611,0.948050578116399,0.920059049813387,0.00549831632088877,0.00243036940831475,0.846508655143512,0.998194091031331,SEKER
49827,831.839,284.17276756826,223.536368139444,1.27125966093799,0.61743569721845,50442,251.876372046921,0.781256859732196,0.987807779231593,0.904890539682458,0.886349435247762,0.00570318838317098,0.0021712876846582,0.785615321364026,0.998721067064924,SEKER
49848,805.584,270.647321371211,234.714171024261,1.15309322905448,0.49790328003913,50183,251.929444142519,0.789934077079108,0.993324432576769,0.965241394413061,0.930840338142422,0.00542945196138683,0.00251441256747169,0.866463735113099,0.999113466180169,SEKER
49874,824.563,280.360701845732,226.831889339349,1.23598451109448,0.58771004884798,50482,251.995136965223,0.775054779406051,0.987956103165485,0.921799310013506,0.898824747213977,0.00562137991429867,0.00226319922335128,0.807885926204269,0.998534491519691,SEKER
49878,822.009,292.003163075711,218.017079094162,1.33935911942749,0.665244314000685,50429,252.005242033376,0.779977481703884,0.989073747248607,0.927610700416092,0.863022302152376,0.0058543478703178,0.00200330171673624,0.744807494012387,0.997564709323429,SEKER
49888,810.547,286.489920106649,222.03520761821,1.29029050473503,0.631937605477406,50224,252.030502931188,0.764391327664139,0.993309971328449,0.954222278870688,0.87971857033353,0.00574266196493443,0.00212162221718082,0.773904762989671,0.998561967254789,SEKER
49923,816.004,271.573347309285,234.310182056838,1.15903348683075,0.505566158924302,50388,252.118896141907,0.764822134387352,0.99077161228864,0.942162824584685,0.928363915825575,0.00543984430641758,0.00249252337315048,0.861859560206996,0.998924091225132,SEKER
49949,823.828,299.114795496276,212.917071809036,1.40484176752417,0.702357943292268,50448,252.184539613309,0.757560590893924,0.990108626704726,0.924833525880537,0.843102860207557,0.00598840408208926,0.00186643603626284,0.710822432890163,0.998593043017248,SEKER
50086,821.776,287.94426256495,221.92735997805,1.29747076968532,0.637161554795896,50593,252.530148373626,0.755376587337496,0.989978850829166,0.932007283138946,0.877010523231605,0.00574899697649942,0.00209793032652628,0.769147457858974,0.997946344149787,SEKER
50124,827.876,291.383017108627,219.473284300471,1.3276468616094,0.657777447247547,50718,252.625926896479,0.792850363808921,0.988288181710635,0.919020078943466,0.866989193135786,0.00581324349829676,0.0020260633180999,0.751670261014241,0.997952663000674,SEKER
50129,825.083,303.250678651797,210.799584499851,1.43857341735894,0.718881055876443,50553,252.638526630498,0.78668277831832,0.991612762842957,0.925344881793864,0.833101273684492,0.0060494061052843,0.00179756124733742,0.694057732214723,0.998453003676532,SEKER
50170,810.208,277.115148385356,230.793803649586,1.20070445567984,0.553507163796076,50599,252.741820756604,0.757820642569068,0.991521571572561,0.960419370918444,0.912046209776815,0.00552352298954268,0.00235756296278732,0.831828288768253,0.998779932684577,SEKER
50172,828.968,316.453571494058,202.268817640153,1.56451980679022,0.769062358106338,50547,252.746858414605,0.688239893551352,0.992581162086771,0.917478181957352,0.798685435027082,0.00630737406310408,0.00158318406196543,0.637898424124399,0.99800471926289,SEKER
50218,822.578,284.871497299781,224.792584975315,1.26726376375388,0.614262561947408,50719,252.862696848528,0.797820284697509,0.990122044993001,0.93264227271763,0.887637756831919,0.00567269698713172,0.00217226306314429,0.787900787353602,0.998478117246368,SEKER
50233,818.361,288.118670379869,222.132077389856,1.29706017143216,0.636866310434506,50713,252.900458779104,0.777432135450522,0.990534971309132,0.942560272698173,0.877764910013184,0.00573564530049707,0.00210026894088202,0.770471237250453,0.999347555071623,SEKER
50253,864.971,285.970002003661,224.164790731425,1.27571328695542,0.620918417024996,51027,252.950799250716,0.766753127860848,0.984831559762479,0.844051144802004,0.884536131336872,0.00569060557585938,0.00214882257577287,0.7824041676404,0.998123392428157,SEKER
50316,820.444,286.89925963722,223.713198610149,1.28244225830047,0.626075800079082,50767,253.109306294523,0.773806594488189,0.991116276321232,0.939329768429808,0.882223630045528,0.00570194887584903,0.00213067802075172,0.778318533410709,0.998148577664337,SEKER
50336,819.005,295.01710347655,217.635448460752,1.35555630097527,0.67512373120049,50726,253.15960523707,0.782222222222222,0.992311635058944,0.943008177255143,0.858118401454622,0.00586095644223915,0.00196036579749275,0.736367190915036,0.998187185476334,SEKER
50371,827.936,293.940664958366,218.672755720446,1.34420341477812,0.668251958216981,50872,253.247604347711,0.78499851948821,0.990151753420349,0.923414953738762,0.86156028933112,0.00583551378686875,0.00198336002604609,0.742286132152323,0.997783553581597,SEKER
50459,834.999,286.901134974378,224.464238587402,1.27815966044259,0.622807803870484,51035,253.468724279331,0.743596922986236,0.98871362790242,0.909445320524544,0.883470622386931,0.00568582680937748,0.0021366915891519,0.780520340620752,0.997629613536357,SEKER
50487,835.946,311.609370411519,206.498520818561,1.50901502430283,0.748899202052095,50978,253.539040179307,0.713042864204505,0.990368394209267,0.907889474377602,0.813643825423083,0.00617207143247805,0.00166858386049809,0.662016274649108,0.998992504778491,SEKER
50551,828.646,291.622079175546,221.068994192276,1.31914509423201,0.652177002077478,51124,253.699689053627,0.783590649801587,0.988791956810891,0.925127388880782,0.869960497404276,0.00576886865097716,0.00203830206827455,0.756831267043895,0.998370253082353,SEKER
50552,813.194,289.664945608971,222.475736475735,1.30200690734904,0.640395779405332,50884,253.702198385138,0.768501064153238,0.993475355711029,0.960638250160477,0.87584708550692,0.0057300392785443,0.00207993861701987,0.767108117190966,0.998780067266151,SEKER
50645,846.485,327.398101286264,197.810682930147,1.65510829059661,0.796840231726938,51163,253.935457829568,0.787917917762186,0.98987549596388,0.888194145386111,0.775616770017664,0.00646456908453478,0.00144313880979928,0.601581373932634,0.995682319464403,SEKER
50666,820.94,282.824445485872,228.461297184069,1.23795342568682,0.589477450951788,51147,253.988099669161,0.773845707390833,0.990595733865134,0.944721172860517,0.898041536801487,0.00558213487320634,0.00223957590229244,0.806478601820777,0.998382947867145,SEKER
50695,832.041,302.410161653737,213.823278622022,1.41429952623779,0.707149757894164,51159,254.060777611085,0.73157180789656,0.990930237103931,0.920207008923547,0.840119843267658,0.00596528576099688,0.00183305706993556,0.705801351052075,0.998214516410944,SEKER
50747,842.609,300.553666847073,215.423777355193,1.39517406359242,0.697323598182355,51387,254.191044642952,0.749807919621749,0.987545488158484,0.898189657941119,0.845742616649854,0.00592258984466221,0.0018691505404893,0.715280573617742,0.997940904502982,SEKER
50760,851.459,289.510829991373,223.916512667549,1.29294095617331,0.633881081924399,51715,254.223600971186,0.754145123908005,0.981533404234748,0.879840596337461,0.878114303975301,0.00570352304947543,0.00209183377163587,0.771084730846028,0.996967029190699,SEKER
50771,830.882,302.171680594128,214.471663296581,1.40891190915171,0.704435929339224,51286,254.251145377457,0.742428895225561,0.989958273212963,0.924159389302939,0.841412884481929,0.00595165902964543,0.00184015513299885,0.707975642172199,0.997475313645738,SEKER
50913,828.731,294.474038799922,220.480385894727,1.33560197477396,0.662879545542603,51415,254.606451098752,0.769043698926031,0.990236312360206,0.931561181347116,0.864614253047084,0.00578386735804061,0.00199382781147009,0.747557806572167,0.998439682715473,SEKER
51013,826.986,279.188849552996,233.007501708001,1.19819682845606,0.550875519494541,51500,254.856369148536,0.767782426778243,0.990543689320388,0.937334092975797,0.912845801530333,0.00547289611575473,0.00234415679440492,0.833287457371555,0.998442388614808,SEKER
51026,817.975,290.310891379584,224.033040919035,1.29583962342635,0.635986194753539,51407,254.888840496512,0.779784827923467,0.992588557978485,0.958343778776248,0.877985800964123,0.00568946990513823,0.00208545842818076,0.770859066694613,0.998909722700337,SEKER
51071,833.064,300.387069802607,216.692075627488,1.38623929339713,0.692543437779485,51633,255.001209387661,0.774753864591393,0.989115488156799,0.924756709788899,0.84890874149553,0.0058817542206459,0.00188421587384343,0.720646051387524,0.998987873064872,SEKER
51268,828.387,294.841862323037,222.264723732517,1.32653467168215,0.657053616100608,51717,255.492553667386,0.730126178472756,0.991318135235996,0.938835903995697,0.866540970995025,0.0057509920871311,0.00200022540312595,0.750893254413001,0.996085936711091,SEKER
51342,854.937,326.964844651863,200.343040565146,1.6320249694201,0.790287880112723,51898,255.676875578909,0.803738317757009,0.989286677713977,0.88270263005139,0.781970538304024,0.00636836984636093,0.00146882346943845,0.611477922775485,0.997947238218727,SEKER
51408,866.227,300.842461583707,218.056725502074,1.37965229410383,0.688937966651453,52127,255.841158760168,0.743610142768287,0.986206764248854,0.860948431974484,0.850415720617888,0.00585205535293548,0.00188804920142098,0.723206897874042,0.997774055763639,SEKER
51426,879.177,300.831245596936,217.984670531293,1.38005688594396,0.689161461035068,52169,255.885944958981,0.740731138190303,0.985757825528571,0.836064865909126,0.850596301761238,0.00584978893160923,0.00188892154310449,0.723514068569896,0.998490572407214,SEKER
51630,826.672,296.446031250918,222.114292715126,1.33465535975718,0.662279248493345,52050,256.392975127394,0.771402958314657,0.99193083573487,0.949391924003015,0.864889214557836,0.00574173990414328,0.00198182454825662,0.748033353458471,0.998366724470486,SEKER
51650,850.54,297.903719902546,221.218411880292,1.34664975383582,0.669753403448727,52193,256.442630008295,0.755912656597588,0.989596306018048,0.897202973394724,0.860823859776526,0.00576773901069789,0.00195363104095316,0.741017717560557,0.997891326940905,SEKER
51737,838.558,294.547234757555,224.105393952845,1.31432461112262,0.648931252223855,52387,256.658516955824,0.740687186828919,0.987592341611469,0.924580848235077,0.87136624170681,0.00569316417182201,0.00202458676106381,0.759279127186251,0.997939243572591,SEKER
51901,839.556,286.770667615972,230.599314521655,1.24358855190371,0.594460947080901,52463,257.064983246065,0.757678832116788,0.989287688466157,0.925307857825503,0.896413100346486,0.00552533992824747,0.00220075422110837,0.803556446472799,0.999293597641995,SEKER
52255,840.789,315.816616909135,211.170752081907,1.4955509406276,0.74357736619143,52689,257.940172152645,0.802638854755468,0.991762986581639,0.928888687171209,0.816740343421696,0.00604375881559917,0.00165891036684354,0.667064788572589,0.997629372009289,SEKER
52345,839.624,289.346965013587,230.784072073964,1.25375621642058,0.603182474447809,52832,258.16220476507,0.762601981351981,0.990782101756511,0.933072478908806,0.892223648355697,0.00552769061063304,0.00216081910001216,0.79606303868515,0.998068983414162,SEKER
52371,841.309,281.55603741872,237.238412330397,1.18680627918974,0.538543831485908,52919,258.226311977159,0.757846754938138,0.989644551106408,0.929800254978466,0.917140027770509,0.00537618218897329,0.00234636911540346,0.84114583053889,0.998277153397822,SEKER
52530,831.059,296.630483485022,225.918341307451,1.31299867805483,0.648029318790734,52917,258.618006497881,0.749571917808219,0.99268666024151,0.955770343411975,0.871852425480537,0.00564687766009942,0.00201261201907495,0.760126651816296,0.998045288989038,SEKER
52578,837.158,309.191421983934,216.808958241093,1.42610076858591,0.712952116387991,53008,258.736137373745,0.799179206566347,0.991888016903109,0.942755473545247,0.836815380302462,0.00588062349241003,0.00177877801144023,0.700259980710754,0.998641296701564,SEKER
52737,835.521,277.796690417835,241.958717822327,1.14811606259967,0.491297051386261,53211,259.12706124737,0.790067415730337,0.991092067429667,0.94931544124259,0.9327939107468,0.00526758614289464,0.00245999496779513,0.870104479926309,0.998980929543326,SEKER
52807,839.524,298.08823328854,225.817569328578,1.32004004017421,0.652773917965916,53201,259.298979247566,0.768705601490625,0.992594124170598,0.941532091960301,0.869873246545002,0.00564486210707936,0.00199368708914887,0.756679465054742,0.998847191449864,SEKER
52829,846.266,298.244113214788,226.049516298247,1.31937514443202,0.652330610382634,53408,259.352987082883,0.746805202148714,0.989158927501498,0.926975953695933,0.869599685597494,0.00564546202303257,0.00199139195926796,0.75620361319126,0.997716251374234,SEKER
53037,853.987,306.659010671229,220.489145320782,1.39081227887696,0.695005630115635,53549,259.863051883331,0.766896093004425,0.99043866365385,0.913873944595194,0.847400672540263,0.00578198259085599,0.00183912716747964,0.71808789982169,0.998725468384972,SEKER
53149,853.122,317.749896577112,213.461636882436,1.48855738772448,0.740740414282939,53609,260.137287913765,0.744216982188865,0.991419351228339,0.917661853175636,0.818685672964916,0.00597847366040964,0.00165668081914356,0.670246231118017,0.997699978925217,SEKER
53187,835.257,296.3062454068,228.723881707474,1.29547576402957,0.635723104399008,53606,260.23026662137,0.787314040411517,0.992183710778644,0.958021180363842,0.878247659829438,0.00557102760837799,0.00204448099789296,0.771318951995885,0.999225008647358,SEKER
53192,851.357,317.781298806341,213.326601806309,1.48964684252024,0.741185700583455,53597,260.24249818881,0.799062612666747,0.992443606918298,0.922216230977984,0.818935850430282,0.00597423106494098,0.00165752967657368,0.670655927119969,0.999040484251746,SEKER
53507,843.007,299.654340120538,227.60975536491,1.31652678787921,0.65042046614152,53987,261.01193137507,0.753407490847649,0.991108970678126,0.946145883554944,0.871043387090859,0.005600282955885,0.00198860663908694,0.758716582194717,0.998870704867504,SEKER
53566,844.976,288.427042766913,237.178429481077,1.21607619798294,0.569029813399162,54171,261.155795366068,0.766312356046409,0.988831662697753,0.942779940394391,0.905448368713181,0.00538451709604811,0.00223244765922889,0.819836748405361,0.996983955967486,SEKER
53662,833.123,283.743207362932,241.050889408857,1.1771091492704,0.527525994139689,54024,261.38970991525,0.786532993287017,0.993299274396565,0.971535044065014,0.921219268452512,0.00528760030119884,0.00234904011938599,0.848644940568181,0.998947724024838,SEKER
53674,835.455,283.723264033781,241.075943572576,1.17690409017674,0.527287544525467,54066,261.418934517213,0.77822241554299,0.992749602337883,0.966334980336056,0.921387026218929,0.00528604657811568,0.002350060914415,0.848954052084561,0.999137496270436,SEKER
53933,848.827,287.391608056455,239.194169621802,1.20149921927804,0.554335202419131,54470,262.048904531581,0.792293453989893,0.990141362217735,0.940645693647401,0.911818220106497,0.00532867832415136,0.00227212558030173,0.831412466518179,0.998941429419624,SEKER
53939,865.418,327.958268095642,209.899443363327,1.56245420588353,0.768359284214564,54446,262.063480484157,0.767509035544552,0.990688021158579,0.905025689012608,0.799075693398074,0.0060801696007646,0.0015291396083821,0.638521963779613,0.997661327856467,SEKER
54087,873.614,325.293117931415,212.060961485083,1.53396040295845,0.758298660896122,54762,262.422764363328,0.769286567673664,0.987673934480114,0.890560825387151,0.806727071362934,0.0060142569920945,0.00157133313185853,0.650808567669816,0.998314572711603,SEKER
54136,892.691,337.726137887952,204.884537846774,1.64837298820727,0.794962316659775,54637,262.541608119138,0.671870927707105,0.990830389662683,0.853677263819106,0.777380186683215,0.00623847602127886,0.00140537473780648,0.60431995464763,0.996144689475797,SEKER
54282,854.73,286.022706414819,242.162082360047,1.18112094026992,0.532144816878266,54824,262.895395485189,0.788466845813058,0.990113818765504,0.933700969678937,0.919141696057905,0.0052691998528945,0.00231982009184858,0.844821457432202,0.997836314162524,SEKER
54421,860.505,325.113272468036,213.695313146725,1.5213870050805,0.753633428637579,54873,263.231778598315,0.785295815295815,0.991762797732947,0.923569506756569,0.809661742198468,0.00597404076492596,0.00158366171989732,0.655552136779859,0.99734850204963,SEKER
54694,846.959,298.942990468235,233.447472385248,1.28055783776019,0.624643966970402,55081,263.891196631765,0.786511360368133,0.992973983769358,0.958130743806982,0.882747564070435,0.00546573646959876,0.00204726735942438,0.779243261872286,0.99786606651237,SEKER
54801,871.432,327.957558976055,213.095150115091,1.53901934792475,0.760135652565238,55357,264.149200814675,0.730202934083066,0.989956103112524,0.906841402906537,0.805437147536403,0.00598451778208527,0.00155358688989726,0.648728998631577,0.998406480453848,SEKER
55107,850.202,297.808470488442,235.988276854287,1.26196298586614,0.609980702747575,55515,264.885657580248,0.760096551724138,0.992650634963523,0.958015175008362,0.889449709559316,0.00540418586546975,0.00208639066310436,0.791120785835151,0.998365149073295,SEKER
55191,862.202,297.585917830836,236.614149592438,1.25768437070826,0.606462550969181,55791,265.087464270716,0.754408267038465,0.989245577243642,0.932953665275315,0.890793039546335,0.00539192835481937,0.00209426259120631,0.793512239304199,0.997987941338604,SEKER
55238,878.591,338.820825323588,208.090406039488,1.62823857078395,0.789181056850161,55721,265.20031291852,0.77016814924291,0.99133181385833,0.899237292568263,0.782715503585833,0.00613383586160955,0.00142012854738535,0.612643559553624,0.997529873807586,SEKER
56201,881.138,339.006847394913,211.793496727784,1.60064804931492,0.780827278075801,56601,267.502029251482,0.784886319200045,0.992932987049699,0.909632659893381,0.789075593331204,0.00603204297779245,0.00144250933438318,0.622640291990992,0.996627968800254,SEKER
56204,899.17,300.38352405712,238.959169718072,1.25704958052673,0.605935771577609,57330,267.509168763045,0.751671748782967,0.980359323216466,0.873561472905512,0.890558726890015,0.00534452217025691,0.00207366644836793,0.793094846039965,0.996959543532453,SEKER
56493,877.951,321.30108086667,224.31589622707,1.43235983838356,0.715952894946553,57079,268.196050680698,0.712980374834354,0.989733527216665,0.921009153409911,0.83471879384057,0.00568744943385322,0.00170317031274103,0.696755464790655,0.998004544940408,SEKER
56525,872.803,320.912541932867,225.032299467849,1.4260732467817,0.71293880625108,57058,268.271998662095,0.786511381978071,0.990658628062673,0.932433727833116,0.835966076758122,0.00567735589443373,0.00171033230701013,0.698839281490367,0.996596003133556,SEKER
56693,933.372,304.477400077285,237.533052727012,1.28183171386767,0.625612942170597,57737,268.670373338168,0.777425813175361,0.981918007516844,0.817767348276207,0.882398408781643,0.00537063482400446,0.00200846492309857,0.778626951820376,0.998068720115472,SEKER
57144,878.194,314.6127709292,231.565000033884,1.35863697399505,0.676946976038178,57621,269.736909866533,0.788737060041408,0.991721768105378,0.931106953477566,0.857361603821334,0.00550561337899342,0.00183502334569379,0.73506891970709,0.998691812748651,SEKER
57649,896.189,323.546760127451,228.391768109523,1.41663056775451,0.708311167088395,58415,270.92616432238,0.789160997111607,0.986886929726954,0.901991457126569,0.837363242999737,0.00561235685141895,0.00170208252263211,0.701177200727036,0.993309055962461,SEKER
57994,906.71,339.931532990805,217.474011104186,1.56309037233858,0.768576183468697,58461,271.735632844445,0.787362876072554,0.992011768529447,0.886453822658664,0.799383424225594,0.00586149486137885,0.00147641587342846,0.639013858926636,0.998836410679145,SEKER
59385,910.603,310.991388977533,243.681928070548,1.27621851747455,0.621309979393956,60094,274.975144993321,0.790882576211595,0.988201817153127,0.899970908854687,0.884188934932811,0.00523686771032303,0.00197438420802066,0.781790072657618,0.997734967503422,SEKER
61150,896.72,309.199181593476,252.287648919726,1.22558192173672,0.578138101990081,61640,279.031536139833,0.77927870523767,0.992050616482803,0.955636244865149,0.9024329712059,0.00505640525909201,0.00206862350059097,0.814385267519508,0.998095861200632,SEKER
41487,815.9,299.046841010359,177.08148964382,1.68875268449492,0.805825540931412,42483,229.832306241807,0.689175720123592,0.976555328013558,0.78315554839464,0.7685495204206,0.00720820596838429,0.00155129493341796,0.590668365338735,0.997492787612012,BARBUNYA
41488,759.552,283.142777158865,186.985489125408,1.51425000134083,0.750920217976033,42005,229.835076156736,0.708433652647576,0.987691941435543,0.903685554692783,0.811728550743783,0.00682469092650562,0.00182770473546284,0.658903240092602,0.997744232193699,BARBUNYA
42012,809.77,266.700396449385,202.381087576316,1.31781284330145,0.651285138952539,43087,231.281948611243,0.770975556044924,0.975050479262887,0.805118589919659,0.86719761834001,0.0063481956690799,0.00221463609026652,0.752031709254586,0.991037045025636,BARBUNYA
43122,838.186,296.404588940618,185.65759983727,1.5965120156698,0.779529535842414,44074,234.31738230031,0.731985537505729,0.978399963697418,0.771308209699419,0.790532235475117,0.00687362805390794,0.00165593820427045,0.624941215325286,0.997726159354108,BARBUNYA
43145,799.426,273.402944608296,201.266886170385,1.35840996902413,0.676813217291504,43812,234.379862952427,0.766123304211947,0.984775860494842,0.848367063986727,0.857268978167822,0.00633683960153658,0.00211115884051192,0.734910100928902,0.998309207438349,BARBUNYA
44027,813.833,293.371828320792,192.111173792847,1.52709403898148,0.755768822495677,44639,236.763420815072,0.756217794572312,0.986290015457336,0.835330551453472,0.807042115019238,0.00666345261591277,0.00174366829701505,0.651316975414724,0.994622270643274,BARBUNYA
44924,817.215,282.148820572401,203.161850404817,1.38878839708437,0.69392000628852,45772,239.163152069215,0.794271570014144,0.98147338984532,0.845309254251291,0.847648952010574,0.00628058099395425,0.00200006311643102,0.718508745844625,0.99785660943266,BARBUNYA
45012,854.166,299.287397850623,192.127518032417,1.55775393819497,0.766746577039921,45841,239.397281495883,0.779820169435734,0.981915752274165,0.775271133029247,0.799890951691085,0.00664905798121886,0.00167904764242127,0.639825534597269,0.996690746276597,BARBUNYA
45564,802.744,296.073696646541,196.340280521745,1.50796207410812,0.74848949133175,46120,240.860720368251,0.746461336828309,0.987944492627927,0.888541201684097,0.813516104592688,0.00649797420433986,0.00175558703440401,0.661808452431661,0.997982046591133,BARBUNYA
45653,841.132,303.469490906796,191.932076519221,1.58112961840646,0.774593660688001,46601,241.095841805275,0.772431179466355,0.979657088903672,0.810869330685366,0.794464844175465,0.00664730665907599,0.00163351908665621,0.631174388630746,0.997968520243662,BARBUNYA
46278,846.308,300.630214558828,196.478444202609,1.53009260521636,0.756878842543039,47102,242.740560375175,0.790995795303046,0.982506050698484,0.81194676041874,0.807439001869437,0.00649617992477695,0.00170324334740172,0.651957741739913,0.997555719549799,BARBUNYA
46529,815.026,289.608245003238,205.381398176725,1.41009968562994,0.70503780569619,47156,243.397951464227,0.778285159909006,0.986703706845364,0.880218832543741,0.840438612034358,0.0062242525092574,0.0019155388001029,0.706337060598238,0.996005667098354,BARBUNYA
46774,833.722,305.703886756429,196.146060717604,1.5585522627271,0.767021758629891,47446,244.037920138331,0.793909973521624,0.985836529949838,0.845613391410182,0.798282032746183,0.00653576531313185,0.00163719960055601,0.637254203805377,0.993193981273227,BARBUNYA
47003,821.301,300.190765139881,200.111284395284,1.5001191264502,0.745403340882553,47681,244.634581204675,0.775780682643428,0.985780499570059,0.875650376547597,0.814930402974527,0.0063866298989401,0.0017375351323717,0.664111561692226,0.996246455791222,BARBUNYA
47143,858.562,296.846277802649,203.058711616237,1.4618741320671,0.729431914752008,47996,244.998636439981,0.717986597624124,0.98222768564047,0.803681098794091,0.825338415066339,0.00629672014514666,0.00180228053830842,0.681183499384216,0.995804536940729,BARBUNYA
47149,857.69,300.287893226809,200.319914210497,1.4990416425162,0.744974560155897,48091,245.014226719018,0.72076740808683,0.980412135326776,0.805418603974472,0.81593108561975,0.00636891330095673,0.00174124153067561,0.665743536480624,0.997977284420461,BARBUNYA
47668,846.128,300.107152141681,202.881161123005,1.47922631396874,0.736874946501895,48450,246.359052235626,0.814754042320446,0.983859649122807,0.836690158846664,0.820903635509889,0.00629577813505248,0.00176359108082702,0.673882778793353,0.996825138921506,BARBUNYA
47794,833.459,279.654556359284,217.918565037495,1.28329844825826,0.62672319683461,48528,246.684435668472,0.738131274131274,0.984874711506759,0.864599065945637,0.882104117594087,0.00585124819766673,0.0021852829657352,0.778107674276443,0.998544370976802,BARBUNYA
47883,873.536,327.998649304693,186.520127158317,1.7585161145976,0.822571799028362,48753,246.914011592201,0.758446454310741,0.982154944311119,0.788550662304266,0.75278972067605,0.00685000207390291,0.00135695419018148,0.566692363555525,0.996537653331791,BARBUNYA
47940,854.752,284.153788663003,215.157251271362,1.320679581952,0.653199406410166,48828,247.060931299556,0.76010781671159,0.981813713443106,0.824570213431996,0.86946203484396,0.00592727969676686,0.00208947739411563,0.755964230035,0.998386523293288,BARBUNYA
47981,809.088,291.653968130923,210.043156934616,1.38854306128007,0.693787968056917,48451,247.166556386453,0.769777478301327,0.990299477822955,0.921059400033415,0.8474650901218,0.00607853042101922,0.00193404077578428,0.718197078975151,0.997247570642563,BARBUNYA
48160,829.234,304.528282443808,202.715512943037,1.5022445890926,0.746245738870698,48950,247.627172326555,0.754043432651208,0.983861082737487,0.880120508644972,0.813149998218139,0.00632326167865049,0.00170531094354438,0.661212919602159,0.993303530710461,BARBUNYA
48165,824.701,310.021008765904,198.259982140897,1.56370945572659,0.768786945544883,48758,247.640026393491,0.806905563652812,0.987837893268797,0.889914711484673,0.79878466101142,0.00643664504860177,0.00161643479138851,0.638056934667129,0.997735662030911,BARBUNYA
48439,810.37,297.981991999216,207.317838077011,1.43731959952489,0.718294206457943,48883,248.343412047565,0.799798560200779,0.990917087740114,0.926911611758355,0.83341751755327,0.00615169578230797,0.00183073342801862,0.694584758564655,0.998340287016242,BARBUNYA
48638,874.666,303.607016013104,204.656323639957,1.48349687228442,0.738655622905262,49543,248.853018822012,0.776865576284181,0.981733039985467,0.798915932970001,0.819655033305527,0.00624217722795147,0.00173796208691064,0.671834373623085,0.996664191963009,BARBUNYA
48638,874.041,301.983970617534,205.411015379946,1.47014496792666,0.733021908966815,49596,248.853018822012,0.747747747747748,0.980683926123074,0.800058902197346,0.824060357618079,0.00620880732385242,0.0017661355608046,0.679075472997636,0.998339389469891,BARBUNYA
48831,871.27,318.95142908751,195.579961452587,1.63079809771222,0.789930260241801,49662,249.346265680805,0.789009355458967,0.983266884136765,0.808350965407772,0.781768767721662,0.00653174067882103,0.00150494961796708,0.611162406185046,0.996682489399798,BARBUNYA
48868,885.296,313.62991424225,198.97255764932,1.5762470862691,0.772989921079236,49648,249.440714543793,0.695877536489854,0.984289397357396,0.783533239870309,0.795334574976554,0.00641789953020893,0.00158406182302169,0.632557086153136,0.997066263947749,BARBUNYA
48915,894.486,310.087569282118,201.755850755202,1.53694461955584,0.759385013295229,50027,249.560638584534,0.708656283955089,0.977772003118316,0.768253993822044,0.804806974888709,0.00633931451052065,0.00164054817402693,0.647714266829516,0.995500957413177,BARBUNYA
49166,856.332,293.775566600211,214.168882586054,1.3717005152799,0.684490151365553,50168,250.200110824214,0.775978535353535,0.980027108914049,0.842539739619889,0.851670932745413,0.00597517728918788,0.00193917882027384,0.725343377683442,0.994953884923242,BARBUNYA
49309,867.448,304.072323453285,206.812910624625,1.47027727879712,0.733078705605675,50235,250.563701903021,0.778456632250324,0.981566636807007,0.823472610978554,0.824026662661772,0.00616666984634215,0.00175386239806473,0.679019940777498,0.998347590775319,BARBUNYA
49317,886.931,310.563074749547,202.458891421016,1.53395621486303,0.758297130738927,50400,250.584027080147,0.713085598611915,0.978511904761905,0.787819715440784,0.806869996641521,0.00629728237219513,0.00164644488305873,0.651039191480288,0.998665613890588,BARBUNYA
49755,868.813,332.091111157377,191.992082295389,1.72971253390772,0.815944139583643,50783,251.694325617996,0.734282762691854,0.979757005297048,0.828312038538264,0.757907445161094,0.00667452740744401,0.00135851668486659,0.574423695430617,0.993587865759931,BARBUNYA
49777,861.277,300.757033808262,211.61686131588,1.42123378986952,0.710582388544646,50590,251.749964882385,0.801910653585295,0.983929630361732,0.843243268961636,0.837054288289331,0.00604208839038637,0.00182970611580579,0.700659881543559,0.995801498855684,BARBUNYA
49967,878.754,313.375266543283,203.339883248176,1.54114019117838,0.760899084282504,50787,252.229975085797,0.740120274914089,0.98385413590092,0.813127238641384,0.804881565377017,0.00627164461631242,0.00162363769784619,0.647834334283757,0.998403529789987,BARBUNYA
49975,873.529,313.999692246333,203.938285838854,1.53967996227273,0.760373871926885,50699,252.250166002205,0.71479653865408,0.98571963944062,0.823015494812014,0.803345265078522,0.00628313541263297,0.00161422896391655,0.645363614924082,0.993653426278503,BARBUNYA
49991,911.824,329.258433358814,193.819678039798,1.69878743318934,0.808384249283741,51285,252.290542987357,0.737417394382818,0.974768450814078,0.755578602121318,0.766238666732706,0.00658635421093425,0.00140049351436702,0.587121694396315,0.997394956193294,BARBUNYA
50035,846.474,279.436697339527,228.683881018427,1.22193438424727,0.574685216770099,50802,252.401546391507,0.806391825683342,0.984902169205937,0.87751898697849,0.903251250800564,0.00558482456959183,0.00229310311831252,0.815862822072783,0.996930835119744,BARBUNYA
50166,893.846,313.021581741707,204.655814596617,1.52950250819251,0.756661042634373,51209,252.731745139356,0.762517099863201,0.979632486476986,0.789030762785815,0.807393994155648,0.00623971577844969,0.00163563587990982,0.65188506179861,0.997059837074205,BARBUNYA
50167,873.825,309.89282562412,206.772367889935,1.49871488529394,0.744844296683906,50937,252.734264081325,0.794598875425675,0.984883287197911,0.825617830407465,0.815553775962131,0.00617722458237726,0.00168571272446652,0.665127961486089,0.996837176504417,BARBUNYA
50486,982.666,325.509920056805,198.523828636823,1.63965163422417,0.792489429545824,51525,253.536529232968,0.79994295854988,0.979835031538088,0.657005442704571,0.778890330558044,0.0064475284248466,0.00146378832076032,0.606670147036819,0.994727698023937,BARBUNYA
50575,858.52,314.326789954275,205.466281710288,1.52982176607198,0.756778917139467,51389,253.759906161278,0.712123345536469,0.984160034248575,0.86227326652938,0.807312371300558,0.00621506257942215,0.00162851476095886,0.65175326485493,0.997066330683546,BARBUNYA
50683,905.491,314.937583167549,205.456210842022,1.53286961672679,0.757899604177093,51613,254.030706501817,0.769883947016648,0.981981283785093,0.776790492475284,0.806606515319166,0.00621387019646724,0.00162251545514287,0.650614070555329,0.997306540969206,BARBUNYA
50712,877.164,316.212938374245,204.46541377305,1.54653509627418,0.762823529996432,51454,254.103372257453,0.717538026176159,0.985579352431298,0.828245345807663,0.803583096769797,0.00623546573541263,0.00160387985000426,0.645745793414136,0.99866853278638,BARBUNYA
50798,900.901,308.394057454167,210.46704396832,1.46528431073792,0.730921624279929,52164,254.31874172671,0.738622153720883,0.973813357871329,0.786506542802842,0.824655130601879,0.0060709881777662,0.00173192312499858,0.680056084428002,0.996475510934215,BARBUNYA
50948,884.692,313.556494414057,208.192187894484,1.50609154735899,0.747758978922263,52063,254.693950311285,0.719604519774011,0.978583639052686,0.817999058799967,0.812274517825667,0.00615444167413945,0.00165264562807408,0.65978989230892,0.993703979839361,BARBUNYA
50978,881.559,323.106234627496,201.10068850986,1.60668885333853,0.782700884464687,51805,254.76892571801,0.708913920178,0.984036289933404,0.824308711900926,0.78849894683007,0.00633815046936907,0.00151128641454739,0.62173058915213,0.998927607370326,BARBUNYA
51015,859.253,327.857509616792,198.507869032249,1.65160963751784,0.795868169393932,51718,254.861365009811,0.777418814099145,0.986407053637032,0.868291682344651,0.777354056363387,0.00642668841746138,0.00144757969914084,0.604279328944611,0.998033563437735,BARBUNYA
51107,886.653,317.360343865815,206.249220862539,1.53872263147762,0.76002853159685,51979,255.09106886126,0.715884577671943,0.983223994305393,0.816926297908776,0.803789993903953,0.00620972359688135,0.00159890409336305,0.646078354300116,0.994135385469407,BARBUNYA
51332,889.637,330.822804247538,198.618899020077,1.66561594027413,0.79971598495468,52283,255.651974978378,0.751687680299902,0.981810531147792,0.815027712393618,0.772776155984358,0.00644476747930216,0.0014177572264748,0.597182987257961,0.994677502837382,BARBUNYA
51512,887.745,276.65732205845,237.613608124156,1.16431598443593,0.512187977617836,52436,256.099815361897,0.742119518238921,0.982378518575025,0.821375616663363,0.925693249166167,0.00537073540259454,0.00243266275317739,0.856907991551815,0.997711671754666,BARBUNYA
51576,861.13,310.852530091913,211.42622146431,1.47026479468341,0.733073347435626,52274,256.258858889328,0.783948928408573,0.986647281631404,0.874017407436813,0.82437437074602,0.00602707713067924,0.00171705591364556,0.679593103142896,0.999181814260648,BARBUNYA
51674,910.012,318.885857430662,206.966320259455,1.54076207680025,0.760763262850134,52718,256.50220317698,0.797721413464656,0.980196517318563,0.784129343833609,0.8043699562084,0.00617110843810548,0.0015935522383045,0.647011026450704,0.996890052826846,BARBUNYA
51693,834.877,304.350303658459,216.79600524798,1.40385568133662,0.701850849378883,52208,256.549355458155,0.77645097332372,0.990135611400552,0.931958572453419,0.842941020180659,0.00588765023617239,0.00183362498893557,0.710549563503211,0.997509041595235,BARBUNYA
51695,880.771,306.328969536618,216.056112997146,1.41782134875612,0.708901517295816,52714,256.554318352049,0.773483556273753,0.980669271920173,0.837398907932522,0.837512425743267,0.00592569822103914,0.00179839186638567,0.701427063274371,0.994498264905713,BARBUNYA
51734,878.392,319.938759130505,206.311127957495,1.55075861538801,0.764312791908819,52632,256.651075601348,0.746522366522367,0.982938136494908,0.842576183820582,0.802188132187694,0.00618430353598224,0.00157970317311914,0.64350579942278,0.997922162507028,BARBUNYA
51782,858.661,311.328750301454,212.42636014856,1.4655843563093,0.731052054607491,52581,256.770111394368,0.713663551917087,0.984804397025542,0.882561968099447,0.824755539428151,0.00601229674986394,0.00171601521935379,0.68022169981742,0.996922282074529,BARBUNYA
51906,896.485,327.382503613562,202.813180073785,1.61420723985718,0.784997333205235,52774,257.077365415595,0.77632700677525,0.983552506916285,0.811598754249189,0.785250777234712,0.0063072188882511,0.00147928265699941,0.616618783147719,0.99535050398897,BARBUNYA
51932,897.618,313.761196050181,211.334636959283,1.48466527098742,0.739139387546824,52906,257.141743085767,0.726402954176691,0.981589989793218,0.809956708016528,0.81954603157696,0.00604176993087463,0.001681269571209,0.671655697873544,0.99718388869367,BARBUNYA
52104,906.358,316.915110919599,209.604091200234,1.51197006272579,0.75004327373188,53108,257.567220816005,0.774113032626137,0.9810951269112,0.797042325348978,0.812732532912732,0.00608235665053738,0.0016369756636624,0.660534170054745,0.9987078905302,BARBUNYA
52184,888.581,332.988203530549,200.193401229402,1.66333256483803,0.799096573926452,53114,257.764878139866,0.678154645873944,0.982490492148963,0.830525906793385,0.774096125348829,0.00638104023322377,0.00141335357004133,0.59922481128007,0.996710142261063,BARBUNYA
52187,975.927,311.193909848501,215.770798654694,1.44224293458039,0.720587065788946,53664,257.772287341161,0.709043232520855,0.972476893261777,0.688553244744173,0.828333329102271,0.00596305420599959,0.00173168567554702,0.686136104101652,0.989574948301125,BARBUNYA
52341,904.349,289.780513802324,230.420278186861,1.25761723786882,0.606406900255717,53407,258.152340704056,0.765723063418916,0.980040069653791,0.804229046269172,0.890854727658315,0.00553639620569581,0.00215097063483407,0.793622145791171,0.998072890901416,BARBUNYA
52545,911.562,315.915922063841,212.115266297697,1.48935966551537,0.741068445245506,53754,258.654928192194,0.748248462064252,0.977508650519031,0.794637095785015,0.818746097070487,0.00601229274077155,0.00166654425985862,0.670345171468156,0.998385060357655,BARBUNYA
52596,887.942,312.686680717279,214.514959347123,1.45764510628509,0.727565667063647,53574,258.780422549486,0.752920293174531,0.98174487624594,0.838288258372078,0.827602960112863,0.00594506579810783,0.00172038073149785,0.684926659587573,0.998379993512021,BARBUNYA
52655,915.993,310.996646534652,216.530092771709,1.43627448062169,0.717803495730428,53696,258.925526412577,0.740951818079478,0.980613081048868,0.788615250784711,0.832566940183152,0.00590630797710858,0.00175054185418739,0.693167709885937,0.99557909250015,BARBUNYA
52808,928.664,332.582478268763,202.732146208414,1.64050193562722,0.792732605319024,54100,259.301434393207,0.702682563338301,0.976118299445471,0.769471188694752,0.779660539373524,0.00629795633746332,0.0014354948019702,0.607870556656214,0.997212824805312,BARBUNYA
52836,932.617,321.661219914091,209.460328162068,1.53566655192676,0.75892072052587,53871,259.370169035738,0.715789473684211,0.98078743665423,0.763366575683757,0.80634578549758,0.00608791770599763,0.00158757341386859,0.650193525789709,0.998480449834587,BARBUNYA
52839,883.529,323.103741417964,209.239935305511,1.54417817490816,0.76198585823935,53489,259.377532381394,0.693015935471179,0.987847968741237,0.850595020686591,0.802768582137418,0.0061148723749118,0.00156649361405882,0.644437396466921,0.995126162718856,BARBUNYA
52855,898.174,322.048797637547,210.355978195155,1.53097050248208,0.757202285541535,53855,259.416800028404,0.706551525926718,0.981431621947823,0.823331976724695,0.80552016319082,0.00609306210647142,0.00158241733170478,0.648862733306965,0.993389704852862,BARBUNYA
52894,918.483,331.62482774479,203.507298976002,1.62954758582834,0.789564750692887,53879,259.512490025474,0.717888165038002,0.981718294697378,0.787905314774461,0.782548435200963,0.00626961144448878,0.00145032488470953,0.612382053435475,0.997905696780378,BARBUNYA
53202,897.65,301.895443109794,224.750629213615,1.3432462643869,0.667661347973427,54102,260.266959599178,0.751865460712267,0.983364755461905,0.829705086288641,0.862109599662039,0.00567451304668609,0.00193356281626615,0.743232961829441,0.998344899546609,BARBUNYA
53249,919.923,325.386628599228,208.917420517111,1.55748921173654,0.766655210848033,54195,260.381897446045,0.696684634707976,0.982544515176677,0.790712065502505,0.8002231024888,0.00611066177015958,0.00154565424119724,0.640357013756801,0.997349140586047,BARBUNYA
53363,904.64,327.087831907298,208.048585501421,1.57217041932287,0.771636832704202,54318,260.660472311593,0.717244623655914,0.982418351191134,0.819404844902316,0.796912776582493,0.00612948732093957,0.00152492004331653,0.635069973480418,0.998438226506069,BARBUNYA
53364,919.64,314.3128688475,216.935731140989,1.44887551347281,0.723627793379236,54228,260.662914633531,0.766525898474533,0.984067271520248,0.792907514935896,0.829310347964151,0.00588997955264785,0.00171854887425344,0.68775565324042,0.996472325232541,BARBUNYA
53368,951.913,321.017057296052,212.324429527238,1.51191767245451,0.750023063877963,54618,260.672683692454,0.706383767256555,0.977113772016551,0.740110006231397,0.812021285996816,0.00601515997032027,0.00161323115154427,0.659378568911924,0.996926111175699,BARBUNYA
53524,919.534,324.563845505867,210.515839457121,1.54175498785675,0.761119658756972,54727,261.053391842368,0.789090372991302,0.97801816288121,0.79546823523852,0.804320615056458,0.00606389368331714,0.00156548222547475,0.646931651804799,0.997410100972453,BARBUNYA
53525,959.13,319.992869059067,213.404961512477,1.49946311834159,0.745142424352627,54660,261.055830488326,0.782872604943689,0.979235272594219,0.731158594874689,0.815817650111879,0.00597838148639079,0.00163356257456544,0.665558438234068,0.997980331233017,BARBUNYA
53552,937.555,336.496246837451,203.603835807959,1.65270092040327,0.796172160433366,54684,261.12166532032,0.689214929214929,0.979299246580353,0.765582593273564,0.776001717030914,0.00628354210556938,0.00140551349931384,0.602178664834927,0.995221233619897,BARBUNYA
53755,929.598,325.297157006932,210.939447969541,1.54213524373073,0.761255921580687,54945,261.616115190251,0.719111194349315,0.978341978341978,0.781696862559383,0.804237324412509,0.00605147720224969,0.00156162971083509,0.646797673978191,0.997449488604824,BARBUNYA
53874,913.878,326.255827189707,210.64975758952,1.54880703838958,0.763626518148529,54878,261.905531123461,0.736587366694012,0.981704872626554,0.810611276205802,0.80276123611172,0.00605590502263999,0.00155133071116832,0.644425602203617,0.998090908411406,BARBUNYA
54113,872.821,327.629921924618,210.782840854933,1.5543481651341,0.765566724733223,54651,262.485831016179,0.717755199490662,0.99015571535745,0.892608672565425,0.801165624538323,0.00605455106766615,0.00153868931052687,0.641866357941881,0.99768379572827,BARBUNYA
54187,931.202,353.784850089149,195.561972296917,1.80906771359417,0.833333261609519,55164,262.66524553234,0.76913359450406,0.98228917409905,0.785266682271879,0.742443452471612,0.00652896174523685,0.00122370691203796,0.551222280117967,0.997198429975174,BARBUNYA
54230,940.76,337.980520104827,204.907322744154,1.64943114564445,0.795259167423121,55277,262.769443640215,0.78867381219005,0.981059029976301,0.770001873005281,0.777469197215019,0.00623235331190903,0.00140463858641709,0.604458352618167,0.99701243305334,BARBUNYA
54358,923.33,326.41776563517,214.264781646932,1.52343172371204,0.75440195376289,55744,263.079370481066,0.71404363760558,0.975136337543054,0.801234129597503,0.805959105715785,0.0060049627586587,0.0015629392809086,0.649570080086187,0.989575666777468,BARBUNYA
54424,899.296,324.826614624981,213.682776955559,1.52013474952423,0.75316083664676,55211,263.239033926708,0.748404840484048,0.985745594175074,0.845658461229741,0.810398600590727,0.00596844433751619,0.00158794567330943,0.656745891839408,0.998342251792368,BARBUNYA
54440,1027.543,334.137683876187,209.859680314589,1.59219571561007,0.778162098074338,55695,263.277725634704,0.72848922788706,0.977466558937068,0.647929823506929,0.787931856654216,0.00613772380375068,0.0014592904582961,0.620836610730561,0.988493391699072,BARBUNYA
54522,897.406,340.023916850033,204.449762722921,1.66311719965578,0.799037995294377,55225,263.47593145874,0.690492774914198,0.98727025803531,0.850753422141357,0.774874702637302,0.00623645348391535,0.00138689435642006,0.600430804787247,0.998586798644832,BARBUNYA
54543,974.042,335.904665604679,207.493340207108,1.6188696238125,0.786402070624746,55730,263.526667509173,0.671158034626601,0.978700879239189,0.722426249972135,0.784528154840556,0.00615852933657259,0.00143909980143858,0.615484425737527,0.996389040756162,BARBUNYA
54614,925.529,339.952292893806,205.370603803735,1.6553113571146,0.796896426069306,55585,263.698131385428,0.769753347427766,0.982531258433031,0.801186803870956,0.775691580547161,0.00622463640996458,0.00139011286246352,0.601697428131753,0.995996586333135,BARBUNYA
54631,893.756,303.911456673638,229.354289056374,1.325074224354,0.656099145642375,55557,263.739169575599,0.7562430786268,0.983332433356733,0.859431116213356,0.867815818667281,0.00556298542354411,0.00194624689939332,0.753104295129164,0.997919089725941,BARBUNYA
54677,911.022,308.853903440511,226.398570903502,1.36420429779194,0.680198423502761,55858,263.850182087268,0.753012628940519,0.978857101937055,0.827859834546932,0.85428799554767,0.0056486987845074,0.00185586078148555,0.729807979336856,0.995607181974194,BARBUNYA
54692,881.807,330.726846558792,211.999211384513,1.56003809824999,0.767532538367427,55278,263.886371722102,0.678224206349206,0.989399037591809,0.88386631955515,0.797898248865601,0.00604707903457163,0.00151187350162941,0.636641615542793,0.993185175178177,BARBUNYA
55059,944.732,344.327691103964,204.947501620412,1.68007752415397,0.803569727571328,55970,264.770270411112,0.732859481691491,0.983723423262462,0.775212793327392,0.768948525639109,0.00625379485831498,0.00134869102695519,0.591281835082559,0.993399321562724,BARBUNYA
55100,948.328,300.645957035573,235.380298338306,1.27727749160834,0.622128398325147,56772,264.868833415537,0.787457840278969,0.970548862115127,0.769917720883358,0.880999152715022,0.005456369456181,0.00202761499731584,0.776159507084586,0.991371068296964,BARBUNYA
55327,885.816,325.340383498232,217.253001326771,1.49751847620686,0.744366418983097,55918,265.413873585317,0.79301398922142,0.989430952466111,0.88605349957688,0.815803653796207,0.00588031853341464,0.00160665710635231,0.665535601547241,0.996651859890436,BARBUNYA
55377,921.337,322.96269483396,219.599863815335,1.47068713624315,0.733254518549173,56515,265.53377613554,0.714025994120378,0.979863752985933,0.819789334517141,0.822180952732189,0.00583207278895497,0.00164388844914159,0.67598151903561,0.994157324383772,BARBUNYA
55387,883.864,328.456822846746,215.232414182875,1.52605649150814,0.75538283311386,55945,265.55775014909,0.802640350114483,0.990025918312628,0.890936631966522,0.808501244843972,0.00593021508380569,0.00156305039153526,0.653674262914252,0.997543852252095,BARBUNYA
55429,911.762,327.824858335283,215.909779540606,1.51834186961239,0.752481661281077,56253,265.658417380525,0.728763196991809,0.98535189234352,0.837884066311274,0.810366909725996,0.00591432027161382,0.00157329947192232,0.65669452837886,0.997086797982985,BARBUNYA
55434,925.422,330.59175737562,213.772573850415,1.5464647846124,0.76279860927255,56460,265.670399033933,0.718876439464675,0.98182784272051,0.813404258965234,0.803620759159088,0.00596370020881805,0.001534264209246,0.64580632455143,0.998716738598749,BARBUNYA
55596,947.733,314.76144940341,225.636431996672,1.39499391396179,0.697228444064788,56806,266.058312647991,0.770262406827565,0.978699433158469,0.777824116376127,0.845269689640426,0.00566158445577758,0.00178278485831736,0.714480848224821,0.996696434915883,BARBUNYA
55607,898.497,311.419759143838,228.71986515003,1.3615772243463,0.678671060984914,56424,266.084631957744,0.756506360111557,0.985520345952077,0.865577715253913,0.854424371431249,0.0056003697222263,0.0018411576300838,0.730041006495684,0.99400720728337,BARBUNYA
55619,932.404,311.924032490635,228.315710744879,1.36619609519198,0.681348307528806,56806,266.113340963254,0.744564926372155,0.979104319966201,0.803942122880024,0.853135101000092,0.0056082279884686,0.0018326379100138,0.727839500558438,0.994371483589419,BARBUNYA
55643,949.05,347.702205014584,205.580852599895,1.6913160959172,0.806484280399305,56777,266.170749684669,0.799135417713884,0.980027123659228,0.77632257252862,0.76551355109613,0.00624880407265216,0.00132369583530808,0.586010996911808,0.991129831461424,BARBUNYA
55660,936.905,325.913361046584,217.966420674381,1.49524573573406,0.743454613645634,56773,266.211406705196,0.705449936628644,0.980395610589541,0.796823167597523,0.816816487210983,0.00585543228614057,0.00160781733538789,0.66718917377969,0.997611767022013,BARBUNYA
55676,934.071,333.102779952971,215.622860779896,1.54483981312629,0.762221490767393,57508,266.249666464908,0.799356793154441,0.968143562634764,0.801896120854314,0.799301844621347,0.0059828791571408,0.00150637553832862,0.638883438815088,0.986972572228582,BARBUNYA
55699,948.396,317.463903549255,223.77110151035,1.41869929319078,0.709335508004519,56924,266.304655239453,0.736759259259259,0.978480078701427,0.778176004361672,0.838850188201429,0.00569963380939074,0.00174086198568674,0.703669638245574,0.998295618418805,BARBUNYA
55721,916.614,342.891292588124,207.194889891123,1.65492157054793,0.796788539166959,56533,266.357242575057,0.7972899496337,0.985636707763607,0.833404408681045,0.776797919144018,0.0061537174958835,0.00138213203033996,0.603415007186476,0.998604511385236,BARBUNYA
55773,968.988,347.920242568095,204.491191212709,1.70139476671243,0.809040374098274,57047,266.481498660816,0.765376698229724,0.97766753729381,0.746443726057269,0.765926974222145,0.00623814825395971,0.00132429553033238,0.586644129841091,0.998113252434199,BARBUNYA
55796,900.322,330.201768737984,215.517497300257,1.53213438757573,0.757630025721867,56573,266.536439606376,0.770131124913734,0.986265533028123,0.865002184994414,0.807192646559907,0.00591801865255545,0.00154976154332847,0.651559968660388,0.998277433552346,BARBUNYA
55805,934.264,333.924043339969,213.197842812854,1.56626370574063,0.769653271847201,56596,266.557935154716,0.709373569939493,0.986023747261291,0.803422051258418,0.798259186396268,0.00598376567225104,0.00149875291630038,0.637217728666031,0.998051001064085,BARBUNYA
55912,901.128,348.395910397131,204.754172827145,1.70153265052747,0.809074973273042,56502,266.813360657281,0.771157453381882,0.989557891756044,0.865250627142772,0.765833790509036,0.00623114734577784,0.00132216568699361,0.586501394685439,0.997951272637171,BARBUNYA
56155,934.742,344.514405984738,208.190092536487,1.6548069208642,0.796756788612206,57050,267.392532869942,0.7700165919344,0.984312007011394,0.807634349690661,0.776143256203306,0.00613506198886543,0.00137330269145236,0.60239835414987,0.99685296556441,BARBUNYA
56235,1023.117,321.725234316306,223.769595931442,1.43775222445714,0.718496924224417,57765,267.582932561443,0.746971468041018,0.973513373149831,0.675096663606611,0.831712604484009,0.00572108534393716,0.00168869540604772,0.691745856457574,0.994559143880888,BARBUNYA
56247,944.16,325.140829960492,221.055522928437,1.47085594448482,0.733326875760537,57246,267.611480831295,0.776356107660456,0.982548999056703,0.792899297781444,0.823063288802619,0.00578058971963823,0.00163638252814679,0.677433177374583,0.996406615932646,BARBUNYA
56248,925.453,330.37644384262,218.051018768525,1.51513368618257,0.751258775858584,57157,267.613859716315,0.825295282811239,0.984096436132057,0.82529309928654,0.810027060657499,0.00587356783961421,0.0015598393156584,0.656143838997427,0.994145633446153,BARBUNYA
56277,944.618,335.312633855281,213.921529660294,1.56745622746694,0.770055958425772,57408,267.68283818553,0.698243132583935,0.980298913043478,0.792553098623126,0.798308238815304,0.0059582535290666,0.00149272974557844,0.637296044160393,0.998933653159254,BARBUNYA
56322,911.589,326.836610113348,219.970201224243,1.48582220816429,0.739616971897508,57129,267.789838564823,0.735802469135803,0.985874074463057,0.851706144325494,0.819338563302173,0.00580300078323475,0.00161319168920864,0.67131568131407,0.997455747985383,BARBUNYA
56385,908.18,319.688197415208,224.844050673777,1.42182190926207,0.71087045783174,57282,267.939567309295,0.735789226432822,0.984340630564575,0.859072034424906,0.838127805391882,0.00566973835976249,0.00172577342196466,0.702458218171012,0.998770484936743,BARBUNYA
56430,946.46,330.943284648782,217.743578027845,1.51987621240642,0.753063084140157,57314,268.046465205951,0.716571428571429,0.984576194298077,0.791617498983491,0.809946832704035,0.00586466922999792,0.00155685917793285,0.656013871807298,0.997059878768546,BARBUNYA
56506,911.91,311.907833590653,231.323923319446,1.34835960377486,0.670795996136301,57392,268.226907141705,0.749476085630156,0.984562308335657,0.853887139710474,0.859955660792173,0.00551990644516783,0.00186215453245515,0.739523738528504,0.997143935064394,BARBUNYA
56521,936.644,346.83237092046,208.222924925976,1.66567812378854,0.799732811152559,57353,268.262506340294,0.814893310265283,0.985493348211951,0.809600169008086,0.773464442284757,0.00613634526849242,0.00135472443082207,0.59824724347887,0.996487346079548,BARBUNYA
56545,975.553,339.566056117858,212.589155719497,1.59728775895748,0.77977387010694,57685,268.319455233961,0.792024428165226,0.980237496749588,0.746624668353217,0.790183383762102,0.00600523576121423,0.00144418023415536,0.624389779973726,0.997330152370186,BARBUNYA
56546,951.015,315.493637343055,229.124161727069,1.37695490063099,0.687441033443752,57830,268.321827842229,0.768225416406271,0.977796991181048,0.785664298889908,0.850482533029552,0.00557941564996738,0.00180065318481015,0.723320538988362,0.995979760887075,BARBUNYA
56567,915.89,326.441956349408,220.98322725789,1.4772250382987,0.736033668985681,57388,268.371647770464,0.723076529764416,0.985693873283613,0.847395934857455,0.822111381673046,0.00577089038395899,0.00162609244145395,0.675867123876365,0.998407837953098,BARBUNYA
56644,961.412,343.122767791233,210.502001786091,1.63002140065114,0.789703359953562,57622,268.554241768732,0.795673549655851,0.983027315955711,0.770095704694894,0.782676834584551,0.00605753067917578,0.00140218496062448,0.612583027395293,0.998523444329992,BARBUNYA
56724,929.168,347.065598504667,209.203279590957,1.6589873695253,0.797909439599238,57657,268.743818413666,0.733237677899717,0.983818096675165,0.825635243677506,0.774331479615234,0.00611849655356934,0.00135685095316733,0.599589240323118,0.994710976599323,BARBUNYA
56778,908.906,315.944478837902,229.552820758537,1.37634762140536,0.687102354498371,57545,268.871707085318,0.759226572528883,0.986671300721175,0.863678311403283,0.851009354790038,0.00556455808302339,0.00180031201205127,0.724216921940157,0.996774237893845,BARBUNYA
56823,948.496,313.260983697227,231.283380608805,1.35444657922516,0.674462696486296,57838,268.978234529276,0.766035751840168,0.982450983782289,0.793712126096105,0.858639436532094,0.00551292581696191,0.00184843948367588,0.737261681968151,0.998581563135552,BARBUNYA
56857,952.885,328.132375655526,221.256783017956,1.48303871718543,0.738465529206209,57866,269.058693959157,0.794047818557623,0.982563163170083,0.786887821586927,0.819969969198087,0.00577118693662216,0.00160929881867854,0.672350750386712,0.997122194352173,BARBUNYA
56893,938.275,339.613455288299,214.159517002728,1.58579669977484,0.776109749427963,58014,269.143860079731,0.716419226071298,0.980677077946703,0.812097940794247,0.792500579375613,0.00596933639091451,0.00145245996240364,0.628057168310682,0.995970984777009,BARBUNYA
56928,935.66,324.039442117598,224.150718943309,1.44563195534319,0.722147601879562,57936,269.226634645763,0.77012987012987,0.982601491300746,0.817146007929825,0.830845260337345,0.00569209250487629,0.00167314006524161,0.690303846625031,0.997925299577468,BARBUNYA
56970,998.315,322.694169765094,225.93587587981,1.42825555484936,0.713991063485157,58070,269.325930544317,0.777991724363964,0.981057344584123,0.718324849155827,0.834616661157446,0.00566428242522545,0.00169540266976629,0.696584971081603,0.994901354371883,BARBUNYA
56988,902.722,345.58503758315,211.001602843359,1.63783133836998,0.79196732135193,57852,269.368474724433,0.757718388512166,0.985065339141257,0.878790242828215,0.779456415729866,0.00606417206399856,0.00138076135206609,0.607552304022449,0.995068203226855,BARBUNYA
57103,919.308,354.546049867856,205.552263021303,1.72484624910752,0.814786004098919,57779,269.640126322126,0.676639965873543,0.988300247494765,0.84907628361305,0.760522156212499,0.00620888657107079,0.00128127092740218,0.578393950090109,0.997640635319406,BARBUNYA
57105,953.054,346.273401807807,210.218988450923,1.64720325389943,0.794633369186851,58126,269.644848276583,0.69606289614822,0.982434710800674,0.790039822959788,0.778705054644205,0.00606380180032934,0.00137536109538694,0.606381562128435,0.998833682242578,BARBUNYA
57132,914.731,335.239603458886,217.507884030528,1.54127564135484,0.760947708759809,57887,269.708586570412,0.719329170024174,0.986957347936497,0.85803004724299,0.804524834738056,0.00586780794403988,0.00151639894183641,0.647260209710296,0.997606394844703,BARBUNYA
57187,898.194,326.175693852026,224.483617345391,1.45300444508684,0.725493384209088,57817,269.838377264558,0.691917725347852,0.989103550858744,0.890772660136734,0.8272792312568,0.00570366855844906,0.00164794430371737,0.684390926468841,0.994423058336328,BARBUNYA
57200,956.741,352.786447017608,206.903795368741,1.70507479763181,0.809960425013723,58277,269.869045944234,0.737893134497794,0.981519295777065,0.785266592562465,0.764964323957617,0.00616759522758056,0.00130274780852559,0.585170416927934,0.997759330223518,BARBUNYA
57208,929.814,345.440274991363,212.410923759339,1.62628300314133,0.78860577145532,58161,269.887917245677,0.79978749877672,0.983614449545228,0.831523384401601,0.781286771649383,0.0060383211262649,0.00138783505452913,0.610409019554315,0.992697813465348,BARBUNYA
57271,990.081,355.80436917194,206.040035299698,1.72687006510361,0.815269044825087,58861,270.036482658413,0.669640456007016,0.972987207149046,0.734181061809315,0.758946505594819,0.00621264460498228,0.00127145483007371,0.575999798354587,0.994676809284253,BARBUNYA
57343,1021.149,341.512206190043,215.646133423198,1.58366950878659,0.7754207669792,58908,270.206171679606,0.675290875688916,0.973433149996605,0.691054089451545,0.791205019270211,0.00595560410494818,0.00143966590006229,0.626005382518375,0.991385636630634,BARBUNYA
57351,952.862,329.425015075134,222.744809682911,1.47893464069528,0.736752607905899,58282,270.225019437702,0.724256813073018,0.98402594282969,0.793762986139103,0.820292956125599,0.00574401518849077,0.00160424713152488,0.672880533869274,0.995146330588802,BARBUNYA
57433,975.96,340.433375227623,217.332138363482,1.56641984839931,0.769706061883908,58982,270.418133217384,0.698392431538499,0.973737750500153,0.757717520561244,0.794334965062032,0.00592748724997167,0.00145567730211855,0.630968036720099,0.988360856423906,BARBUNYA
57516,957.43,340.922520393853,215.489180255854,1.58208648800404,0.774905833293745,58509,270.613461703197,0.69026102610261,0.983028252063785,0.788468733307267,0.793768218628001,0.00592743793716275,0.0014515152521674,0.63006798490387,0.996822045440344,BARBUNYA
57563,986.047,343.635912380558,213.958916035864,1.60608362926534,0.782514322874652,58779,270.724006902953,0.710926403932369,0.979312339440957,0.743974502567508,0.78782221866014,0.0059697359828459,0.00141856025203525,0.620663848214586,0.996838045894273,BARBUNYA
57583,926.308,332.545273416084,220.723073123127,1.50661763045759,0.747964781748452,58564,270.771033724963,0.718082055119092,0.983249095007172,0.843321789582262,0.814238106419186,0.00577505988600948,0.00156582040766349,0.662983693945102,0.998862922003591,BARBUNYA
57641,938.653,333.543181488051,223.854472400308,1.49000007867429,0.741329809709038,59171,270.907365344834,0.779775432900433,0.974142738841662,0.822112450905639,0.812210773238486,0.00578656132766695,0.00155337140358323,0.65968634016466,0.982932698745697,BARBUNYA
57716,909.091,335.901170004058,219.513940321452,1.53020427546501,0.756920023706522,58301,271.083554580381,0.776504143795071,0.989965866794738,0.877589406599918,0.807033671770499,0.00581989690907301,0.0015228659454622,0.651303347371374,0.99662716677235,BARBUNYA
57744,947.678,342.460538549098,215.38625847019,1.5899832281849,0.777455903363874,58657,271.149302546009,0.720880876881975,0.98443493530184,0.807969805680202,0.7917680200317,0.00593066878894947,0.00143772312698533,0.626896597544918,0.996755075902596,BARBUNYA
57761,910.99,330.281337313971,223.645530037928,1.47680723713977,0.735857484267052,58490,271.189213176792,0.791268253924765,0.987536330996752,0.874615859183576,0.821085488457362,0.00571806820023841,0.00160318115897366,0.674181379355265,0.995635940176724,BARBUNYA
57779,949.15,329.233042390183,223.891448209594,1.47050298268639,0.733175547220263,58873,271.23146509071,0.716443265093556,0.981417627775041,0.80595386250786,0.82382820120851,0.00569814365756041,0.00161904818942735,0.67869290510645,0.998019941287125,BARBUNYA
57812,906.071,289.548557889267,254.931012823278,1.13579181552927,0.474151928780537,58725,271.308909843059,0.769390471120575,0.984452958705832,0.884918749822687,0.937006600277446,0.00500845080414563,0.00238151748952872,0.877981368963497,0.997204053055925,BARBUNYA
57812,941.036,343.090120788504,215.465538703857,1.59232015872412,0.778201712145396,58931,271.308909843059,0.783211856829328,0.981011691639375,0.82038060045069,0.790780303494388,0.00593458314516889,0.001431506602893,0.625333488394677,0.995731119496121,BARBUNYA
57929,917.333,330.453531175228,223.887037388317,1.47598331296902,0.735509476956701,58707,271.583308741468,0.79915296324909,0.986747747287376,0.865071215546201,0.821850224373776,0.00570445771850416,0.00160533191729607,0.675437791303227,0.996934908912214,BARBUNYA
57949,929.665,317.018812912238,233.238583685885,1.35920398718929,0.677280670800881,58918,271.630186794211,0.774646757656369,0.983553413218371,0.842563900729924,0.856826711004712,0.00547065200283418,0.0018188246846467,0.734152012691152,0.997862342852856,BARBUNYA
57995,929.11,324.569676527941,229.352384202542,1.41515719427321,0.70757796833868,58998,271.737975625263,0.74600275273022,0.982999423709278,0.844240433194616,0.837225394966524,0.00559651136353032,0.0016961596388976,0.700946361976853,0.991949286951177,BARBUNYA
58003,934.279,338.040885713621,219.055694779357,1.5431732375372,0.761627245117074,58862,271.756717144717,0.816207925250479,0.985406544120145,0.835039743420334,0.803916711349945,0.00582798968525112,0.00150156025252688,0.646282078787711,0.997325207885106,BARBUNYA
58043,953.88,332.991962480396,223.079921765741,1.4927025249277,0.742428018404105,59165,271.850405361226,0.771745778486903,0.981036085523536,0.801626801966345,0.816387288558747,0.0057369874486225,0.00157198572653622,0.666488204920302,0.994868626319065,BARBUNYA
58078,935.784,352.712324322384,211.088150697438,1.67092431838082,0.801144357441478,58934,271.932356072478,0.722120680865878,0.985475277428988,0.833432219346848,0.770974920127621,0.00607307972592693,0.0013235786336859,0.594402327465791,0.993201303864748,BARBUNYA
58153,989.011,324.226280423979,229.360877945713,1.41360760094718,0.706803540608876,59388,272.107881629665,0.742050326663944,0.979204553108372,0.747101733637157,0.839253009576645,0.00557540076047631,0.00170619035253652,0.704345614083456,0.995668313762182,BARBUNYA
58191,959.247,341.437891043224,217.441200423203,1.57025389106888,0.770996245270915,59272,272.196771376304,0.715650826446281,0.981762046160076,0.794702877005154,0.797207276979828,0.00586753778149927,0.00146191012765793,0.635539442469592,0.997958282465626,BARBUNYA
58208,941.588,331.755113248805,224.131449681034,1.48018099968091,0.737274729836675,59272,272.236528445292,0.788982867057038,0.982048859495209,0.825031843745953,0.820594823028769,0.00569947624465374,0.00159415226898565,0.673375863581617,0.996718158917234,BARBUNYA
58260,952.149,319.515904092744,232.967057386248,1.37150680305414,0.684380468516288,59309,272.358102277627,0.73540178233319,0.982312971049925,0.807552029764259,0.852408593090164,0.00548431005995097,0.00178604764236578,0.726600409573953,0.996537404832601,BARBUNYA
58294,917.877,342.575826361371,218.133290158361,1.57048851238005,0.771074820580798,59011,272.437563527483,0.703269393171673,0.987849722933013,0.869490308447737,0.795262077949712,0.00587669102071175,0.00144995229801021,0.632441772624894,0.993242538656672,BARBUNYA
58299,913.932,348.271899412696,213.733865455705,1.62946521680193,0.789540639727465,58881,272.44924705074,0.719119279634883,0.990115657003108,0.877088065954135,0.782288917108104,0.00597389148034607,0.00138008489301191,0.61197594983017,0.997193523767587,BARBUNYA
58322,978.773,374.004161691076,198.838222578076,1.88094701733828,0.8469659829868,59273,272.502984805753,0.726482311908321,0.983955595296341,0.765029727706133,0.728609498818458,0.00641274581960626,0.00111481577162998,0.530871801768485,0.99854173212543,BARBUNYA
58360,1017.74,343.405878750112,217.043367552225,1.58219936698818,0.774942613716273,59984,272.591745712786,0.737716315463475,0.972926113630302,0.708029673904468,0.793788815453401,0.00588426797035833,0.00144109332492543,0.630100683538913,0.996944902634087,BARBUNYA
58361,919.022,328.538573728517,227.154030120051,1.44632509295514,0.722465006015852,59350,272.594081135833,0.717159428838261,0.983336141533277,0.868321937122953,0.829717125883327,0.00562941988191629,0.00164574908585823,0.688430508984089,0.995694319899565,BARBUNYA
58469,951.946,358.076338254563,209.119828240556,1.71230218228115,0.811747134020749,59369,272.846189163639,0.705840455840456,0.984840573363203,0.810794704376252,0.761977712611849,0.0061242083540776,0.00127349954756223,0.580610034517186,0.994179829158109,BARBUNYA
58481,926.502,348.739478814098,214.498943142398,1.62583308665807,0.788473062454187,59402,272.874186788815,0.697447823494335,0.984495471532945,0.856114656192943,0.782458549622011,0.0059632954090063,0.00137883229772822,0.612241381876581,0.995402295676202,BARBUNYA
58525,962.837,317.819321663203,235.436986815659,1.34991245836852,0.671738034410849,59543,272.976820180076,0.765312794225337,0.982903112036679,0.793315143052183,0.85890567870934,0.00543048819586849,0.00182305819897561,0.737718964919152,0.995856021519093,BARBUNYA
58531,972.953,343.396528719518,219.796149350719,1.56234096791011,0.768320641823743,60295,272.990812652906,0.684573099415205,0.970743842773033,0.776984016782883,0.79497254579379,0.00586691716730481,0.00144543391954462,0.63198134856586,0.987370351819524,BARBUNYA
58635,926.523,353.294517548406,211.927699146049,1.66705210773291,0.800104026234352,59458,273.233234994476,0.728204172876304,0.986158296612735,0.858330181852241,0.773386569626116,0.00602531794232807,0.00132967724074619,0.598126786078052,0.997108519422925,BARBUNYA
58641,910.692,344.153555924173,217.283775777593,1.58388979891643,0.775492274762003,59181,273.247214336788,0.704904435629282,0.990875449891012,0.888522006472169,0.793968882881432,0.00586882140352608,0.00143861499939491,0.630386586983989,0.998462884497683,BARBUNYA
58778,968.674,329.370046870347,227.650499310097,1.44682330093066,0.722692779564283,59726,273.566214947028,0.719304901180934,0.984127515654824,0.787171537310469,0.830574053549909,0.00560362800487167,0.00164498711201326,0.689853258430328,0.998095768519939,BARBUNYA
58835,921.619,349.560119019956,214.554191973958,1.62923928823719,0.789474483627064,59540,273.698828303106,0.775164690382082,0.988159220691972,0.870447901737205,0.782980704636623,0.00594136345746504,0.00137743185414647,0.613058783833262,0.998819456620058,BARBUNYA
58836,962.165,327.389495156372,229.899974406287,1.42405189910025,0.711958445079763,60103,273.701154279696,0.709380274897516,0.978919521488112,0.798645214419836,0.836010801595718,0.00556444175600605,0.00167667511487082,0.698914060384715,0.995289894998721,BARBUNYA
58851,931.858,324.480067392397,231.751590188782,1.40012013349328,0.699916757874424,59915,273.736041556842,0.725829725829726,0.982241508804139,0.851656047943503,0.843614351280969,0.00551358630086824,0.00172262115458444,0.71168517368721,0.996444740388121,BARBUNYA
58857,953.918,319.230062444122,235.883923066127,1.35333539604829,0.673798509030211,59856,273.74999522279,0.771945701357466,0.983309943865277,0.812804123722717,0.857532004119152,0.00542382490517903,0.00180920080918051,0.735361138088609,0.995190257053672,BARBUNYA
58859,934.994,327.000250291868,230.347239692087,1.41959699942131,0.709778161538473,59798,273.75464628672,0.740346154813715,0.984297133683401,0.846067660887373,0.837169531345548,0.00555565419548187,0.00168332752179165,0.700852824213324,0.994928566289183,BARBUNYA
58879,953.706,346.418522899358,218.836349764669,1.58300265596592,0.77520407942818,60225,273.801152580594,0.751793968181006,0.977650477376505,0.813469472481897,0.790376768219577,0.00588356668590427,0.00141630604451387,0.624695435741223,0.988894533948142,BARBUNYA
58891,981.815,347.19693278773,216.402064068119,1.60440675223153,0.781996085345234,60173,273.829052565644,0.758601589571177,0.978694763432104,0.767714011871827,0.78868511414258,0.00589558562068448,0.00140708809731382,0.622024209270095,0.997979841404418,BARBUNYA
58910,993.443,358.499458955432,209.888390246337,1.70804806561562,0.810698681474518,60140,273.873221729231,0.761209458586381,0.979547721982042,0.750089314637287,0.763943194021049,0.00608554505101735,0.00127856705295002,0.583609203691082,0.996832571440027,BARBUNYA
58932,928.906,341.43292342342,220.076298203469,1.55142978235554,0.764548068179121,59770,273.924356073593,0.719086316714254,0.985979588422285,0.858257303901546,0.802278682814346,0.00579367615936028,0.00148059060877678,0.643651084898323,0.99857946255671,BARBUNYA
58947,930.106,324.875861086214,231.891846501233,1.40098009476364,0.700363850941696,59792,273.959214927156,0.776047289291451,0.985867674605298,0.856262016839438,0.843273532269158,0.00551132137489972,0.00171913260232084,0.711110250225703,0.996251305748605,BARBUNYA
58962,931.901,335.844086978111,224.666620649266,1.49485529273353,0.743297439356373,59755,273.994069345807,0.700128241664292,0.986729144004686,0.853183631693864,0.81583711004465,0.00569594123296549,0.00155653570561269,0.665590190126007,0.994961018501377,BARBUNYA
58984,924.535,349.139239490585,215.54298533799,1.61981258143522,0.786684399066414,59646,274.045181141101,0.684777561066221,0.988901183650203,0.867156275240054,0.78491658955593,0.0059192194407057,0.00138592023648448,0.616094052560112,0.997956897684283,BARBUNYA
59100,1057.719,351.931262247399,215.127184164561,1.63592185531602,0.791417385751034,60703,274.314522207353,0.778707424731537,0.973592738414905,0.663829783185565,0.779454830058592,0.0059548436928494,0.00135585716158868,0.607549832101669,0.993904048528698,BARBUNYA
59135,1064.665,343.159616042511,219.860232403003,1.56080802922786,0.767796507590251,61028,274.395736989323,0.693584330283838,0.968981451137183,0.65558424902297,0.799615468025617,0.00580298665836663,0.00146337651664295,0.639384896705826,0.997957080545479,BARBUNYA
59151,931.54,305.938941020843,247.631523203349,1.23546040125761,0.587237255737441,60079,274.432855741855,0.797699320315029,0.98455367099985,0.856581990157826,0.897018388133724,0.00517216853511932,0.00206565512049395,0.804641988650024,0.994103314166278,BARBUNYA
59162,930.748,355.312432151804,212.571334357389,1.67149739745449,0.801297596162609,59888,274.458371972184,0.806549242011124,0.987877371092706,0.858199955701285,0.772442355337919,0.00600575423670268,0.00131889929707672,0.596667192319992,0.997327659109345,BARBUNYA
59167,962.152,361.677785840027,210.693453759073,1.71660665951968,0.812798713194472,60797,274.469969474523,0.702862912805892,0.973189466585522,0.803159941676599,0.758879810207427,0.00611282954755231,0.00125058738472559,0.575898566340461,0.988591314187873,BARBUNYA
59244,934.803,340.330062031548,222.213422041847,1.53154592960392,0.757413913216703,60023,274.648509168155,0.704455463204081,0.987021641704013,0.851949872661342,0.807006314777727,0.00574454901815455,0.0015029461996709,0.651259192091128,0.997433364764301,BARBUNYA
59255,922.943,329.275234476421,229.549008320521,1.43444416024944,0.716940713721204,60140,274.674005365055,0.747659424130012,0.985284336548055,0.874148277079141,0.834177540870369,0.00555691898534167,0.00165976957526632,0.695852169692536,0.99816108121236,BARBUNYA
59295,964.167,350.03022804377,216.352452039416,1.61787039963846,0.786102245724851,60252,274.766698864821,0.776722556981923,0.984116709818761,0.80153669836562,0.78497991559307,0.00590319973090092,0.00138261549774917,0.616193467884504,0.996921172140909,BARBUNYA
59389,927.16,311.702777770075,242.821897575931,1.28366832185143,0.627002264899545,60205,274.984405598348,0.764366706565247,0.986446308446142,0.868173455355446,0.882200689918739,0.00524849345451304,0.00196102890446945,0.7782780572931,0.999050887739222,BARBUNYA
59403,960.008,348.68606208718,217.445112270757,1.60355897838258,0.781733331371773,60252,275.016815260273,0.730996886651982,0.985909181437961,0.809969262614004,0.788723281951866,0.00586983926884466,0.00140121447493981,0.622084415492923,0.997549049775554,BARBUNYA
59489,973.613,361.764663337636,210.160077612724,1.72137671172869,0.813953261556009,60627,275.215819452208,0.692497526337233,0.981229485212859,0.788630926990736,0.760759265189337,0.0060812026313711,0.00125648769144949,0.57875465957142,0.996254792790706,BARBUNYA
59508,928.142,343.741918244747,222.095662011479,1.54772009111543,0.76324289747499,60177,275.259766090324,0.783783783783784,0.98888279575253,0.868073237052343,0.800774509829601,0.00577639843793687,0.00146513575078541,0.641239815592838,0.992459745816185,BARBUNYA
59553,970.618,360.846453060074,211.189538065672,1.70863792006527,0.810844603592104,60682,275.363822256325,0.772532689912827,0.981394812300188,0.794359010423408,0.763105248565329,0.00605924895572136,0.00126746601072587,0.582329620387953,0.994990471372067,BARBUNYA
59582,943.815,331.552771625277,229.214824850084,1.44647176220877,0.722532093001975,60606,275.43085984401,0.743177169086464,0.983103983103983,0.840526074723861,0.830730078032053,0.00556464656482288,0.0016347716170951,0.690112462547141,0.9982281898228,BARBUNYA
59619,944.089,335.836774791918,226.706349333076,1.4813734850386,0.737772705376529,60673,275.516366877842,0.737539432176656,0.982628187167274,0.840559916820173,0.820387722721998,0.00563304944383364,0.00157398263151671,0.673036015592986,0.997017707975479,BARBUNYA
59632,925.853,346.443699743092,219.362460704465,1.57932081282511,0.77400165310958,60256,275.546403590479,0.793611924407772,0.989644184811471,0.8741886492447,0.795356947737288,0.00580969445504246,0.00143410639290976,0.632592674313976,0.999066776584759,BARBUNYA
59658,936.462,320.242870490623,237.98070602044,1.3456673687787,0.669151851191889,60741,275.606467195185,0.774678613167121,0.982170198054033,0.854866375935952,0.860617027236066,0.00536797865316677,0.00181647857613847,0.740661667568643,0.996684237352344,BARBUNYA
59678,971.509,347.244092842869,219.320419563794,1.5832729735494,0.775291956883066,60638,275.65266106226,0.764230557440869,0.98416834328309,0.794566897037031,0.79382966260277,0.00581862818530898,0.00142531107838781,0.630165533228027,0.997724057622281,BARBUNYA
59688,964.218,351.188398919904,217.140910619554,1.61732949317511,0.785939662887044,60632,275.675755093103,0.728044496487119,0.984430663675947,0.806763835013079,0.784979674559173,0.00588373540611017,0.00137805497635222,0.616193089471025,0.996587257092174,BARBUNYA
59787,1036.442,352.558867854851,216.600880886999,1.62768898450963,0.78901963234756,61185,275.904281701247,0.694100027862915,0.977151262564354,0.699401595194877,0.782576491069394,0.00589691517980248,0.00136430613861246,0.612425964374485,0.996838996040036,BARBUNYA
59802,1015.517,375.264008503973,206.271291095447,1.81927405656432,0.835382017455028,61962,275.938890434553,0.665361207846104,0.965139924469836,0.728704038952086,0.735319359654581,0.00627510799812671,0.0011316313456551,0.540694560682823,0.983671586775703,BARBUNYA
59829,976.903,359.840373729927,213.030615403036,1.68914863738782,0.805927523074731,60870,276.00117521844,0.674479166666667,0.982897979300148,0.787804979266422,0.767010028245437,0.00601448083253819,0.00128405041789625,0.588304383429066,0.993733547638492,BARBUNYA
59844,997.552,350.946618977097,217.979374746326,1.60999920008722,0.783716805545613,61098,276.035771803459,0.779980449657869,0.97947559658254,0.755717346383238,0.786546320372081,0.00586435764616498,0.00138451423695041,0.61865511409086,0.996034238816152,BARBUNYA
59921,1021.206,359.081476541564,213.15067270781,1.68463684388084,0.804760426090951,61108,276.2132993903,0.765274584929757,0.980575374746351,0.722041568503719,0.769221799048518,0.00599258150801162,0.00129419597715761,0.591702176131439,0.996803286515495,BARBUNYA
59936,922.98,295.432860448489,259.732600077665,1.13745005578872,0.476527657189308,60869,276.247869409425,0.834159104826588,0.984672000525719,0.884123712933899,0.935061417981942,0.00492913875548066,0.00232440262593886,0.874339855398401,0.994517917301208,BARBUNYA
59938,957.732,347.338032017328,220.193528001403,1.57742162165236,0.773377379713678,60922,276.25247841845,0.749225,0.983848199336857,0.821153058026271,0.795341865715035,0.00579495532078694,0.00143035958155073,0.632568683359073,0.997827518310767,BARBUNYA
59953,933.665,343.388397015717,223.778642452821,1.53450031357712,0.758495791223909,60713,276.287043535355,0.804986774440431,0.987482087855978,0.86424848326629,0.80459050432828,0.00572762659109163,0.00148065565798406,0.647365879655236,0.993383145330091,BARBUNYA
60024,959.984,356.164686207141,215.383528071102,1.65363010531411,0.796430431516795,60955,276.450593114183,0.717501225241163,0.984726437535887,0.818477618467018,0.776187544189606,0.00593370462160371,0.00132853304979662,0.602467103755092,0.996257740230819,BARBUNYA
60045,974.654,343.55084095548,223.52384313283,1.53697626231007,0.759396490097668,61177,276.498948395148,0.728171234537958,0.981496313974206,0.794302216072265,0.804826871115066,0.0057215561821214,0.00148082521654628,0.647746292468867,0.995570675524003,BARBUNYA
60045,956.542,356.439642126823,216.697469113934,1.64487219709712,0.7939753372147,61058,276.498948395148,0.807164941524398,0.983409217465361,0.824667017769879,0.775724458551579,0.00593620854570443,0.00132592467359608,0.601748435595141,0.989799271357137,BARBUNYA
60075,937.1,350.75123417832,218.612336329695,1.60444392145072,0.782007593803005,60993,276.568012702057,0.771706038768353,0.984949092518814,0.85966999279505,0.788501894654634,0.00583855570833658,0.00139218245401075,0.621735237873947,0.997539323158574,BARBUNYA
60110,949.622,345.910240485353,222.224371790931,1.5565810252837,0.766341327200614,61062,276.648565935251,0.727539003401072,0.984409288919459,0.837635465635284,0.799769806025633,0.00575462053710452,0.00145230044420672,0.639631742630279,0.995638633747438,BARBUNYA
60131,966.054,337.645617472886,227.581162100004,1.48362726667385,0.738709683876391,61175,276.696886618679,0.743606549267907,0.982934205149162,0.80966522028251,0.819489050945252,0.00561516717621337,0.00156212245431319,0.67156230461915,0.996348146403298,BARBUNYA
60155,959.281,352.887465760194,217.492232179702,1.62252905413478,0.78749441871431,61020,276.752099926168,0.681967621984401,0.985824319895116,0.821466599231216,0.784250297272492,0.00586630314620886,0.00136887260605082,0.615048528771991,0.997934107635407,BARBUNYA
60192,996.209,353.956216958046,219.473666168654,1.61275028178573,0.78455534409254,61801,276.837198867311,0.685714285714286,0.973964822575687,0.762162744387622,0.782122719150104,0.00588045283356668,0.00135734466273957,0.611715947810752,0.986545067204618,BARBUNYA
60237,963.531,358.724155023588,215.053685343531,1.66806792662286,0.800377774388895,61280,276.940662338003,0.779343269678621,0.982979765013055,0.815345755363145,0.772015651747212,0.00595521282639554,0.00130491273815033,0.596008166542672,0.994182106615128,BARBUNYA
60276,973.071,332.860251624193,231.652790979848,1.43689290431709,0.718094031703824,61313,277.030299423108,0.798992576882291,0.983086784205633,0.799954395206627,0.832272096386808,0.00552226842564525,0.00163440097522382,0.692676842424092,0.995302439863944,BARBUNYA
60294,973.818,348.145909654355,221.574620351276,1.57123550117075,0.771324701525958,61644,277.071660604729,0.751083761024466,0.978100058399844,0.798966122902411,0.795849248609039,0.00577413854868403,0.00142886173344975,0.633376026511572,0.995182898445446,BARBUNYA
60321,941.694,357.516126496994,215.137178570461,1.66180540654391,0.79868060681383,61010,277.133690802778,0.691675266597867,0.988706769382069,0.854788734853521,0.775164168168252,0.00592689322950538,0.00132002338081277,0.600879487611978,0.998544781194918,BARBUNYA
60340,980.964,345.456146835218,222.990630083646,1.54919579672757,0.763763481488375,61109,277.177333361369,0.787646198830409,0.987415928913908,0.787968815925242,0.802351719315571,0.00572515987463072,0.00146361392196011,0.643768281488653,0.997323115748753,BARBUNYA
60353,950.902,344.284028082816,224.597416300651,1.53289398317009,0.757908530074688,61174,277.207190100476,0.785641759958344,0.986579265701115,0.838759022778377,0.805170055794151,0.00570450562661037,0.00147893210269571,0.648298818747556,0.993773358554405,BARBUNYA
60380,1011.984,330.564031430599,233.085950756891,1.41820659013197,0.709092084050447,61607,277.269189978095,0.813790500835625,0.980083432077524,0.740893322222934,0.838776042203209,0.00547472725125206,0.0016715767411835,0.703545248974079,0.997772508551079,BARBUNYA
60408,999.737,369.487534525375,208.936425411423,1.76842086676752,0.824764579009784,61404,277.333471507429,0.742477876106195,0.983779558334962,0.759508765148215,0.750589520871596,0.0061165331500029,0.00119755394007391,0.563384628842251,0.99630113366071,BARBUNYA
60409,946.447,359.752384736889,215.049972246375,1.67287808028514,0.80166601794519,61368,277.335767000772,0.731414664858582,0.984372963107809,0.847459422270206,0.770907376204347,0.00595527793436225,0.00129744991554013,0.59429818268627,0.994188402969155,BARBUNYA
60416,997.116,352.223072636539,219.519210383436,1.60452049741482,0.782031300453812,61537,277.351834922215,0.749708386072022,0.981783317353787,0.763607986628165,0.787432330443655,0.00582996346392577,0.00138260640433581,0.620049675027926,0.994882412997705,BARBUNYA
60444,1015.689,353.441573861264,218.538479864791,1.61729675286447,0.785929815659381,61940,277.416097301458,0.744897959183674,0.975847594446238,0.736277557384766,0.784899451048597,0.0058474219750722,0.00136899007517435,0.616067148256389,0.996363398421533,BARBUNYA
60566,994.857,350.535411358202,220.667263277661,1.58852475963836,0.776988413561184,61848,277.695924108421,0.707877512856475,0.979271763031949,0.768984234486934,0.792205052928737,0.00578765993062447,0.00140615501588729,0.627588845885823,0.996940420562494,BARBUNYA
60590,952.177,359.064675083791,216.032770548723,1.66208429476587,0.798756672105582,61579,277.750938820202,0.798339811581791,0.983939329966385,0.839799173537884,0.773540139406323,0.00592613756533737,0.00130882899934633,0.598364347272754,0.994531984149874,BARBUNYA
60595,956.082,327.743448521342,236.189925376311,1.38762670761322,0.693293949768004,61552,277.762398846977,0.738495100667869,0.984452170522485,0.833021805996289,0.847499469783877,0.00540875399820682,0.00172121345611603,0.718255351283953,0.996670308327727,BARBUNYA
60621,934.49,324.545204422403,239.376275962102,1.35579519364645,0.67526573707367,61608,277.82198336595,0.733590686867709,0.983979353330736,0.872335694667342,0.856034782151205,0.00535367619178837,0.0017733624465897,0.732795548252662,0.993520682246471,BARBUNYA
60673,957.312,328.394905313716,235.965289449835,1.39170852662011,0.695484331880723,61537,277.941114083031,0.763163190863123,0.98595966654208,0.831952110142347,0.846362442247737,0.00541253778968761,0.00171319278466564,0.716329383647554,0.996921711090826,BARBUNYA
60730,951.837,340.02697056588,228.242006903068,1.489765075148,0.741233950271623,61724,278.071641041956,0.745748142690489,0.983896053399002,0.84234107679955,0.817792896190508,0.00559899506942006,0.00154476770902455,0.66878522105966,0.996332865109818,BARBUNYA
60736,985.501,342.44530223449,226.741775531871,1.51028764519115,0.749392947071149,61680,278.08537715787,0.789353295903514,0.984695201037614,0.78585407919093,0.812057795342307,0.00563825905944564,0.00151242047438456,0.659437862976208,0.995940857224224,BARBUNYA
60756,982.65,352.942199780091,219.890305054564,1.60508304216737,0.78220532898909,61871,278.131159311447,0.760153141656032,0.981978632962131,0.790681032078138,0.788035999902373,0.0058091743989086,0.00138190570219086,0.621000737142132,0.996757752360274,BARBUNYA
60813,944.042,359.540496396496,215.890013747574,1.66538734309815,0.79965410974351,61634,278.261597123964,0.702520678342036,0.986679430184638,0.857479329729133,0.773936732893369,0.00591223087820855,0.00130843751420612,0.598978066521662,0.997530490778578,BARBUNYA
60874,921.145,310.333760807989,250.96937247247,1.23654037044712,0.588210411614226,61578,278.401120770388,0.820382199940702,0.988567345480529,0.901541464175776,0.897102268362743,0.00509796893268044,0.00203678302349406,0.80479247990158,0.995158391230555,BARBUNYA
60880,970.236,354.03759595417,219.763653267135,1.61099249439496,0.784020163926205,61670,278.414840630805,0.688423004726689,0.98718988162802,0.812699023931326,0.786399082505481,0.00581533501895811,0.00137191275722407,0.618423516965462,0.996275644188693,BARBUNYA
60918,939.729,347.632703404196,223.84231414216,1.55302497088829,0.76510574561601,61747,278.501717384609,0.821661721068249,0.986574246522098,0.866862551556186,0.801137852271604,0.00570656790118185,0.00145005260964853,0.641821858342359,0.996765372867612,BARBUNYA
60946,967.849,366.242809685172,212.227448752728,1.72570895912663,0.814992156996516,61813,278.565714497368,0.718380914212971,0.985973824276447,0.817598074511849,0.760603913935751,0.00600930019501152,0.00124061745161637,0.578518313894383,0.998354237306372,BARBUNYA
60993,958.347,356.746948275255,218.009663591647,1.63638135300037,0.79154993301385,61892,278.673105182455,0.728274626865672,0.98547469786079,0.834534477795507,0.781150635008208,0.00584898182209851,0.00134338097941716,0.610196314573726,0.99851387083799,BARBUNYA
61013,943.385,336.583873468302,231.257852322647,1.45544841002288,0.726587941608024,61950,278.718790796255,0.784874446845734,0.984874899112187,0.861498073354371,0.828081238486619,0.00551659275020573,0.00160008283949213,0.685718537533533,0.998027955176392,BARBUNYA
61055,977.927,346.617988656321,226.667080587727,1.52919421628219,0.756547129398636,62594,278.814706218674,0.805262463729887,0.975412978879765,0.802265701778024,0.804386140775643,0.00567714337329164,0.0014661146793648,0.647037063471932,0.989445335181492,BARBUNYA
61076,957.031,333.493770396493,234.182507197891,1.42407635133345,0.711970337537544,61989,278.862651558513,0.744103313840156,0.985271580441691,0.837969939071776,0.836185489243088,0.00546030798343855,0.00164667316874461,0.699206172420703,0.995722974850703,BARBUNYA
61137,978.126,345.909999354597,225.736262648276,1.53236345501815,0.757714067287456,62582,279.00187462896,0.757752658585558,0.976910293694673,0.803016338283465,0.806573603392572,0.0056579485312429,0.00147711658526454,0.650560977689679,0.996895867472543,BARBUNYA
61142,1024.175,361.258101373567,216.153058451589,1.67130691539337,0.801246682871937,62247,279.013283275541,0.772970922882427,0.982248140472633,0.732489095286293,0.772337789006483,0.0059085097211993,0.00129684136714455,0.596505660327423,0.99694403517651,BARBUNYA
61152,982.982,334.024639248146,233.813719170534,1.42859298604511,0.714153196514732,62351,279.036099169345,0.743941605839416,0.980770156052028,0.795297100065708,0.835375796819737,0.00546220302276534,0.00164087370124988,0.697852721912211,0.996947503816272,BARBUNYA
61153,988.076,330.529590992733,236.108480741859,1.39990562793086,0.699805063646143,62432,279.038380656119,0.74649658203125,0.979513710917478,0.787130842859231,0.844216034691594,0.00540496117921824,0.00169350595673449,0.712700713230399,0.997713739481571,BARBUNYA
61206,1003.509,359.455030311118,219.196315288734,1.63987715686566,0.792553970388956,62918,279.159272772839,0.719089242915551,0.972789980609683,0.763767753394929,0.776618072450451,0.00587287243589057,0.00131783276486691,0.603135630456654,0.989068342877637,BARBUNYA
61247,967.954,348.507995514053,224.220828153956,1.55430696774859,0.765552394177784,62253,279.252757186737,0.793560507903602,0.983840136218335,0.821457780188687,0.80128077628416,0.00569020516129855,0.00144692687217776,0.642050882442547,0.99794416022958,BARBUNYA
61254,961.239,347.349710371935,224.985562121003,1.54387555849082,0.761877960642304,62242,279.268714812826,0.786709649246735,0.984126474085023,0.833070109512176,0.803998697778647,0.0056706453516821,0.00146161715248508,0.64641390602976,0.99798263018793,BARBUNYA
61274,1025.583,350.367682206667,223.705964976902,1.56619731728139,0.769630820791677,62720,279.314303006671,0.708820637399503,0.976945153061225,0.732056278068421,0.797203387160336,0.00571804814777339,0.00142463664663065,0.635533240499912,0.995370456314108,BARBUNYA
61301,984.768,333.137976576942,234.903625216335,1.418190018439,0.709083890806891,62463,279.37583526821,0.788082535193161,0.981396987016314,0.794345734288816,0.838618995465038,0.00543446235097212,0.00165804047651581,0.703281819554789,0.99738725664222,BARBUNYA
61302,957.18,335.877801110831,232.860765684327,1.44239756372766,0.720658580970957,62348,279.378113980596,0.740809667673716,0.983223198819529,0.840808854617569,0.831784991614878,0.00547906758524732,0.00161782201075777,0.691866272275762,0.997946225555896,BARBUNYA
61320,971.046,339.151600435929,230.95901956522,1.4684492559519,0.732292245247777,62409,279.419127625795,0.770739064856712,0.982550593664375,0.817207611413749,0.823876777425326,0.00553084801754613,0.00157188414619091,0.678772944380741,0.996743625136181,BARBUNYA
61333,952.52,355.964310954885,220.262098325643,1.61609425162478,0.785567641654377,62227,279.448744848213,0.686812017782556,0.985633246018609,0.849485294988002,0.785047085474898,0.00580379748185945,0.00135979936755415,0.616298926412632,0.995997152257981,BARBUNYA
61348,949.061,356.939355624435,219.2460921673,1.62803063943354,0.789120006353279,62159,279.482914666376,0.7399884203416,0.986952814556219,0.855898013775991,0.782998316835767,0.00581827208098773,0.00134901600743609,0.613086364167644,0.998123385483836,BARBUNYA
61377,993.965,352.861499249635,222.875691151167,1.58322111050821,0.775275101005558,62512,279.548964471718,0.769193172418979,0.981843486050678,0.780680509607998,0.792234247902316,0.00574908352069399,0.00139698850302364,0.627635103549349,0.993685145635336,BARBUNYA
61387,960.455,318.988242191017,245.260357172404,1.30061068926352,0.639405632073045,62237,279.571736648499,0.803789346881056,0.986342529363562,0.836242489520096,0.876432732216772,0.00519634844822222,0.00189126499178032,0.768134334100956,0.999043725722016,BARBUNYA
61387,946.924,324.624496131307,241.219646917412,1.34576308472275,0.669210543482486,62475,279.571736648499,0.767260773922608,0.982585034013605,0.860312089528449,0.861215773856495,0.00528816355468271,0.00179445488546187,0.741692609139242,0.998142533591288,BARBUNYA
61442,992.086,337.908598768511,232.440215069474,1.45374413230306,0.725825418489618,62709,279.696950479654,0.709164358264081,0.979795563635204,0.784470408435371,0.82772960350519,0.00549963540849111,0.00159245663153863,0.685136296518859,0.996012870892144,BARBUNYA
61484,971.295,386.069104300125,203.357952805186,1.89847064732194,0.850026593895055,62193,279.792530580244,0.807364025527221,0.988600003215796,0.818973165194886,0.724721371028791,0.00627918001919402,0.00106848140844629,0.525221065625851,0.997116776445827,BARBUNYA
61497,963.843,354.077075206512,222.486672825576,1.59145296529334,0.777925422496951,62605,279.822108280562,0.684974381822232,0.982301733088412,0.831861833491411,0.790285866763212,0.00575763167644783,0.00138535316938413,0.624551751205682,0.993944736435432,BARBUNYA
61543,991.2,354.683849201239,221.9501538937,1.5980338061451,0.780008443432361,62634,279.92674274109,0.828259582256675,0.982581345595044,0.787165297881554,0.789228896019637,0.00576318751444095,0.00137928630387295,0.622882250312375,0.995386893246909,BARBUNYA
61557,954.856,342.819642171406,229.139656985218,1.49611658968977,0.743804616554107,62493,279.958580249405,0.722076246334311,0.98502232250012,0.848421269264705,0.816635180166918,0.00556914148141408,0.00152784871893193,0.666893017486254,0.997749707009452,BARBUNYA
61559,972.702,363.411810204723,216.014883025217,1.68234616576071,0.804163629776348,62400,279.963128169321,0.774560873722885,0.986522435897436,0.817601731676166,0.770374325511347,0.00590347163216952,0.00128260947959255,0.593476601407063,0.998433084845872,BARBUNYA
61570,1001.035,372.792034193869,211.147168097399,1.76555545382407,0.824134604810206,62673,279.988140408382,0.744354175733836,0.982400714821375,0.772112339078162,0.751057197383073,0.00605476748731313,0.00118841816726763,0.564086913740917,0.995926726986061,BARBUNYA
61576,938.472,339.967689794129,231.311007496638,1.46974280849592,0.732849154125463,62280,280.001782506134,0.783748695364407,0.988696210661529,0.878574710870346,0.823612922380043,0.00552110708383345,0.00156710660599447,0.678338245911395,0.996982758656006,BARBUNYA
61608,1002.53,357.789159791783,219.648330659166,1.62891818352571,0.789380401258581,62728,280.074529138306,0.800103896103896,0.982145134549165,0.770286381194499,0.782792103878431,0.00580751135878106,0.00134510310601748,0.61276347789442,0.998141571342677,BARBUNYA
61645,952.199,335.139136193424,235.843969559942,1.42102058754674,0.710477841778937,62499,280.158618884373,0.795522002839076,0.986335781372502,0.854382371284718,0.835947189177811,0.00543659885138169,0.00163765501341352,0.698807703094282,0.993020132833224,BARBUNYA
61669,972.795,355.49390385055,221.422645114635,1.60549930955122,0.78233396260093,62489,280.213150091627,0.72372111581838,0.986877690473523,0.818906108523411,0.788236161173185,0.00576454789035902,0.00137268356233353,0.621316245781039,0.997522803614414,BARBUNYA
61701,973.472,327.564593082511,240.326418591363,1.36299868737895,0.67949901247861,62812,280.285841864523,0.72808694420844,0.98231229701331,0.818191828900752,0.855665867995448,0.00530890249886568,0.00175550207207204,0.732164077652403,0.997938676786243,BARBUNYA
61731,969.593,363.226551774329,218.008043170194,1.66611537121484,0.799851062477248,63023,280.353973283858,0.773755656108597,0.979499547784142,0.825152525922769,0.771843280493549,0.00588402183302278,0.00128816219343727,0.595742049643044,0.99257498618931,BARBUNYA
61786,966.634,327.71613356532,241.103057458102,1.35923673892965,0.677299927857642,62957,280.478837902268,0.734219032227398,0.981400003176772,0.830951757194708,0.855859108463342,0.0053040516227838,0.00175548293882682,0.732494813539666,0.99563386163854,BARBUNYA
61787,943.911,361.58594035607,218.776093857682,1.6527671464474,0.796190585450098,62403,280.481107653531,0.708176691729323,0.990128679710911,0.87145482456516,0.775696940476525,0.0058521362156452,0.00130696062285346,0.601705743464641,0.994479484627068,BARBUNYA
61788,975.206,337.790499937006,233.239336145487,1.44825699437896,0.723346533860235,62654,280.483377386426,0.760187007874016,0.986178057266894,0.81643435759881,0.830347145460671,0.00546692723404231,0.00160310454026925,0.689476381974685,0.998538992653934,BARBUNYA
61843,954.292,347.1065222338,227.566930695734,1.52529421200436,0.755098621052079,62526,280.608184422794,0.775908360935461,0.989076544157631,0.853370934554497,0.808420949905934,0.00561270511187685,0.00147877543032607,0.653544432246813,0.996847539793736,BARBUNYA
61846,1001.069,345.734146153769,228.922519762973,1.51026708299272,0.749384981955007,63198,280.614990482852,0.772804518418554,0.978606917940441,0.775520807294728,0.811649626178506,0.00559024263741825,0.00149652781392765,0.658775115675708,0.994926372299744,BARBUNYA
61883,988.708,349.854532038632,227.073728310412,1.54070897871716,0.760744179682451,63151,280.698918321475,0.680736145028931,0.979921141391269,0.795509054439821,0.802330376244717,0.00565348370374145,0.00144513642287183,0.643734032644989,0.991806804001937,BARBUNYA
61884,977.874,332.109045510243,237.938041224535,1.39577952227001,0.6976430334549,62975,280.701186293166,0.724569127013863,0.982675664946407,0.813246950056894,0.845207892070223,0.00536663831540047,0.00168941468187594,0.71437638081779,0.99711192353883,BARBUNYA
61955,941.725,356.267613226464,221.850249183273,1.60589232844245,0.782455300856663,62655,280.862165472794,0.746895720313442,0.988827707285931,0.877885802959126,0.788346049558712,0.0057504255221768,0.00137008442227982,0.621489493854827,0.998045210389047,BARBUNYA
61959,933.915,338.5276255776,234.384298453174,1.44432723442536,0.721548519059504,62621,280.871231976943,0.822304507087116,0.989428466488878,0.892687723133778,0.829684819659008,0.00546373610900112,0.00159706302267428,0.6883768999726,0.994241504179728,BARBUNYA
61974,991.559,362.965492328466,218.775097664299,1.6590804721542,0.797934992228303,63233,280.905228761262,0.794905340926582,0.980089510224092,0.792104116347177,0.773917175870418,0.00585673818582738,0.00129602540238861,0.598947795107243,0.99370259070224,BARBUNYA
61978,1036.289,354.03648318592,223.583402434985,1.58346495907213,0.775354336018099,63295,280.914293875545,0.774453941120608,0.979192669247176,0.725246506046465,0.793461429024602,0.00571229280044403,0.00139666903129724,0.629581039349763,0.996919514706562,BARBUNYA
61988,969.081,359.167282163373,220.617659752692,1.62800785107589,0.789113313778831,62965,280.936955381529,0.701864830897089,0.984483443182721,0.829463597172011,0.782189718644085,0.00579414212691767,0.00133788048610444,0.611820755952513,0.996048994141879,BARBUNYA
62005,960.799,350.490565686559,226.18356318869,1.54958459733065,0.763900332097945,62953,280.97547574709,0.798714431090673,0.984941146569663,0.844056446379773,0.801663449048054,0.0056526177838329,0.00144011679331576,0.642664285539622,0.995862678126708,BARBUNYA
62033,990.706,348.372129403571,227.465205945025,1.53154029846555,0.757411843667136,63197,281.038909545558,0.710865878254492,0.981581404180578,0.794224102094503,0.806720417120363,0.00561591619627571,0.00146721100335664,0.650797831398853,0.996723104941332,BARBUNYA
62075,991.584,336.610627095769,237.772589362407,1.41568306085406,0.707840006648698,63581,281.13403340655,0.715966367169929,0.97631367861468,0.793355014910541,0.835190605335716,0.00542264401281947,0.00162754595284169,0.69754334724104,0.987500300900585,BARBUNYA
62145,1051.69,328.974610518457,241.260000276092,1.36356880602663,0.679830076433074,63727,281.292501690974,0.767933271547729,0.97517535738384,0.706058307774989,0.855058392645145,0.00529366176713262,0.00174549676430962,0.731124854832899,0.996939045360892,BARBUNYA
62169,1006.857,350.406481501034,226.270269218354,1.54861919204633,0.763560292281785,63136,281.34681312686,0.746075748847926,0.984683857070451,0.770633986222264,0.802915550881527,0.00563635383392099,0.00144496553809512,0.644673381847386,0.998353571730275,BARBUNYA
62185,981.28,347.578765483785,230.061534084018,1.51080782307942,0.749594310503917,63550,281.383014926907,0.758566427168596,0.978520849724626,0.811539397114012,0.809551799101588,0.00558943097987916,0.00148090066975014,0.655374115428618,0.990144340633307,BARBUNYA
62209,977.978,344.174160971056,231.397841451167,1.48736979918496,0.740253597083505,63383,281.437308895658,0.779874134991475,0.981477683290472,0.817344065455251,0.81771771623299,0.00553254611022611,0.00152587315723606,0.668662263441297,0.994548056497247,BARBUNYA
62215,998.572,354.267075042068,224.370612029426,1.57893706237966,0.773875734601612,63401,281.450880751328,0.765139216843762,0.981293670446838,0.784054408331346,0.79445960570258,0.00569423893019478,0.00139927389036661,0.631166065093099,0.996571492691828,BARBUNYA
62218,969.459,346.414478115297,229.754687925978,1.50775804072779,0.748409975156975,63385,281.457666433751,0.794427845450599,0.981588703952039,0.831892132504971,0.812488173026281,0.00556775335297337,0.00149667650959743,0.660137031307584,0.995326916936181,BARBUNYA
62298,992.583,327.685093559577,242.658033048177,1.35039870489068,0.6720320769107,63353,281.638557654862,0.801157407407407,0.983347276372074,0.794603187595789,0.859479308611446,0.00525996169314548,0.00177053308766511,0.738704681931209,0.997545845776585,BARBUNYA
62353,974.133,336.414515010005,236.400621621733,1.42306950253415,0.711479979964662,63337,281.762853003854,0.767421538461539,0.984464057344049,0.825716011055449,0.837546658756608,0.0053953220375925,0.00163769557859112,0.701484405594358,0.99826106410463,BARBUNYA
62363,950.295,360.506342356837,220.634376893868,1.63395363602043,0.790848112502449,63010,281.785446267757,0.690528390468598,0.989731788604983,0.867800656880607,0.781637971819202,0.00578077293197629,0.00133103130544268,0.610957918989635,0.998276913188587,BARBUNYA
62391,965.276,342.422695448276,232.140841643283,1.47506441789531,0.735120473122469,63399,281.848697771644,0.73893218371746,0.984100695594568,0.84145092842392,0.823101685484565,0.00548833478303403,0.0015539402711435,0.677496384647531,0.999350810246286,BARBUNYA
62406,972.588,370.760267262161,215.107890013562,1.72360143200134,0.814487905032057,63240,281.88257666756,0.746983625395001,0.986812144212524,0.829045558727989,0.760282591090708,0.00594109969012853,0.00122446615967453,0.578029618315601,0.996292677867956,BARBUNYA
62417,971.942,325.221847637643,245.477163531259,1.32485581534035,0.655956014140766,63584,281.907418603581,0.737528063334515,0.981646326119779,0.83029429921143,0.86681574639376,0.00521046906512076,0.00181452832772038,0.751369538196172,0.995456302148792,BARBUNYA
62434,947.305,361.638384198976,220.690430337031,1.63866817263755,0.792207606007139,63123,281.945806381289,0.786877394636015,0.989084802686818,0.874281653422432,0.779634625914489,0.00579233084855969,0.00132007194000151,0.607830149924825,0.996031921051319,BARBUNYA
62441,971.606,334.620502503823,239.708879740922,1.39594537701516,0.697730439116523,63560,281.961611594217,0.715935149513851,0.982394587791064,0.831188139743986,0.842631008812726,0.00535898692371715,0.00166652644100316,0.710027017012753,0.991158931954815,BARBUNYA
62499,1002.996,353.682843377435,225.352307045259,1.56946626380178,0.770732150327407,63749,282.092535006517,0.723745006079555,0.98039184928391,0.780700631262949,0.797586143316203,0.00565901603829557,0.00141263866326144,0.636143656010015,0.998406007039245,BARBUNYA
62504,989.061,347.194170430147,230.949325064495,1.5033348563941,0.746676098354128,63945,282.103818662787,0.765361349888571,0.977465008992103,0.80291860346459,0.812524640933002,0.0055547512228041,0.00149344948583971,0.660196292123304,0.992496098011105,BARBUNYA
62524,977.204,359.218728906505,224.136718829782,1.60267684287513,0.781459390747069,63879,282.148948775326,0.715385759562466,0.978788021102397,0.822784584806886,0.785451665157363,0.00574529346981167,0.00134886920290448,0.616934318298474,0.988746345511917,BARBUNYA
62599,989.399,363.736374908128,221.063933172625,1.64538995433549,0.794121783250423,63931,282.318122445011,0.780614026336792,0.979165037305845,0.803589633121634,0.776161368288556,0.00581057804291007,0.00130079001019313,0.602426469623563,0.991226461344402,BARBUNYA
62608,1002.965,365.926401450848,218.603359294702,1.67392853719846,0.801945598692318,64037,282.338416473528,0.691694102569768,0.977684775988882,0.782110540210616,0.771571592959934,0.00584472274231486,0.00127775796299038,0.59532272306273,0.996527694977398,BARBUNYA
62626,993.13,363.843200872818,219.83783718673,1.65505267668627,0.796824837459687,63602,282.379000155083,0.768483182604641,0.984654570610987,0.797907111058674,0.776100802427221,0.00580977870010568,0.00130020515208657,0.602332455528177,0.996891942776925,BARBUNYA
62650,963.789,349.123504104874,229.698730991331,1.51991916802557,0.753079329931664,63464,282.433102659122,0.746010954989283,0.987173830833228,0.847553279805717,0.808977623501056,0.00557260182130684,0.00147225762301927,0.654444795325416,0.994703188829673,BARBUNYA
62683,1007.347,343.39230728138,233.988842600902,1.4675584675936,0.731907633409542,64225,282.507476684484,0.701646574207775,0.975990657843519,0.776249695471076,0.822695997243159,0.00547823663962126,0.00154802542075114,0.676828703879916,0.99328569548937,BARBUNYA
62701,951.734,354.888298912357,226.034621269849,1.57006168753537,0.77093184356779,63308,282.54803608314,0.705361562345318,0.990411954255386,0.869867615032441,0.796160473447781,0.00566001018982723,0.00140281185107484,0.633871499480595,0.995217356155077,BARBUNYA
62713,1018.346,393.439374588823,203.984491729106,1.92877101221654,0.855098932922744,63714,282.575072447971,0.720143769234303,0.984289167215997,0.759935472167865,0.718217572258205,0.00627364939627866,0.00102973177327031,0.515836481100471,0.994930451790371,BARBUNYA
62738,1066.476,358.633316486031,223.23642868856,1.60651789043967,0.782648210665659,64416,282.631389901396,0.698509190910407,0.973950571286637,0.693167769356411,0.788079012487409,0.00571636514530318,0.00136012484150947,0.62106852992313,0.997757704510573,BARBUNYA
62761,1026.847,356.449425041249,225.823798366649,1.57844048155861,0.773712626721266,64077,282.683192049198,0.711575963718821,0.97946220952916,0.74797699633292,0.793052736770398,0.00567947332007535,0.00138578577561344,0.628932643299019,0.992732744356835,BARBUNYA
62766,996.026,346.520683310884,231.427945972616,1.49731564117968,0.744285257208467,63965,282.694452129587,0.702080536912752,0.981255374032674,0.795047297980838,0.815808307396085,0.00552083426235356,0.00150847100254447,0.665543194416466,0.99652823488046,BARBUNYA
62787,942.187,359.46184198142,223.130289479103,1.61099527464686,0.784021012080768,63429,282.741739570384,0.811306370332084,0.989878446767252,0.888802733004683,0.786569550781409,0.00572509981335978,0.00135179658957418,0.618691658216468,0.996709337850158,BARBUNYA
62792,983.751,373.521975136798,215.381471899287,1.73423448100242,0.81701014446227,63919,282.752997319233,0.711008447131825,0.982368309892207,0.815349494769956,0.756991599264483,0.0059485599301949,0.0012049134265074,0.573036281356999,0.993779277994714,BARBUNYA
62821,998.256,348.349513361656,230.721420147819,1.50982736296645,0.749214550763776,64071,282.818283425608,0.779368525525712,0.980490393469745,0.792192727114133,0.811880805276128,0.0055451125159048,0.00148613827972526,0.659150441975814,0.995203373606513,BARBUNYA
62831,1046.743,356.090609512108,225.787473235846,1.57710525038807,0.773273118652327,64195,282.84079238196,0.748273151676829,0.978752239270971,0.720615675994102,0.794294443117974,0.00566743501634716,0.00139152947162392,0.630903662368093,0.995001478409783,BARBUNYA
62835,997.065,347.042906994407,231.054048716878,1.50199881335841,0.746148560399871,63990,282.849795462952,0.783947998802276,0.981950304735115,0.794263381640007,0.815028314258303,0.00552308278816594,0.00150332230707736,0.664271153042732,0.997734483618406,BARBUNYA
62838,982.208,350.097680149106,229.616500661858,1.52470610404726,0.754878983339876,63926,282.856547585641,0.707635135135135,0.982980320996152,0.81851243886863,0.807936080768011,0.00557143257501999,0.00146438292030449,0.652760710606774,0.995268239944373,BARBUNYA
62839,952.704,360.623237610752,222.529856802878,1.62056113634316,0.786908099132116,63383,282.858798257387,0.798706085718644,0.9914172569932,0.870007811347483,0.784360986084589,0.00573884431023333,0.00133988689966635,0.615222156491589,0.997005117027499,BARBUNYA
62879,961.969,342.90495927924,233.902098753813,1.46601916402706,0.731240882940783,63902,282.948810447053,0.729361682383919,0.983991111389315,0.853873108958974,0.82515228429997,0.00545340987101003,0.00155949622480201,0.680876292285458,0.998177692822171,BARBUNYA
62930,996.486,354.619499043927,226.45259091805,1.56597677953819,0.769556214778008,64015,283.063534476244,0.771721135569318,0.983050847457627,0.796388889913832,0.798217625481392,0.00563514220632332,0.0014111393286191,0.637151377629152,0.997764262418018,BARBUNYA
62934,992.28,368.341716775576,218.16744810738,1.68834406769191,0.805720208267317,64268,283.072530472956,0.678892352833303,0.979243169228854,0.803205592829159,0.76850521562136,0.00585282544849487,0.00125930988382851,0.590600266437233,0.997136456216561,BARBUNYA
62955,1025.614,349.422947603779,230.069504591136,1.51877124360636,0.752644590848833,64331,283.119754766075,0.734348936765855,0.978610623183224,0.752094151178971,0.810249460453618,0.00555036053695145,0.00147562484714798,0.656504188165379,0.997079682292714,BARBUNYA
62958,978.83,336.8551999871,243.311050071438,1.38446322059026,0.691578193687252,64609,283.126500450658,0.777259259259259,0.974446284573357,0.82574555443687,0.84049912384164,0.0053504749195829,0.00164710450712957,0.706438777178564,0.978038504602479,BARBUNYA
62987,1008.734,368.790064152541,218.033055618385,1.69144106661523,0.806516304813021,64219,283.191700450832,0.74041377688962,0.980815646459771,0.77787080061305,0.767894062172177,0.00585501872056997,0.00125577920821082,0.589661290719286,0.997377322515946,BARBUNYA
63015,970.092,351.924014665264,228.276184713243,1.5416589124588,0.761085210790417,63991,283.254637934644,0.709668337181148,0.984747855167133,0.841449309458034,0.804874422122243,0.00558476576474274,0.00144576341459256,0.647822835386615,0.998721847868107,BARBUNYA
63048,967.121,358.548766422167,224.368139845136,1.59803779034602,0.78000969507995,63896,283.328796306451,0.75175275432823,0.98672843370477,0.847070488198378,0.790209931925553,0.0056869173712436,0.00136781265187108,0.624431736513787,0.997865512440419,BARBUNYA
63052,960.073,345.344218190547,233.132945440397,1.4813188137703,0.737749908590848,63868,283.33778388108,0.813469229776803,0.9872236487756,0.859607544273351,0.820450347672379,0.00547713344843219,0.00153088405183825,0.673138772995727,0.99713312871683,BARBUNYA
63081,950,358.49800581887,225.015897334084,1.59321190220886,0.778485251121081,63792,283.402935273153,0.684294454569123,0.988854401805869,0.878337091107359,0.790528624073688,0.0056831376455489,0.00136910998186614,0.624935505479839,0.995654685443392,BARBUNYA
63127,989.856,351.100203482599,229.14625072668,1.53221011633039,0.757657814720305,64252,283.506248150718,0.71852804589328,0.982490817406462,0.80961952831782,0.80747958941234,0.00556180720583267,0.00145855196685162,0.652023287317521,0.999036676910905,BARBUNYA
63164,965.899,351.869936594367,229.206011291117,1.53516888415048,0.758739538407018,63999,283.589320327215,0.714557219783701,0.986952921139393,0.85077761783102,0.805949275098585,0.00557073549164662,0.0014498502127615,0.649554234031934,0.997175448654024,BARBUNYA
63211,999.886,341.437090820984,236.133575701185,1.44594892872437,0.722292825451841,64474,283.694809367839,0.725462516641418,0.98041070819245,0.794513991768877,0.830884567009682,0.005401545471848,0.00158803682379213,0.690369163694867,0.998238552668933,BARBUNYA
63223,1029.742,345.592933526084,234.523667030235,1.47359512966139,0.734496524058528,64555,283.721736454561,0.733785979572888,0.979366431724886,0.74925234434383,0.820970884907131,0.00546625331803433,0.00153172407549865,0.673993193865198,0.993193087904681,BARBUNYA
63253,1006.449,352.108629079736,230.076233211089,1.53039983385283,0.756992113584865,64388,283.789042993441,0.783920781280984,0.982372491768653,0.784706855798932,0.805970145449564,0.00556667081529312,0.00144894240622065,0.649587875355991,0.99412917651762,BARBUNYA
63278,1028.037,358.981071881661,226.099995460322,1.58770932812627,0.776726354772238,64508,283.84511958417,0.767731916235956,0.980932597507286,0.752393642046298,0.790696618337971,0.00567307866686149,0.00136784880134257,0.625201142251103,0.992637685507276,BARBUNYA
63317,979.067,371.675808318356,217.43554448883,1.7093608553842,0.81102320640791,64040,283.932576950931,0.71918446160836,0.98871018113679,0.830052129702912,0.763925363438588,0.00587007925704559,0.00123318276311894,0.583581960904779,0.99755215987898,BARBUNYA
63320,993.072,341.413911330299,236.59768486309,1.44301459047607,0.720943653255716,64491,283.939303324902,0.739762836614288,0.98184242762556,0.806843484405972,0.831657099789956,0.00539188110123656,0.00159109923592083,0.691653531631042,0.998066137697896,BARBUNYA
63357,972.487,330.449741209739,245.537045404713,1.34582437719354,0.669248118280921,64428,284.022248839392,0.764904020282506,0.983376792698827,0.841854155501486,0.859502107036366,0.00521567847609165,0.0017558133898541,0.738743871999953,0.994219511439878,BARBUNYA
63406,951.177,358.448626252051,225.986843685028,1.58614820405937,0.776223273723257,64085,284.132058334637,0.781169919179972,0.989404696886947,0.8806787957377,0.792671634162836,0.00565322881512872,0.00137673259733028,0.628328319606382,0.996621835703301,BARBUNYA
63512,1022.604,358.44126864367,226.364130337435,1.58347202849387,0.775356632456224,64721,284.369460324451,0.696747298557402,0.981319818915035,0.763221645231357,0.793350222758937,0.00564367786628778,0.0013791190948992,0.629404575951655,0.996644540625494,BARBUNYA
63530,977.519,346.370605195616,234.55151309707,1.47673575250938,0.735827320334303,64529,284.409754187554,0.69150557297109,0.984518588541586,0.835484321283628,0.821114003097725,0.00545207941438086,0.00152881793900905,0.674228206083171,0.995656897273281,BARBUNYA
63550,990.734,347.818391927454,233.061680384628,1.49238772909146,0.742300483362994,64683,284.454518452282,0.725655430711611,0.982483805636721,0.813600644955586,0.817824833459674,0.00547314542765467,0.00151028158226203,0.668837458223344,0.99816481540924,BARBUNYA
63557,1023.845,372.083045250057,218.355072396237,1.70402748682136,0.809699298017273,64632,284.470184280766,0.714115571735149,0.98336737219953,0.761912021812529,0.764534121917832,0.00585432045644158,0.00123379710476082,0.584512423576671,0.996025236163219,BARBUNYA
63608,972.463,322.757865468438,251.585802804989,1.28289379555577,0.626417468942593,64527,284.584295001524,0.780791986841136,0.985757899793885,0.845231028536164,0.881726908772584,0.00507417094498236,0.00189182620351015,0.777442341653657,0.997375956509826,BARBUNYA
63653,1016.303,355.137170605332,228.644414654306,1.55322915340956,0.765176974464965,64755,284.684942947511,0.71666779256457,0.982982009111266,0.774430280850812,0.801619674060771,0.00557926838649132,0.00142111913133716,0.642594101841297,0.998095892788935,BARBUNYA
63685,1062.512,369.648779455764,221.383102035249,1.66972445528796,0.800822913164419,65204,284.756493176993,0.809232763221429,0.97670388319735,0.708890783232364,0.770343388110849,0.00580433036752397,0.00126086713127565,0.593428935606101,0.99086280625701,BARBUNYA
63703,1010.611,360.835726185272,225.51982665739,1.60001775246774,0.780630301777273,64811,284.796732281577,0.723634587422755,0.982904136643471,0.783793589761357,0.789269774621339,0.00566434431950257,0.00135591134454822,0.622946777130819,0.996725902251875,BARBUNYA
63731,1034.115,361.470209618719,225.249881808286,1.60475205010928,0.782102960320171,65415,284.85931514612,0.709746753680647,0.974256668959719,0.748898432683614,0.788057515020647,0.00567181135740408,0.00134937667936501,0.621034646980517,0.996606622930875,BARBUNYA
63732,1018.891,341.236172771717,238.58015885448,1.43027892348689,0.714961009280328,65059,284.861549994136,0.767106799388549,0.979603129467099,0.771457417913793,0.834792946129731,0.0053542360630722,0.00160395566727866,0.696879262907955,0.996731721952329,BARBUNYA
63733,1048.882,358.409077945513,227.778669417822,1.57349710954748,0.772078590238333,65287,284.863784824618,0.690483413143811,0.97619740530274,0.727982535909222,0.794800696616073,0.00562360281087525,0.0013842908822766,0.631708147341395,0.993990943919276,BARBUNYA
63766,1027.779,339.788782640113,240.038577495826,1.41555905798526,0.707778251306814,65051,284.93752439716,0.764470339999041,0.980246268312555,0.758576805326419,0.83857248665843,0.00532868272496492,0.0016254067624089,0.703203815380504,0.995426530471666,BARBUNYA
63776,1014.158,362.773417148062,224.69725539655,1.61449865735046,0.7850855654978,64824,284.959865954892,0.689850620342026,0.98383314821671,0.779212479400436,0.785503712469065,0.00568824349517157,0.00133582912892824,0.617016082302684,0.996171636441321,BARBUNYA
63780,1001.82,362.654431111301,224.481435730317,1.6155208110259,0.785394586781414,64748,284.968802087542,0.793638942810214,0.985049731265831,0.798573664449825,0.785786075229515,0.00568602118393385,0.00133722827229078,0.617459756024606,0.997519085828727,BARBUNYA
63888,1027.994,370.11411185354,221.098789213074,1.67397620389888,0.801958270467549,65071,285.209971834857,0.808831721274118,0.981819858308617,0.759710269618688,0.77060010061902,0.00579317104704389,0.0012601213209187,0.593824515074044,0.994048107525741,BARBUNYA
63888,1043.617,367.837175702529,221.70714185651,1.65911288478291,0.797943886886046,65079,285.209971834857,0.779625855736025,0.981699165629466,0.737134719161562,0.775370165590625,0.0057575315505655,0.00128366717158848,0.601198893688033,0.997456830835048,BARBUNYA
63905,1030.26,356.706704491474,228.915653689877,1.55824513851168,0.766915954990497,65322,285.247915165564,0.713671491110516,0.978307461498423,0.756573326696661,0.799670742304148,0.00558182778329512,0.00140799470818051,0.639473296097267,0.996456154851607,BARBUNYA
63911,1007.098,364.066816492043,224.304693130563,1.62309049985025,0.787661224639556,65289,285.261305724364,0.706667403803627,0.978893841228997,0.791848338728293,0.783541077632376,0.00569646565523999,0.00132444010882792,0.613936620337304,0.99647469597965,BARBUNYA
63958,1016.103,381.820799749262,213.89627832207,1.78507453586613,0.82835691496588,65090,285.366176696138,0.758020740740741,0.982608695652174,0.778447398288761,0.747382481215103,0.00596986772177463,0.00114898967424055,0.558580573227244,0.99710795749746,BARBUNYA
63966,995.08,376.335588007786,218.156615752371,1.72507070991128,0.814839675967524,65115,285.384023236287,0.793229166666667,0.982354296245105,0.811788814164729,0.758323242154772,0.00588336910245733,0.00120011627781641,0.575054139592126,0.992009052823609,BARBUNYA
63975,1027.084,339.185714468875,241.047507089327,1.40713222287414,0.703530294387827,65434,285.404099260035,0.794779735135538,0.977702723354831,0.762093453503415,0.841439032026879,0.00530184782288198,0.0016394479626104,0.70801964461833,0.99627725637035,BARBUNYA
63988,992.483,351.389974624531,233.008679189093,1.50805530440936,0.748525811622142,65106,285.433095468121,0.790287520995949,0.98282800356342,0.816323402312212,0.812297208459387,0.00549149800938505,0.00147479085591401,0.659826754870913,0.995055237674296,BARBUNYA
63988,1012.38,342.884441262272,238.886732591039,1.43534317516608,0.717365036241654,65339,285.433095468121,0.81523760988661,0.979323221965442,0.78455119159995,0.832446915402015,0.00535857412737188,0.00158728604891512,0.692967866962329,0.994646698453773,BARBUNYA
64001,971.208,358.844769363795,228.147998519678,1.57285959855942,0.771866484717403,64745,285.462088730877,0.703965242259253,0.988508765155611,0.852652601784484,0.795502994893808,0.00560686191409189,0.00138505461657929,0.632825014885019,0.995344898870408,BARBUNYA
64011,963.416,356.28690430236,228.904173576755,1.5564893323489,0.766309598974181,64811,285.484389237034,0.760081219720718,0.987656416349077,0.866636081995515,0.801276684014073,0.00556602621896799,0.0014153212679747,0.642044324344588,0.999335141737507,BARBUNYA
64033,1005.371,354.120243947412,230.906009830921,1.53361207101848,0.758171341382098,65141,285.533444219809,0.768703481392557,0.982990743157151,0.796087868409771,0.80631776663469,0.00553027726246485,0.00144195459457773,0.650148340790755,0.997075343389339,BARBUNYA
64036,1028.773,354.632118069436,230.479694324332,1.53866968241635,0.760009407751377,65223,285.540132882684,0.776928489966271,0.981800898456066,0.76031742625518,0.805172792687593,0.00553801171324624,0.00143578693848476,0.648303226084338,0.997524518988682,BARBUNYA
64109,960.565,332.346949724449,246.837657515632,1.34641915285314,0.66961236434133,65115,285.702842081465,0.705580013207132,0.984550410811641,0.873122842159439,0.859652367257599,0.00518409193287135,0.00174640075752831,0.739002192531593,0.995006706024998,BARBUNYA
64181,1001.764,357.113080374874,229.206370524539,1.55804168774899,0.766845824136685,65138,285.863231669705,0.784858267909115,0.985308115078756,0.803684333251151,0.800483788971337,0.00556415575286883,0.00140925377200185,0.640774296405908,0.998353066238435,BARBUNYA
64184,971.191,345.948488189706,236.650530094188,1.46185384859276,0.729423013741156,65308,285.869912616354,0.743601923188322,0.982789244809212,0.855120552978312,0.82633664367856,0.00538994902451867,0.00155021690319516,0.682832248685948,0.998200950684803,BARBUNYA
64214,1087.234,373.995246854005,219.54319503045,1.70351555101552,0.80957145059133,66325,285.936713497277,0.675823019280963,0.968171880889559,0.68264283670133,0.764546383684113,0.00582420105980013,0.00122752819302109,0.584531172804455,0.995757942925731,BARBUNYA
64222,977.412,337.046068614996,243.183425022084,1.38597467563584,0.692399946099988,65307,285.95452442999,0.716299716701243,0.983386160748465,0.844769755553376,0.848413766121189,0.00524814033532117,0.00167732039940451,0.71980591854394,0.997632774474699,BARBUNYA
64231,990.631,361.987789423829,226.349488983036,1.5992427950697,0.780387729530234,65039,285.974560403341,0.780924012158055,0.987576684758376,0.822490175157999,0.790011621271875,0.00563571779084599,0.00135413798304374,0.624118361744616,0.998116793290785,BARBUNYA
64244,963.98,342.931657420041,239.140808144411,1.43401563322038,0.716738085441013,65055,286.003498775742,0.751268798091541,0.987533625393897,0.868773150098622,0.833995615707853,0.00533795618921676,0.00159297822035087,0.695548687019921,0.997427690852476,BARBUNYA
64260,984.886,370.828829994758,221.145221607296,1.67685662525084,0.802721631431631,65203,286.039111215025,0.744801687568094,0.985537475269543,0.832489294035243,0.771350790657427,0.00577075676929284,0.00126014421058503,0.594982042247838,0.99769957944856,BARBUNYA
64284,1038.268,351.486189265496,233.446871939005,1.5056367487217,0.7475808428426,65556,286.09252156209,0.730234460196292,0.980596741717005,0.749365713343636,0.813950961088801,0.00546770874969659,0.00148039666057817,0.662516167057383,0.997508687743843,BARBUNYA
64314,997.796,346.243802557178,237.397932348185,1.45849544320947,0.727942606051885,65360,286.159270477294,0.730840909090909,0.983996328029376,0.811767889291205,0.826467559459173,0.00538364590224799,0.00154938552854369,0.683048626838402,0.996223309734294,BARBUNYA
64317,981.442,365.867982763892,224.879026226809,1.62695467382042,0.788803643572678,65275,286.1659445125,0.821207865168539,0.9853236307928,0.839085786234498,0.782156291323184,0.00568851132303889,0.00131326557865129,0.611768464056437,0.995319561892561,BARBUNYA
64332,987.745,341.300361845975,240.480029662419,1.41924617326888,0.709605304124804,65485,286.199312354,0.782970644077698,0.98239291440788,0.82860440434015,0.838555549153383,0.00530529692603953,0.00161814265827411,0.703175409015932,0.99797900838264,BARBUNYA
64380,979.195,343.530155349319,239.153655643742,1.43644116342116,0.717881851969933,65278,286.306063313458,0.796506161231257,0.986243451086124,0.843766856222589,0.833423380321089,0.0053359763179453,0.00158802148909813,0.694594530865831,0.997744176022886,BARBUNYA
64382,990.697,362.791048923845,226.502124224395,1.60171146370543,0.781158970189778,65321,286.310510406341,0.786297020029311,0.985624837341743,0.824313916713247,0.78918846331967,0.00563497637420157,0.00134832558025695,0.622818430636861,0.997575420158086,BARBUNYA
64410,1004.419,367.128491734123,224.406909226753,1.63599460016249,0.791438378738898,65579,286.372762455496,0.75736374860368,0.982174171609814,0.802293593653079,0.780034153990121,0.00569986790458194,0.00130166440490756,0.608453281391084,0.995426282806962,BARBUNYA
64412,974.54,327.994821444746,250.790882453182,1.30784188897288,0.644483258388006,65298,286.377208512621,0.746243410762903,0.986431437410028,0.852270211757183,0.873115030448321,0.00509213844384193,0.00182543268969372,0.762329856394773,0.997006919407765,BARBUNYA
64413,998.511,333.032660020948,247.22262174339,1.34709622312244,0.670026180809156,65455,286.379431515299,0.758317440135622,0.984080666106485,0.811853530218196,0.859913954076715,0.00517027090837172,0.00174386574966501,0.73945200841585,0.996113007717291,BARBUNYA
64437,1082.767,367.789470962963,223.939425712044,1.64236140998187,0.79326281799936,65869,286.432778403764,0.8233497738366,0.978259879457712,0.69067725539005,0.778795482246441,0.00570773733977315,0.0012952017910135,0.606522403167467,0.996128989251713,BARBUNYA
64451,1001.027,354.785097882929,231.861314222087,1.5301608164918,0.756903998474254,65479,286.463892834203,0.800593759316307,0.984300310023061,0.808254145961172,0.807429327059081,0.00550472603812088,0.00144322336345936,0.65194211819508,0.997576283882775,BARBUNYA
64478,974.289,361.660879316925,227.702086430612,1.5883072701977,0.776918566138222,65268,286.523889694095,0.687325445048502,0.987896059324631,0.853583130361123,0.792244630481619,0.00560905858303492,0.00136303483835487,0.627651554526957,0.996903527206053,BARBUNYA
64510,989.333,348.661126862702,236.35164902869,1.47517958218425,0.735169277758375,65406,286.594980819388,0.785940545808967,0.98630095098309,0.828231825838377,0.821987192544827,0.00540476091865915,0.0015220063120433,0.675662944707727,0.996724180471327,BARBUNYA
64517,989.617,358.277348764669,230.047393469208,1.55740668634276,0.766626716746905,65672,286.610529652486,0.71371520863755,0.982412595931295,0.827846342706037,0.799968322420359,0.00555322393732921,0.00140286574039609,0.639949316876044,0.996661345023235,BARBUNYA
64530,1004.942,371.617998034129,221.637957892089,1.67668932509775,0.802677421429435,65642,286.639403819084,0.697923426346528,0.98305962645867,0.802951908296267,0.77132809857277,0.00575884081875297,0.00125739418324322,0.594947035647884,0.997541343669358,BARBUNYA
64566,1016.789,355.17815947344,232.500774753918,1.52764290720909,0.755972615434312,65592,286.719347874137,0.799777034559643,0.984357848518112,0.784787482541362,0.807255007738103,0.00550100919173312,0.00144100379504752,0.651660647518244,0.995504766088526,BARBUNYA
64576,1039.574,359.018751658472,230.27793496282,1.55906709740313,0.767198945154012,65886,286.741550600568,0.701531776208582,0.980117172085117,0.750879393249852,0.798681264630266,0.00555963131284799,0.00139546755253606,0.637891762471402,0.994516058573658,BARBUNYA
64580,1036.017,356.780999525505,230.723848533651,1.54635509849979,0.762759724557222,65911,286.750431209784,0.717603395781941,0.979806102168075,0.756091126309026,0.803715533033268,0.00552463610290345,0.00142197803226403,0.645958658038951,0.998881464278614,BARBUNYA
64592,1000.066,344.369035681201,239.374257322535,1.43862184485943,0.718903682000203,65657,286.7770713874,0.786020249221184,0.983779338075148,0.811579878643465,0.832760909586782,0.00533145026754398,0.00158163566183981,0.693490732535804,0.997670917033573,BARBUNYA
64595,1013.236,374.375795492481,220.291827911909,1.69945385192494,0.80855228887014,65684,286.783731045134,0.680929340206403,0.983420619937884,0.790655949190859,0.766031710644856,0.00579573953854758,0.00123104978019402,0.586804581713484,0.997247306720187,BARBUNYA
64605,1067.702,385.75533973592,214.093554936928,1.80180734468893,0.831851486232562,66321,286.805928787421,0.69214698950075,0.974125842493328,0.712157221231519,0.743491791931544,0.00597098273718629,0.0011254605889408,0.552780044669579,0.996003144483123,BARBUNYA
64628,1062.545,355.828716940668,233.286002791608,1.52528961310433,0.755096904757296,66408,286.856977075936,0.764041755825363,0.97319600048187,0.719342825367881,0.806165897857445,0.00550579805874648,0.00143449068480983,0.649903454868301,0.991290989231239,BARBUNYA
64704,1003.301,335.817577281119,246.518680284288,1.36223987932213,0.679057481986208,65994,287.025593810977,0.795632285672126,0.980452768433494,0.807752858101707,0.854706880249758,0.00519005899606081,0.00170852310844949,0.730523851146275,0.995148722827436,BARBUNYA
64717,954.219,329.085741628942,250.605489261438,1.31316254324195,0.648141000090487,65499,287.054426227197,0.789992797939478,0.988060886425747,0.893165874531762,0.872278527797364,0.00508499685753267,0.00181589686673383,0.760869830056338,0.999145761112849,BARBUNYA
64725,954.98,354.485382830453,233.209557203349,1.5200293979434,0.753121010921008,65283,287.072167813223,0.80286040338386,0.991452598685722,0.891853190920807,0.809827941341454,0.0054767923187401,0.00145303830630539,0.655821294577338,0.996867647554853,BARBUNYA
64734,1032.092,372.892211595657,224.146319706637,1.66361068111089,0.799172180647374,66426,287.092125786978,0.691802122407105,0.974528046246951,0.763669567258053,0.769906468570292,0.00576037648833159,0.00124848263379052,0.592755970346377,0.986115163560481,BARBUNYA
64746,1018.798,374.780734685607,220.607712155562,1.69885599657246,0.808401548496432,65891,287.118734260624,0.799037393557942,0.982622816469624,0.783874685400418,0.766097901220775,0.00578847704391943,0.00122993219051512,0.586905994254877,0.997068767764216,BARBUNYA
64762,1000.168,385.834055922459,214.539056712435,1.79843270421211,0.831155725765706,65876,287.154208390089,0.709642778873548,0.983089440767503,0.81354991799305,0.744242774794866,0.00595772298450418,0.00112750526192879,0.553897307834362,0.996147033184358,BARBUNYA
64778,984.123,367.37461486604,225.332719674864,1.6303651568939,0.789803831178468,65656,287.189678137732,0.801956050758279,0.986627269404167,0.840501776099583,0.781735227520971,0.00567128677739417,0.00130647199198528,0.611109965947264,0.996332395511037,BARBUNYA
64783,1059.216,355.291927360047,232.70273176261,1.52680600123979,0.755661765086887,66071,287.200761535512,0.730855144404332,0.980505819497208,0.725607653506294,0.808351497512262,0.00548433890619526,0.00144445839016628,0.653432143530316,0.997664118145069,BARBUNYA
64828,1010.288,356.174453999774,232.84802029753,1.52964347107035,0.756713099477547,65960,287.300492874779,0.743406265767625,0.982838083687083,0.798145553209741,0.806628576666427,0.00549414533843052,0.00143474368469244,0.650649660694907,0.995262005436105,BARBUNYA
64871,959.372,357.762629314371,231.196582320903,1.54743909154242,0.763143560214933,65510,287.39575937462,0.769342979127135,0.990245764005495,0.885699457243886,0.803314085446533,0.0055149855762108,0.00141666013104299,0.645313519876799,0.998583366958197,BARBUNYA
64913,1040.559,343.670355760377,241.096308792874,1.42544843378595,0.712636358803573,66203,287.488779898266,0.715326295373901,0.980514478195852,0.753369658198237,0.836524812453468,0.00529432248949173,0.00159920987696176,0.699773761850311,0.99749141283403,BARBUNYA
64948,1087.705,352.113267845993,235.852397384282,1.49293910831986,0.742523799289187,66338,287.566274016025,0.771647181826823,0.979046700232145,0.689847978821387,0.816686845614124,0.00542146436912596,0.00148771113106867,0.666977403799147,0.995756650497396,BARBUNYA
65088,1011.127,369.3171615669,225.359759266732,1.63878929747073,0.792242348698239,66543,287.876041878657,0.698069498069498,0.978134439385059,0.800017295410791,0.779481897503183,0.0056741205992948,0.00129211884246545,0.607592028535163,0.995715313591956,BARBUNYA
65099,1008.429,339.042427969052,245.31349531202,1.38207817526637,0.690273993808593,66288,287.900366659569,0.742325761722314,0.982063118513155,0.804439761259711,0.849157341115575,0.00520810500881814,0.00167036802880266,0.721068189970473,0.996572608237017,BARBUNYA
65159,974.379,332.82132211527,250.34963174375,1.32942605026851,0.658929951886007,65995,288.033011120945,0.840576905711005,0.987332373664672,0.862439112070385,0.865428360449778,0.00510783348601528,0.00176742496892176,0.74896624707079,0.995695239627749,BARBUNYA
65170,978.084,380.256455513922,220.031684068816,1.72818954289781,0.815582908477156,66112,288.05732264671,0.701386198286625,0.985751452081317,0.856062111303773,0.757534338917128,0.00583483896752988,0.00118527175125128,0.57385827463861,0.991735869335827,BARBUNYA
65219,1011.11,353.65054573549,235.308999300614,1.50291976416802,0.746512389306292,66672,288.165594525236,0.719435650226689,0.978206743460523,0.801654414128153,0.814831471349592,0.00542250794608152,0.00147452159615415,0.663950326701741,0.997864068425858,BARBUNYA
65231,1026.265,363.466547553159,229.78648098523,1.58175775178228,0.77479866325817,66343,288.19210388666,0.824957001214083,0.983238623517176,0.778296118678495,0.792898564742083,0.00557199104035136,0.00135850330406991,0.628688133970055,0.994432329360669,BARBUNYA
65235,1017.685,329.699539292698,253.314519528168,1.30154220889828,0.640066755817693,66266,288.200939798604,0.752786817143253,0.984441493375185,0.791523446466514,0.874132067084107,0.00505402834816736,0.00182022739303282,0.764106870704734,0.994517344331392,BARBUNYA
65243,980.668,328.505123932325,253.242684536692,1.29719492009543,0.636963248666565,66224,288.218610809844,0.757494485080692,0.985186639284851,0.852510581557406,0.877364125587335,0.00503510145045944,0.00184037988841739,0.769767808867629,0.998538891316077,BARBUNYA
65277,1009.049,365.332350315646,229.355732171786,1.59286339546123,0.778374508809553,66391,288.293700523749,0.801968155683326,0.983220617252338,0.805648380174106,0.789127216012118,0.0055966473691445,0.00133873862685672,0.622721763051035,0.991910701921073,BARBUNYA
65284,1020.755,383.224124673447,222.117122063109,1.72532455451392,0.81490034443764,67271,288.309157743021,0.721210782147592,0.970462755124794,0.78736043620612,0.752325177828236,0.00587010790811604,0.00115997394240532,0.565993173194287,0.976521919399352,BARBUNYA
65290,1032.586,342.669121898428,243.818752748718,1.40542562061084,0.702657514153241,66600,288.322406128554,0.7507963339888,0.98033033033033,0.769491926574332,0.841401771280742,0.00524841663192569,0.00162263841551022,0.70795694071437,0.994980822769245,BARBUNYA
65301,1011.629,357.962785962669,232.599219330536,1.53896813150514,0.76011716784707,66437,288.346693254407,0.773177200502025,0.982901094269759,0.80183896132357,0.805521424465832,0.00548173513365291,0.00142365970688428,0.648864765273463,0.998582195412423,BARBUNYA
65330,974.886,344.979939802369,242.125968080022,1.42479529369751,0.712319636300986,66249,288.410713146284,0.760491240323613,0.986128092499509,0.863803292025683,0.83602169248307,0.00528057461812902,0.00159122330924249,0.698932270302257,0.99583540933997,BARBUNYA
65345,996.042,362.396698728389,230.229793448641,1.5740651689775,0.772267322526738,66369,288.443821307927,0.710611596850668,0.984571110006178,0.82768850361717,0.795933909773585,0.00554589790693074,0.00137296562497644,0.633510788727465,0.997187266707367,BARBUNYA
65425,984.708,325.013163929242,257.480442392998,1.26228291713577,0.610241523878962,66436,288.620334027764,0.816424578217031,0.984782346920344,0.847888339754859,0.888026597256839,0.00496772126754669,0.00190564007336038,0.78859123743556,0.995425247617866,BARBUNYA
65458,1022.133,387.375302514468,215.989223637657,1.7934936567221,0.830129274322538,66482,288.693114083579,0.684477998996152,0.984597334616889,0.787331769592817,0.745254310767003,0.00591792145367209,0.00112607403999408,0.555403987716801,0.99611352888824,BARBUNYA
65459,1000.764,348.153057852225,241.19683757544,1.4434395631051,0.721139716687894,66423,288.695319253394,0.713488473486294,0.985486954819867,0.821326587614418,0.829219542216206,0.00531864308730999,0.00155116759884504,0.687605049193254,0.99251633179637,BARBUNYA
65473,1081.908,390.151438937226,215.361997689563,1.81160763330036,0.833846819173531,67449,288.726189862377,0.748587958198989,0.970703791012469,0.702896596945406,0.740036204015724,0.00595896688615499,0.00110245939278704,0.547653583254002,0.992133411827243,BARBUNYA
65482,1011.661,357.074730770361,234.226864947717,1.52448238954172,0.75479535026904,66602,288.746033511021,0.793894425450401,0.983183688177532,0.804010616475915,0.808643145618493,0.00545302114734372,0.00143828378148124,0.653903736955771,0.996864731444594,BARBUNYA
65496,988.059,366.18412290655,228.391632337949,1.60331672031098,0.781658154522322,66356,288.776898698587,0.789184499710816,0.987039604557237,0.843060777329687,0.788611194844957,0.00559093872765589,0.00133387842168269,0.621907616634791,0.997114880239309,BARBUNYA
65503,1028.839,333.483925534322,253.412474552963,1.31597280726851,0.65004686327446,67100,288.792330055331,0.768093339587242,0.976199701937407,0.777635749342147,0.865985758061999,0.00509112446047238,0.00176618615364813,0.749931333166214,0.986889241765359,BARBUNYA
65526,992.787,361.204135254129,231.623565835281,1.55944467028454,0.767328753882504,66422,288.843027280072,0.697560040878896,0.986510493511186,0.835432484544389,0.799667000148969,0.00551237883060356,0.00139045044807888,0.639467311127252,0.997213890158577,BARBUNYA
65532,975.528,366.868766604199,227.883409533813,1.60989677728059,0.783685486346066,66381,288.856251179691,0.703170770964108,0.987210195688525,0.8653340800947,0.787355799877418,0.00559831481725262,0.00132715364339134,0.619929155600609,0.9980219497437,BARBUNYA
65553,977.31,338.746541571105,247.102547140464,1.37087434140672,0.684021912544622,66402,288.902530061653,0.755358130530973,0.987214240534924,0.862457594203842,0.852857504379894,0.0051675215714171,0.00168642861183901,0.7273659227771,0.997127280348746,BARBUNYA
65563,1033.627,364.120052113853,230.643750485782,1.57871198047614,0.773801827102947,66934,288.924565019092,0.814447204968944,0.979517136283503,0.771153778833802,0.793487102239431,0.00555374299702352,0.00135807898491659,0.62962178142033,0.993991449497001,BARBUNYA
65610,1081.364,342.217738451285,246.047564939432,1.39086009055008,0.695031198876866,68005,289.028106816749,0.690043226301785,0.964782001323432,0.705076252023146,0.844573715333263,0.00521593870524745,0.00163705204609856,0.713304760631832,0.992107123962192,BARBUNYA
65617,977.81,351.898588561292,238.93795808661,1.47276134515947,0.734141381052167,66608,289.04352476208,0.715491391248405,0.985121907278405,0.862416954288881,0.821383018169554,0.00536291797188674,0.00150578787537184,0.674670062537326,0.993627988841295,BARBUNYA
65618,973.379,349.742587943321,239.952377210071,1.4575500022537,0.727523455986348,66416,289.045727258564,0.81298939438993,0.987984822934233,0.870299849516668,0.826452760466811,0.00532997939503369,0.00153383071854105,0.683024165283212,0.99554187364788,BARBUNYA
65653,1142.436,351.945468740535,237.884905753005,1.47947793335807,0.736980410580585,67253,289.122804065154,0.7850694153802,0.976209239736517,0.632121671698593,0.821498867707555,0.00536069134297801,0.00150601203212952,0.674860389644795,0.998441054576903,BARBUNYA
65686,1015.675,352.451030103326,237.83804485974,1.48189508668042,0.737990040226528,66838,289.195457667429,0.771723295267635,0.982764295759897,0.800153214746761,0.820526634814055,0.00536569482238721,0.0015002943140353,0.673263958439278,0.997706552050177,BARBUNYA
65707,1000.653,361.115822483145,233.203359118894,1.54850180480907,0.763518891857622,66803,289.241682276109,0.819994758582821,0.983593551187821,0.824621207035406,0.800966516191932,0.00549585009942844,0.00139531443086415,0.641547360060641,0.993437244924397,BARBUNYA
65732,974.417,380.505644103056,220.471600367521,1.72587146584305,0.81503094911942,66557,289.296701942023,0.765411397563986,0.987604609582764,0.869955436026004,0.76029542905721,0.00578874283610807,0.00119314585607262,0.578049139445288,0.99763851562375,BARBUNYA
65806,1042.863,361.12619235902,234.700328337779,1.53866931042078,0.760009273387414,67326,289.459498860967,0.707469682635246,0.97742328372397,0.760362760243029,0.801546675332804,0.00548773960366866,0.00139729635686743,0.642477072737071,0.988559754469508,BARBUNYA
65897,983.841,351.748076776321,239.802373135549,1.46682483653944,0.731590198174654,66806,289.65956963203,0.818555599721753,0.986393437715175,0.855511148343723,0.823485866039936,0.00533784659053251,0.0015141553969446,0.678128971567544,0.99469641787222,BARBUNYA
65901,989.689,320.09171938181,262.740868127866,1.21827914196445,0.571172655914633,67032,289.66836078107,0.767120257953368,0.98312746151092,0.845482031431825,0.90495424667812,0.00485716027650278,0.00200941059044644,0.818942188580764,0.997700186822658,BARBUNYA
65901,1054.483,347.058976276091,242.85383346342,1.42908584693339,0.714389739902172,67385,289.66836078107,0.771692545492869,0.977977294650145,0.744770907236936,0.83463728236965,0.00526636889085282,0.00157645711347152,0.696619393121394,0.995528915409112,BARBUNYA
65902,1011.416,348.503016442264,241.255595693013,1.4445385834106,0.721645707197349,66877,289.670558526642,0.747035752340792,0.985420996755237,0.809559585864673,0.831185226124523,0.0052882009110841,0.00155696543215034,0.690868880127675,0.997986753422097,BARBUNYA
65908,990.132,361.104809938146,233.023840821885,1.54964748956379,0.763922457018289,66692,289.683744649929,0.718006819692133,0.988244467102501,0.844815364541827,0.802215137205038,0.00547892228467175,0.00139971079860847,0.643549126360897,0.997274288076135,BARBUNYA
65909,1076.99,386.919999446503,217.434281267939,1.77948020519226,0.827163146941985,67278,289.685942278789,0.666413888636111,0.979651594874996,0.714054309772603,0.748697257038123,0.00587051843369651,0.00113783997357705,0.56054758269641,0.997483327476633,BARBUNYA
65911,988.981,380.143951934774,221.110110286717,1.71925178564579,0.81344033144669,66678,289.690337486495,0.746190422280086,0.988496955517562,0.846821485790004,0.762054311299949,0.00576753428008639,0.00119981322580516,0.580726773370839,0.998415542090131,BARBUNYA
65930,1024.555,366.834109131705,229.415998142809,1.59899096881358,0.780308812284913,67081,289.732088634292,0.752634162490439,0.982841639212296,0.789264166135606,0.789817744375209,0.00556399376811322,0.00133559241455651,0.623812069329943,0.997469865095489,BARBUNYA
65935,1007.87,368.864917865512,228.983625666911,1.61087901718386,0.783985541591654,66901,289.743074778523,0.681766481925718,0.985560753949866,0.815674410886007,0.785499137340472,0.00559437200069025,0.00131375370569434,0.617008894762625,0.993926681988919,BARBUNYA
65974,1020.876,374.45876965738,225.512326174091,1.6604802762236,0.798318561360203,66946,289.828752411416,0.76614176885916,0.985480835300093,0.795493603978257,0.773993763523287,0.00567585366443417,0.00125649509640506,0.599066345972943,0.994737851637412,BARBUNYA
65987,1008.537,362.371709099553,232.400459299372,1.55925556340126,0.767263753883374,67136,289.857305994586,0.779988179669031,0.982885486177312,0.815238304057813,0.799889446984822,0.00549156211222746,0.00138674155994694,0.639823127397684,0.99764777098763,BARBUNYA
65994,1024.72,343.708280525277,245.333356859955,1.40098470474798,0.700366244681535,67205,289.872679835911,0.75454483089799,0.981980507402723,0.789775925555604,0.843368333730304,0.00520817469050636,0.00162530348631803,0.71127014633903,0.996478595964842,BARBUNYA
66026,1010.329,348.704281937521,242.292032328076,1.43919004924337,0.719168932719929,67246,289.942949872357,0.771412882195558,0.981857656961009,0.812829044481785,0.831486634638766,0.00528131769208373,0.00155719552318934,0.691370023582901,0.995012858285668,BARBUNYA
66040,1020.017,369.252114638155,229.048329116706,1.61211442171234,0.78436199282945,67289,289.97368765857,0.722617354196302,0.981438273714872,0.797631154645637,0.785300005506339,0.00559134031856685,0.00131171079068118,0.616696098648256,0.994184674444587,BARBUNYA
66041,995.358,361.837091905377,233.011771725497,1.55287043751439,0.765051813726121,67102,289.975883090051,0.7207198358652,0.98418825072278,0.837654415420943,0.801398998546787,0.00547897657372506,0.00139403727937306,0.642240354871794,0.997316060859161,BARBUNYA
66062,1010.706,357.660276104364,236.032589744583,1.51530039343888,0.751322561360137,67275,290.021983312118,0.70862965942612,0.981969528056485,0.812665632538097,0.810886762351797,0.00541400920505532,0.00144390824134083,0.65753734135738,0.996366592059595,BARBUNYA
66073,1020.543,363.315843183672,231.993381996798,1.56606123871537,0.769584791166751,67291,290.046128123246,0.75599263149464,0.981899511078748,0.797207312632089,0.798330525808132,0.00549870360334285,0.00137775189230198,0.637331628437089,0.998100359502668,BARBUNYA
66086,1045.614,358.601098922151,235.828693646878,1.52059994641325,0.753336569446292,67353,290.074660308976,0.729764349919389,0.981188662717325,0.759585299446947,0.808906222487481,0.00542627937720774,0.00143309380195443,0.654329276778966,0.994973063206719,BARBUNYA
66107,1108.565,367.616595070718,230.636709046512,1.59392057140645,0.778710167000721,67763,290.120744835331,0.699352559084273,0.975561884804392,0.675981775299442,0.789193819662904,0.00556093295824524,0.00133064474821883,0.622826884994125,0.992736584417132,BARBUNYA
66163,1012.844,359.847423320916,234.40646388433,1.53514291951644,0.758730079635453,67353,290.243601132415,0.720855486795084,0.982331893159919,0.81047557946484,0.806574070904415,0.00543880149510929,0.00141990731699685,0.65056173185532,0.99870523636605,BARBUNYA
66166,974.533,364.349023738649,232.084621620422,1.56989731243179,0.770876743309772,66906,290.25018125222,0.711768502581756,0.988939706453831,0.875490916963348,0.79662675715146,0.00550658984582186,0.00136798725118622,0.63461419020965,0.996279111641206,BARBUNYA
66185,1035.179,338.38628486036,249.417101296435,1.35670843379013,0.67580763209152,67385,290.291851880649,0.733408685438206,0.982191882466424,0.776137256043937,0.857871210709507,0.00511273377442563,0.00170813155718845,0.735943014164195,0.998460094105491,BARBUNYA
66291,1048.41,371.479240991721,227.64889271841,1.63180780963087,0.790224650902797,67835,290.52422043616,0.76654717853839,0.977238888479399,0.757882929245716,0.782073904481341,0.00560376583535806,0.00129315600783245,0.611639592070689,0.99807826302039,BARBUNYA
66294,1109.72,348.021818610088,243.394084390851,1.42986966787255,0.714765261899368,68370,290.530794200327,0.725714285714286,0.96963580517771,0.676483583042962,0.834806264045842,0.00524967295094712,0.00157273230502924,0.696901498490175,0.996478314186026,BARBUNYA
66301,1010.746,366.511564715056,230.598903056128,1.58938988805964,0.777265906449478,67227,290.546132404969,0.699090036799207,0.98622577238312,0.815541151816912,0.79273387357055,0.00552799452067172,0.00134665711719401,0.62842699430617,0.998815510133941,BARBUNYA
66314,1027.756,365.634365258525,231.261977443493,1.58103969057285,0.774564286690231,67453,290.57461549414,0.732978158988416,0.983114168383912,0.788923780650297,0.794713634996226,0.0055136828612137,0.00135663870245264,0.631569761648914,0.998536860532569,BARBUNYA
66354,1007.809,342.848693410573,247.084099822619,1.38757894035554,0.693268161305448,67573,290.662238261796,0.769553720541845,0.981960250395868,0.820957184080257,0.847785754614845,0.00516696345978498,0.0016464919522201,0.718740685727862,0.997309439092683,BARBUNYA
66365,1009.445,345.072695752701,245.373588853929,1.40631555891748,0.703113172639707,67543,290.686329892462,0.793460066953611,0.982559258546408,0.818433957488057,0.84239156986441,0.0051996187109576,0.00161512934872713,0.709623556978625,0.997954649153405,BARBUNYA
66370,1004.139,339.287072437722,249.883084602837,1.35778327283331,0.676443461562449,67637,290.69727997364,0.720535869376411,0.981267649363514,0.827168545961666,0.856788553377608,0.00511205473011485,0.0016992993074078,0.734086625198894,0.996730540505711,BARBUNYA
66371,1046.92,371.427424314922,228.271012790798,1.62713355398883,0.788856291443529,68131,290.699469940379,0.715166208717203,0.974167412778324,0.760958954925224,0.782654836208067,0.00559623064764613,0.00129525853008405,0.612548592639877,0.996698368532981,BARBUNYA
66372,1060.47,369.242764603627,230.372764083766,1.60280563577979,0.781499420615874,67927,290.701659890621,0.744239243785111,0.977107777466987,0.741648280739776,0.787291418432211,0.00556323094985276,0.0013184052465398,0.619827777537003,0.993463455049169,BARBUNYA
66391,1029.266,365.019816438052,231.916670215158,1.57392660087526,0.772221307701908,67367,290.743265811114,0.686424731182796,0.985512194397851,0.78752404093267,0.796513648623942,0.00549803160726683,0.00136508559268088,0.634433992444224,0.998552537207459,BARBUNYA
66423,967.29,351.141288518274,241.17653892515,1.45595127155901,0.726812266629345,67104,290.813325485514,0.754995567073587,0.989851573676681,0.892102907268884,0.828194618504339,0.00528644127061822,0.00153416754569136,0.685906326119548,0.998646187684129,BARBUNYA
66437,1103.644,383.681468806148,221.503838425196,1.73216623031894,0.816523783158501,68544,290.843971286272,0.668380281690141,0.969260620915033,0.685428035876225,0.758034971538381,0.0057751173112294,0.00117624432594422,0.574617018075194,0.995332194076419,BARBUNYA
66441,1008.386,355.990226986924,238.062880153144,1.49536217808471,0.743501457689056,67698,290.852726636263,0.747603294625979,0.981432243197731,0.821093112928715,0.817024470300829,0.0053579902016364,0.0014727259321871,0.66752898507035,0.998197597049471,BARBUNYA
66444,1009.712,365.915669201447,235.452025786432,1.55409862361241,0.76547989987581,68423,290.859292975802,0.734074286850653,0.971076977039884,0.818974912279574,0.794880671851402,0.00550712884837528,0.00135616567477084,0.631835282482936,0.981934342856486,BARBUNYA
66449,1106.16,382.858702465798,221.87445850671,1.72556456043912,0.814957676710932,68691,290.870236545623,0.642913812454042,0.967361080782053,0.682436762378013,0.759732597619634,0.00576169246287827,0.00118405773739357,0.577193619885876,0.995984854986636,BARBUNYA
66456,1053.899,351.861704434038,241.405516254877,1.45755453269154,0.727525467023821,68026,290.885556851694,0.720718375845914,0.976920589186488,0.751875747797026,0.826704222670601,0.0052946566816245,0.00152552100250037,0.683439871781402,0.996150882937107,BARBUNYA
66466,1010.092,356.170584491972,239.334815363303,1.4881687144067,0.740581252526644,67508,290.907441603626,0.780392156862745,0.98456479232091,0.81862978939815,0.816764365924731,0.00535868841952235,0.00147104309657694,0.667104029444427,0.992763345873843,BARBUNYA
66483,1030.876,375.319902168264,226.100949414068,1.65996606003155,0.798177791907101,67668,290.944641903967,0.701519468186135,0.982488029792516,0.786153975173258,0.775191084254122,0.0056453514758399,0.00125749372078561,0.600921217107081,0.997508825150607,BARBUNYA
66506,986.389,325.082283884449,261.628517859964,1.24253382828262,0.593536513337158,67473,290.994964152572,0.762124129079575,0.985668341410638,0.85896259295732,0.895142487235651,0.00488801437290544,0.00193589109118101,0.801280072454428,0.995617595953379,BARBUNYA
66520,1002.344,374.927498404129,226.561961839096,1.65485633758063,0.796770474814125,67511,291.025590826276,0.74164093073038,0.98532091066641,0.832009939329434,0.776218314380835,0.0056363123632611,0.00126214821684988,0.602514871580225,0.997075553721114,BARBUNYA
66547,1044.703,366.564653786405,233.635667569913,1.56895844542535,0.770561617555037,68580,291.084647454123,0.749538205081997,0.970355788859726,0.766218550424389,0.79408814910926,0.00550835730816422,0.00135106649857958,0.63057598855577,0.989347522727017,BARBUNYA
66555,1032.397,339.400991246965,250.430296817136,1.3552712892993,0.674954173263785,67917,291.102143413354,0.734173165808081,0.979946110693935,0.784688131752993,0.857693851581987,0.00509955662605312,0.00170232065494594,0.735638743041544,0.996990067740426,BARBUNYA
66642,1029.494,346.979721471152,246.021256115459,1.41036480729256,0.705171871990099,67731,291.292344115393,0.735270753343043,0.983921690215706,0.79015127746303,0.839508265440842,0.00520662227230804,0.00159527566392895,0.70477412774349,0.99398862685973,BARBUNYA
66700,1020.511,356.96935953013,238.923523582794,1.49407372776515,0.742982347085351,67735,291.419075617632,0.795012991966435,0.98471986417657,0.804822885671531,0.816369998817882,0.00535186446072159,0.00146633436832859,0.666459974969908,0.995740339209561,BARBUNYA
66795,1067.697,363.066891669719,234.761709139494,1.54653368728879,0.762823030647867,68388,291.626534098983,0.781904806499192,0.976706439726268,0.736305040135143,0.803230866791001,0.00543553996062159,0.00139567407970752,0.645179825365823,0.997792334287342,BARBUNYA
66823,1033.42,379.358784885245,225.095162689891,1.68532624314046,0.804939474506804,68016,291.687651603282,0.752375698072419,0.982460009409551,0.786288834684211,0.768896525466037,0.00567706904636494,0.00122398341343338,0.591201866873744,0.996368021235952,BARBUNYA
66871,990.128,372.968458458255,229.417889869407,1.62571654141951,0.788438664233761,67765,291.792394684963,0.801868239921337,0.986807348926437,0.857166120933898,0.782351397464411,0.00557743204764778,0.00128890675900469,0.612073709114516,0.995058353475465,BARBUNYA
66882,1028.361,356.497778510954,240.087474455556,1.48486621103154,0.739222437987009,68146,291.816393012759,0.736456131078224,0.981451589234878,0.794745211174585,0.818564407979313,0.00533024997026037,0.00147617813306177,0.670047690010523,0.994931174676362,BARBUNYA
66884,1022.644,352.640524820478,242.600975457976,1.45358246872162,0.725752906430049,68186,291.820756133053,0.771548541897379,0.980905171149503,0.803679985484128,0.82753040445823,0.00527241978381195,0.00152519572976512,0.684806570302801,0.995422825057533,BARBUNYA
66906,1019.347,369.027730369771,231.279693313115,1.59559071133049,0.779238791668222,67928,291.868746151504,0.756410256410256,0.984954657873042,0.80915334164121,0.7909127746553,0.00551561489806252,0.00133133717694959,0.625543017112946,0.998110627643066,BARBUNYA
66910,996.008,355.780377918921,239.92746817722,1.48286638717051,0.73839396926479,67749,291.87747076167,0.779037816691505,0.987616053373482,0.847569344534215,0.820386645460775,0.00531729753278913,0.00148574765537749,0.673034248050384,0.998019863848492,BARBUNYA
66931,1037.359,341.617734410518,250.189666995476,1.36543502580662,0.680909757888746,68309,291.923270687126,0.779699913795112,0.979826962772109,0.781590045355461,0.854531955698547,0.00510402854298483,0.00167882755706595,0.730224863309983,0.997074605078301,BARBUNYA
66943,1039.622,339.825894472456,251.661741604981,1.35032799306404,0.671989343856275,68327,291.949438847219,0.798518500846912,0.979744464121065,0.778330613431545,0.859114751394798,0.00507634695894202,0.00170583006664767,0.738078156064146,0.996647595202507,BARBUNYA
66945,996.779,373.736485702959,228.229564515665,1.63754632970571,0.791885384530904,67778,291.953799979201,0.747754892324189,0.987709876361061,0.846701346460329,0.781175537170439,0.0055827393487633,0.00128239451930317,0.610235219873524,0.999288444561044,BARBUNYA
66985,1009.144,340.088255935642,251.151701578166,1.35411487877098,0.674264668847263,68137,292.041008942383,0.729763590805099,0.983092886390654,0.826572859136702,0.858721240281958,0.00507708077831816,0.00170295297978104,0.737402168511385,0.998527248019249,BARBUNYA
66991,1056.519,357.154481730027,239.733033655609,1.48980086842392,0.741248554306093,68096,292.054088040817,0.813352921179156,0.983772908834587,0.754174252437755,0.817724830516282,0.00533138006194903,0.00147044284368194,0.668673898442882,0.996190954592614,BARBUNYA
67012,1010.404,382.859750736457,224.010865181426,1.7091124148214,0.810961858596272,68008,292.099860273491,0.807801726216307,0.985354664157158,0.824844969609589,0.762942199360513,0.00571330136000205,0.00119408005163229,0.582080799565057,0.994841520965805,BARBUNYA
67056,1031.766,336.478503628106,255.169649802124,1.3186462570648,0.651843519559451,68817,292.195740748836,0.776542523624236,0.974410392780854,0.791562265404706,0.868393486056946,0.00501787317507913,0.00176021481348326,0.754107246626136,0.994400698188997,BARBUNYA
67063,990.719,370.089758163931,231.697853247843,1.59729472231257,0.779776061382141,68087,292.210991560164,0.717711900684932,0.984960418288366,0.858601924064812,0.789567895663649,0.00551853866012453,0.00132300588918216,0.623417461862723,0.995781421630825,BARBUNYA
67083,1023.333,370.046724819775,231.379216474285,1.5993084014134,0.780408281798109,67999,292.254560921586,0.789592627031862,0.986529213664907,0.804986100852143,0.789777455979171,0.00551625187931033,0.00132386220027045,0.623748429972931,0.997566104424128,BARBUNYA
67085,1019.709,369.738210901231,232.520652223694,1.59013062867865,0.777503063166867,68180,292.25891750049,0.770233188284327,0.983939571721913,0.810742207818218,0.790448238466113,0.00551148857272462,0.00132721847313575,0.62480841769418,0.993527002031758,BARBUNYA
67087,1084.612,359.914320835844,238.571169688731,1.50862453877152,0.74874738746349,68230,292.263274014454,0.790104700326232,0.983247838194343,0.716637327175394,0.812035690426875,0.00536488918621855,0.00143893438056784,0.659401962527052,0.994789981582408,BARBUNYA
67136,1025.963,403.174102299717,213.029927680635,1.89257024442189,0.849006767046448,68108,292.369988328727,0.744540927792749,0.985728548775474,0.801497050688383,0.725170556990243,0.00600533398325365,0.00102441889270637,0.525872336725539,0.995250336851366,BARBUNYA
67162,1026.783,367.148330894456,233.501495555519,1.57235965457515,0.771699927577241,68174,292.426596436615,0.69742471443406,0.985155631179042,0.800527296519875,0.796480800346275,0.00546660806549024,0.00135705967564037,0.634381665320244,0.997476136151743,BARBUNYA
67163,983.06,369.424951508562,232.344347500882,1.58998897749023,0.777457743115135,67907,292.428773452695,0.758389792231256,0.989043839368548,0.873333058805998,0.791578295560573,0.00550042361878657,0.00133214473222079,0.626596198002582,0.996281048161392,BARBUNYA
67215,1017.512,369.979454110402,231.738706964858,1.59653714718667,0.779537458248347,68160,292.541955964224,0.704080029330121,0.986135563380282,0.815824958345601,0.790697842039977,0.00550441797382136,0.00132719085692556,0.625203077406677,0.998159937615182,BARBUNYA
67234,990.278,366.731238939932,234.142952766749,1.56627066758343,0.769655625979575,68057,292.583300191115,0.752436908958648,0.987907195439117,0.861558064768901,0.797813955082888,0.00545455036053086,0.00136315497478032,0.636507106925001,0.996942411285018,BARBUNYA
67236,1008.387,344.035065604663,249.566195033015,1.37853231908733,0.688317892199548,68429,292.587651875149,0.755036496350365,0.982565871194961,0.830916257209203,0.85045880820581,0.00511682827063868,0.00165117740976258,0.723280184454847,0.997065110026451,BARBUNYA
67284,1030.013,384.460267462902,223.354008271313,1.72130453551516,0.813935875590616,68347,292.692072881998,0.794642857142857,0.984447013036417,0.796959503917751,0.761306427874866,0.00571399244193125,0.00118401556307753,0.579587477123589,0.997646553100623,BARBUNYA
67309,1023.514,401.710793696442,214.182063926618,1.87555758092832,0.846005114823018,68457,292.746444071622,0.774976109057833,0.983230348978191,0.807412423292893,0.728749261073725,0.00596815869640675,0.00103832338462001,0.5310754855155,0.996062652903784,BARBUNYA
67311,1037.096,374.417252991527,229.301248292446,1.63286181728066,0.790531257366462,68197,292.750793330554,0.756907195627973,0.987008226168307,0.786426226316792,0.78188382343903,0.00556249725886596,0.00128238516329142,0.611342313355637,0.998237520766446,BARBUNYA
67359,1028.02,375.787478404901,230.270260829741,1.6319409942509,0.790263433122048,68721,292.855156167372,0.762721652286161,0.980180730780984,0.800944396450608,0.779310575781954,0.00557887555345093,0.00126931296598037,0.607324973525601,0.991118521128771,BARBUNYA
67412,1052.897,377.422007197297,228.38955814557,1.65253617661775,0.796126314935739,68526,292.970346946046,0.792150411280846,0.983743396666959,0.764144162224293,0.776240763281449,0.00559873623683168,0.00125387877878145,0.602549722579767,0.995735214774054,BARBUNYA
67413,1077.615,359.836262287801,239.873652576793,1.50010748751409,0.745398715463274,68823,292.972519921633,0.736030134294137,0.97951266291792,0.729501623129405,0.814182867671381,0.00533778740432559,0.00144686787315945,0.662893742009593,0.994411865814825,BARBUNYA
67429,1124.602,393.261908216109,219.295431513416,1.79329731359246,0.830088267842368,68968,293.00728533937,0.714668786433492,0.97768530332908,0.66997543587687,0.745069072843827,0.00583223699322411,0.00110866687647112,0.555127923308361,0.995509413569044,BARBUNYA
67437,1041.175,380.647880106202,226.566395285869,1.68007210259898,0.803568304866449,68653,293.024666501483,0.799983392251299,0.98228773687967,0.781736955174288,0.769805066088187,0.0056444960497383,0.0012227227579964,0.592599839775038,0.995610458810666,BARBUNYA
67439,998.962,357.310109382868,240.533745645447,1.48548848488624,0.739479356877471,68597,293.029011630921,0.746080915135356,0.983118795282593,0.849225545100428,0.820097175915424,0.00529827116924729,0.0014783430032966,0.672559377944454,0.999079211338743,BARBUNYA
67448,1006.165,380.975292449935,226.828511576941,1.67957409675418,0.803437550455589,68544,293.048563916115,0.725809228650138,0.984010270774977,0.837221799926875,0.769206218155538,0.00564842978961474,0.00121977195257187,0.591678206049145,0.993767388494126,BARBUNYA
67454,1014.674,343.989032892765,249.988996335722,1.37601669647414,0.686917538864961,68666,293.061598048202,0.731676627870399,0.982349343197507,0.823312118630913,0.851950411278259,0.00509960910980468,0.00165719616127898,0.725819503277195,0.998739755135985,BARBUNYA
67516,1006.963,337.136657274513,256.026464180869,1.31680394194072,0.650607120662115,68525,293.196250150542,0.791772211276855,0.985275446917184,0.836738095795176,0.869665887182975,0.0049934335161223,0.0017619305067006,0.756318755329751,0.995923518381915,BARBUNYA
67533,997.712,358.146303062874,241.27950388159,1.48436272995089,0.739014263200551,68874,293.233160086986,0.747377158034529,0.980529662862619,0.85254147347527,0.81875244161185,0.00530327844258176,0.00147005852538902,0.670355560645366,0.995050810037315,BARBUNYA
67535,990.949,351.417837223043,245.538150057805,1.43121481179325,0.715407813908102,68489,293.237502127012,0.748343416882743,0.986070755887807,0.864243577324205,0.834441144035882,0.00520349207408075,0.00155617165100067,0.696292022859912,0.99654345645059,BARBUNYA
67538,1010.848,371.632253509503,231.748690582846,1.60360022995104,0.781746128328757,68500,293.244015066503,0.698392016958792,0.985956204379562,0.830589329452702,0.789070411131591,0.00550256527450477,0.00131585489142187,0.622632113723377,0.998453000741708,BARBUNYA
67546,985.555,356.668696239825,241.483399841404,1.47699053630216,0.735934804235291,68376,293.261382198,0.801713905901344,0.987861237861238,0.873871887978968,0.822223495612887,0.0052803822023484,0.00148869130874058,0.676051476737876,0.998521633194945,BARBUNYA
67548,1071.834,369.828363143268,232.834613734292,1.58837364089392,0.776939885005323,68736,293.265723820174,0.719713597715601,0.982716480446927,0.738868752299792,0.79297791366685,0.00547504534765304,0.00133540146620191,0.628813971563429,0.998791537457173,BARBUNYA
67554,1031.662,363.811986532256,236.749987910748,1.53669273541593,0.759293623637615,68694,293.278748301065,0.730716394985343,0.983404664162809,0.797601689561084,0.806127228232658,0.00538549880883821,0.0014028784968445,0.649841108098067,0.998606109988939,BARBUNYA
67623,992.572,370.4864028991,233.254159964584,1.58833781552,0.776928377976247,68500,293.428488278875,0.684554178814383,0.987197080291971,0.862542013289955,0.792008791639213,0.0054787040341171,0.00132977331203403,0.627277926033806,0.996329250760451,BARBUNYA
67630,1041.652,353.036460980103,245.421890168444,1.43848806941303,0.718841172617429,68870,293.443675022037,0.713667637499472,0.98199506316248,0.783256391253321,0.831199344700477,0.00522011623510429,0.00153702419796556,0.690892350630503,0.993840403630705,BARBUNYA
67658,1068.824,366.239626255327,236.357837075074,1.54951335985952,0.763875267369929,69020,293.504414136639,0.762051721030816,0.980266589394379,0.744246199237077,0.801399938989726,0.00541310157343295,0.00137728291227335,0.642241862212737,0.995162345759693,BARBUNYA
67659,1058.219,370.583890965229,233.344046258891,1.58814375985437,0.776866031238185,69000,293.50658315826,0.661514093802247,0.980565217391304,0.759249175315393,0.792011175644435,0.00547722979892148,0.00132943149706782,0.62728170234568,0.996213521251119,BARBUNYA
67666,1005.38,345.897745218602,250.206384597779,1.38244971556043,0.690477767158759,68744,293.521765860812,0.731935790931118,0.984318631444199,0.841239943018938,0.848579587228332,0.00511183970115867,0.00163503596996649,0.720087315860606,0.995484504990165,BARBUNYA
67686,1044.47,368.601068913785,234.202502721857,1.57385623394273,0.77219793498978,69063,293.565140684217,0.708383045525903,0.980061682811346,0.779680680094827,0.796430519177039,0.00544575050843283,0.00135154054506696,0.634301571876608,0.998299483097674,BARBUNYA
67718,1046.454,353.627789031567,244.306987500395,1.44747308560299,0.722989390840121,69018,293.634527074688,0.766456899674031,0.98116433394187,0.777094262243082,0.830349130306829,0.0052220648724352,0.0015313165134509,0.689479678201307,0.9980032772666,BARBUNYA
67724,969.983,359.9504776723,240.513029449297,1.49659450257842,0.743996363973273,68288,293.647535197631,0.799310735530167,0.991740862230553,0.904532590828246,0.815799820843602,0.00531496186982901,0.00145215956023119,0.665529347688454,0.996027563055141,BARBUNYA
67745,988.59,359.18362610082,240.903780923197,1.49098376424126,0.741730435327003,68522,293.693059090751,0.765471576592355,0.988660576165319,0.871073265822391,0.817668283710445,0.00530199462839796,0.00146193362644859,0.668581422185985,0.996844045552636,BARBUNYA
67760,1020.165,372.765361372575,232.132207383864,1.6058321487296,0.782436728335112,68895,293.72557183748,0.72159568916861,0.983525654982219,0.818167873172095,0.787963695864714,0.00550125976051617,0.00130817772232695,0.620886786000779,0.997039961681444,BARBUNYA
67792,1064.282,403.333844997754,214.955791279482,1.87635719231842,0.846148267796629,68830,293.794920338467,0.803099048724723,0.984919366555281,0.752098766727571,0.728416233802801,0.00594957878507426,0.00103320011786218,0.530590209667457,0.995576756083274,BARBUNYA
67796,1015.155,344.176183423592,253.066138373994,1.3600246387565,0.677762605868702,69240,293.803587750159,0.738647258781487,0.979145002888504,0.826702439163373,0.853642994200334,0.00507664439529754,0.00166288274895219,0.728706361547312,0.991058606122943,BARBUNYA
67801,1015.657,355.091822691326,243.880404438271,1.4560080114235,0.726837559177317,68991,293.814421655216,0.781567723342939,0.982751373367541,0.82594633659315,0.827432238310435,0.0052372652717707,0.00151430754363868,0.684644108995416,0.996847307671231,BARBUNYA
67808,1032.304,364.400420351437,238.508783376239,1.5278280958593,0.756041313429065,68798,293.829588451201,0.749027925061859,0.985610046803686,0.799605142867799,0.80633712817297,0.00537400336761793,0.00140134260867183,0.650179564270232,0.993362605645616,BARBUNYA
67822,1034.662,353.38192078673,245.860498124612,1.43732695362726,0.718297654423263,68887,293.85991969479,0.775285779606767,0.984539898674641,0.796129026571294,0.831564668165741,0.00521043202481098,0.00153687169284919,0.691499797341599,0.99391129714687,BARBUNYA
67848,1001.425,388.536832629535,222.978156736089,1.74248831507472,0.818931035507186,68623,293.916240842849,0.800566371681416,0.988706410387188,0.850178378670361,0.756469441658042,0.00572657753551372,0.00115675254534752,0.57224601616243,0.997131996511095,BARBUNYA
67849,1022.629,389.91481650758,222.091270392069,1.75565125013353,0.821929520963448,68732,293.918406825323,0.750641678098863,0.987153000058197,0.815299369273161,0.75380158532552,0.00574680270169907,0.0011445485932584,0.568216830039267,0.997590588005353,BARBUNYA
67856,1036.144,372.724472472114,232.567680866122,1.6026494785691,0.78145088419381,69052,293.933568255736,0.810201547425733,0.982679719631582,0.794251211960869,0.788608181014266,0.00549287421115471,0.00131046229215896,0.62190286316263,0.996692299368216,BARBUNYA
67906,1076.897,376.549012100721,230.222014108162,1.63559081680092,0.791321810964133,69325,294.041841452515,0.755703443210399,0.979531193653083,0.735816765432717,0.780885972352155,0.00554515082762527,0.00127187260029151,0.60978290181637,0.997355314453073,BARBUNYA
67959,1012.437,340.589037017422,255.259472420322,1.33428559492042,0.66204426648031,69034,294.156567529363,0.807420872540633,0.984427963032709,0.833145450564572,0.8636700996172,0.00501168405976283,0.00172010510890398,0.745926040972784,0.995278371346005,BARBUNYA
67959,1017.31,359.583337707214,241.193177614566,1.49085202684232,0.741676841163871,69095,294.156567529363,0.769472027536544,0.983558868224908,0.825182894199832,0.818048381788137,0.00529118053101449,0.00146166652822626,0.669203154946189,0.997682879920798,BARBUNYA
67960,1003.526,352.42525640601,246.556513553828,1.42938935713442,0.714535245789863,68906,294.158731742238,0.717308930475075,0.98627115200418,0.84801976839014,0.83466983820068,0.00518577481468526,0.00155257395716249,0.696673738801949,0.995818027638549,BARBUNYA
67986,1030.513,360.451593810844,240.555987575859,1.49841040101808,0.744722815198635,69183,294.214995689147,0.722870813397129,0.982698061662547,0.804493249593584,0.816239963259931,0.00530185028992504,0.00145170589160214,0.666247677622574,0.998312449803807,BARBUNYA
67997,1047.09,347.968867651894,250.169954124043,1.39092989352094,0.695068521736951,69185,294.23879642793,0.795984781972491,0.982828647828287,0.779348299796188,0.845589429920738,0.00511741499848367,0.00161387012610608,0.715021483993679,0.994544756596514,BARBUNYA
68015,993.761,386.987869788523,224.323141192208,1.7251357471717,0.814855222755116,68625,294.27773893919,0.777509773886006,0.991111111111111,0.865467310010183,0.760431429284861,0.00568974299475885,0.00117357985443054,0.578255958644216,0.997570025272178,BARBUNYA
68024,1011.261,380.569640732723,230.330448392748,1.65227673279129,0.796054082805855,69648,294.297208262438,0.699187994655155,0.976682747530439,0.835883038449951,0.773307107986381,0.00559463778567451,0.00123412669154179,0.59800388326226,0.98806790243307,BARBUNYA
68035,1022.207,355.899595126562,244.028108690571,1.4584368867844,0.727916676436447,69243,294.32100235297,0.797017408214428,0.982554193203645,0.818209564412749,0.826977626227156,0.00523112508453828,0.00150921081008524,0.683891994280302,0.997413311034937,BARBUNYA
68050,1030.992,382.713734766593,227.230696162043,1.68425191327879,0.804660340208973,69160,294.353445740368,0.724059414368403,0.98395026026605,0.804502508868189,0.769121719448837,0.00562400785843634,0.00121396449308134,0.591548219327936,0.996316220199738,BARBUNYA
68056,1054.621,359.731354726464,242.202544394261,1.48525010596457,0.73938098581491,69299,294.366422094124,0.716801482979441,0.982063233235689,0.768924066367278,0.818295147827628,0.00528581395801198,0.00146194670272728,0.66960694895824,0.994533791894836,BARBUNYA
68062,1016.666,375.280672576029,232.548335620233,1.61377492371688,0.784866334763173,69176,294.379397875878,0.737383805334662,0.983896148953394,0.827480886434199,0.784424617061086,0.00551380612641458,0.00128776350126448,0.61532197985143,0.992991181096063,BARBUNYA
68087,1029.885,372.473519942361,233.89522251827,1.59248023936558,0.778252654117307,69320,294.433457477888,0.700029816065719,0.982212925562608,0.806671284549868,0.790481582485247,0.00547055267440717,0.00131758302099508,0.624861132248381,0.99507900545315,BARBUNYA
68109,1054.03,382.49855130733,227.491870315453,1.68137239707483,0.803909057428054,69487,294.481021718492,0.750760582010582,0.980168952465929,0.770386074432895,0.769887939998714,0.00561597661553289,0.00121706877399211,0.592727440155463,0.996595556866222,BARBUNYA
68118,1027.932,359.645249034764,241.657561777833,1.48824330755022,0.74061181074806,69292,294.500477602787,0.735178889428525,0.983057207181204,0.810108110415827,0.818863806468135,0.00527973882138002,0.00146432981641436,0.670537933543484,0.997923592054645,BARBUNYA
68120,1010.368,368.950019861254,235.45320329112,1.56697812857986,0.769894651354259,69182,294.504800958082,0.706316618970594,0.984649186204504,0.838542999085873,0.798224109240683,0.005416177625679,0.0013563507913528,0.637161728573082,0.998418493042159,BARBUNYA
68131,1036.382,357.762119388052,243.628701882346,1.46847278922343,0.732302393881785,69197,294.528578277816,0.776917462996328,0.984594707863058,0.797103845656809,0.823252553349146,0.00525109156460424,0.00148785873654577,0.677744766595889,0.995249747784647,BARBUNYA
68133,1001.023,356.178450239771,244.359183361237,1.45760206488017,0.727546564846295,69129,294.532901220629,0.704894627393774,0.985592153799418,0.854435459925638,0.826925101791971,0.00522769363215726,0.00150783768116556,0.683805123973662,0.996715760679651,BARBUNYA
68136,1020.991,377.382631018209,230.311323951698,1.6385761001372,0.792181190331804,69141,294.539385515885,0.799830962107339,0.985464485616349,0.821377251455547,0.780479442631458,0.00553866723931855,0.00126774209268972,0.609148160370312,0.998135617025338,BARBUNYA
68138,1047.464,344.730208813568,253.335990199567,1.36076286887625,0.678195101563126,69362,294.543708300083,0.782296211251435,0.982353450015859,0.780406781177354,0.854418036973876,0.00505929450253263,0.00166322634174479,0.730030181906292,0.993397964697057,BARBUNYA
68153,1029.375,358.278926431897,242.696957537466,1.47623987571657,0.735617923506879,69257,294.576127159577,0.76199686940966,0.984059373059763,0.808253527356828,0.82219774992982,0.00525697953768575,0.00148190780371976,0.67600913998966,0.997951648801598,BARBUNYA
68164,1012.348,352.571704264857,250.020104997026,1.4101734109305,0.705075097136271,69862,294.599898722535,0.792088872362183,0.975694941456013,0.835805593740934,0.835574424036101,0.00517240338396891,0.00155529473902058,0.698184618103263,0.984561384369886,BARBUNYA
68167,1098.149,385.233415781862,226.142279341629,1.70350018980704,0.809567612292396,69964,294.606381543173,0.788860343470814,0.974315362186267,0.710332203908156,0.764747733384567,0.00565131831798175,0.00119234607601933,0.584839095716833,0.996273510560201,BARBUNYA
68173,1030.906,368.816598039885,237.01231162216,1.55610734107283,0.766177345189155,69468,294.619346756506,0.771231404491204,0.981358323256751,0.806091116982758,0.798823448625392,0.00541000979918568,0.00135887976946127,0.638118902073764,0.992981507994321,BARBUNYA
68187,1052.896,377.09629404191,231.800683339584,1.62681269359966,0.788761841199509,69510,294.649596702348,0.757330401172864,0.980966767371601,0.772930590454204,0.781364339448006,0.00553032534122208,0.00127158322601312,0.61053023096102,0.99321832955372,BARBUNYA
68210,1068.247,374.539610158379,235.439983712647,1.590807152856,0.777719307793985,70112,294.699286301113,0.779721079103795,0.972871976266545,0.751129034730215,0.786830760507536,0.0054909780114115,0.00129823940561758,0.619102645680868,0.984872917101199,BARBUNYA
68218,1005.139,384.291564056381,226.617758081389,1.69576986071128,0.807620437536209,69026,294.716567676036,0.748472181078086,0.98829426592878,0.848509283599477,0.766908762100218,0.00563328687525845,0.00120203310818454,0.588149049386089,0.997365431554922,BARBUNYA
68247,1088.754,370.368145685751,237.863791976942,1.5570597887452,0.766506879919276,70172,294.779204167358,0.767682789651294,0.972567405802884,0.723492281541396,0.795908631995233,0.00542687804131685,0.00134332990758621,0.633470550484524,0.98635152151374,BARBUNYA
68269,1055.883,344.253402134274,254.077012343507,1.35491754629439,0.674743517814785,69922,294.826712628834,0.748826342576343,0.976359371871514,0.769487926569291,0.856423526393614,0.00504260209076262,0.00167335782378439,0.733461256560474,0.993779526040915,BARBUNYA
68272,1000.45,350.839685116264,248.483048464783,1.41192603392415,0.70595930481188,69358,294.833190462266,0.779067246356966,0.984342109057355,0.857159637335101,0.84036442560528,0.00513885172715409,0.00158094400430458,0.706212367822892,0.997119627608362,BARBUNYA
68282,1027.342,374.666593910746,232.819082140859,1.60926067771398,0.783490815640782,69244,294.854782212543,0.795920270427789,0.986107099532089,0.812991510310866,0.786979108905515,0.00548704774187555,0.00129828881836178,0.619336117853719,0.996673260750023,BARBUNYA
68309,1097.068,381.575079583698,229.151760431758,1.6651632039167,0.799593411797621,69725,294.913072042109,0.700088140040176,0.979691645751165,0.713215374797892,0.772883471226324,0.00558601472110114,0.00122952656692861,0.597348860094852,0.994683341731532,BARBUNYA
68384,1005.668,363.01029588958,240.873847161933,1.50705566489141,0.748135932540414,69167,295.074927818629,0.74385415306966,0.988679572628566,0.84967942513744,0.812855533740523,0.00530840980184809,0.00142954447634857,0.660734118732591,0.995763096622987,BARBUNYA
68384,985.315,364.76295572783,239.063811376029,1.52579745812755,0.755286313600242,69193,295.074927818629,0.748249299719888,0.988308065844811,0.885144501371896,0.80894982120608,0.00533403947893996,0.00140903675487667,0.654399813229349,0.998481571624488,BARBUNYA
68389,1030.293,344.67791544848,253.653764970907,1.35885195903957,0.677073566105785,69587,295.085715047159,0.792006855898737,0.982784140715938,0.809607679741787,0.856120168486007,0.00503996133074735,0.00167011309092126,0.73294174288851,0.99595932318593,BARBUNYA
68451,1002.041,384.893597654014,228.071205773758,1.68760276576,0.805528885931314,69370,295.219443933943,0.720233585858586,0.986752198356638,0.856680098107019,0.767015730407966,0.00562290686263186,0.00120048775860503,0.588313130693266,0.992838866490882,BARBUNYA
68456,1005.058,377.281499838793,232.93298072053,1.61969978949202,0.786650659622986,69503,295.230225882091,0.786416689642496,0.984935902047394,0.851606825165801,0.782519752514338,0.00551129922634675,0.00127472055604285,0.612337163075101,0.991802374130886,BARBUNYA
68460,1022.328,373.070383270305,236.510377660036,1.57739540632996,0.773368743296333,69842,295.238851157108,0.703669441874807,0.980212479596804,0.823125862900093,0.791375741405867,0.0054494651368727,0.00131845276352911,0.626275564085685,0.987884197885466,BARBUNYA
68470,1015.665,344.134644646873,255.580884444731,1.34648037310979,0.66964981755378,69737,295.260413242305,0.811948581728489,0.981831739248892,0.834082901211261,0.857979334063504,0.00502606462168648,0.00168002266122211,0.736128537680054,0.991182628072207,BARBUNYA
68478,1070.054,361.963667981511,243.278049290491,1.48785995710324,0.740454703066638,69587,295.2776617768,0.686806077929893,0.984063115237041,0.751535572790478,0.815766022660272,0.00528583878006821,0.00144396320302023,0.66547420372696,0.990132420210507,BARBUNYA
68488,1019.038,349.306827541842,249.942917753095,1.39754641052443,0.69857202605797,69675,295.299221028132,0.761155380699941,0.982963760315752,0.828788258381795,0.845386341590359,0.00510026322190519,0.00160691631720148,0.714678066547531,0.998795766584044,BARBUNYA
68500,1007.14,339.416859402333,257.416622598803,1.31855066691373,0.651779552938169,69506,295.325090052232,0.766433566433566,0.985526429373004,0.848634621633125,0.870095523752883,0.00495499064820924,0.00175182346617212,0.757066220454804,0.998230169878542,BARBUNYA
68513,1015.202,359.0803257753,243.544441887096,1.47439343305467,0.73483582932254,69406,295.353112271464,0.816710176542813,0.9871336772037,0.835368162048774,0.822526579905929,0.00524105389889948,0.00147978340609666,0.676549974651745,0.997500839759837,BARBUNYA
68551,1025.494,355.975012917386,245.628370290184,1.44924225364048,0.723794339751921,69684,295.435008134006,0.727810336773262,0.983740887434705,0.819138636895215,0.829931869972487,0.00519284930806824,0.00151969085893721,0.688786908796028,0.998219091981617,BARBUNYA
68570,1035.111,367.793103241146,238.700582448063,1.54081359781002,0.760781776882768,69869,295.475947553249,0.707636738906089,0.981408063661996,0.804211290335588,0.803375443828043,0.00536376116729103,0.00137823541673146,0.645412103745904,0.994459745642857,BARBUNYA
68572,1010.432,360.130341281252,242.968845722317,1.48220789464027,0.738120236669622,69571,295.480256635836,0.743989237045395,0.985640568627733,0.844000098040985,0.820481427875787,0.00525185704487622,0.00146814070104512,0.673189773489091,0.997807196856625,BARBUNYA
68605,1034.797,369.540924137764,236.678496692688,1.5613624782212,0.767986301361951,69789,295.551347428084,0.709337551826463,0.983034575649458,0.80511016655083,0.799779748664326,0.00538650133573011,0.00135946536328956,0.639647646373573,0.998721834330203,BARBUNYA
68616,1034.512,369.458838807003,237.868086705643,1.55320893997942,0.765169924580443,69973,295.575040559158,0.77894832440287,0.980606805482115,0.8056829918433,0.800021570775195,0.00538444151228581,0.0013605898107582,0.64003451370561,0.994107328582931,BARBUNYA
68619,1055.776,360.486104269211,243.550278385545,1.48013012614403,0.737253451054652,70143,295.581501992567,0.717021943573668,0.978272956674223,0.773589698812079,0.81995255432045,0.00525344444350997,0.0014648015777407,0.67232219133663,0.995124329872518,BARBUNYA
68638,1006.709,326.932817953271,269.379960247513,1.21364936594718,0.566646207545853,69930,295.622421124535,0.770347923681257,0.981524381524382,0.851072547432002,0.904229875040531,0.00476314604087053,0.0019642151973347,0.817631666915815,0.992318154130717,BARBUNYA
68648,1004.91,347.256382298823,252.654606648033,1.37443123205181,0.68602953942251,69720,295.643955234974,0.728863407124277,0.984624211130235,0.854246910998568,0.851370832345323,0.00505850690914262,0.00163937074055306,0.724832294168368,0.996232143104772,BARBUNYA
68676,1082.871,373.711626458806,235.159092167062,1.58918638022855,0.777200680289549,69854,295.704242401478,0.706630448203482,0.983136255618862,0.735972199415754,0.791263159788455,0.00544166268359844,0.00131581600319173,0.626097388038411,0.994985441767313,BARBUNYA
68725,1130.424,371.809349139606,236.308152998022,1.57340889183251,0.772049258269141,70474,295.809715377849,0.692575908738197,0.975182336748304,0.675836858846398,0.795595151284857,0.00541010329777528,0.00133706903395013,0.632971644747974,0.995923214124312,BARBUNYA
68732,1029.691,359.009354849489,244.455780132707,1.46860652938783,0.73236005688581,69923,295.82477987609,0.79025007185973,0.982966977961472,0.814619893894497,0.824002984546493,0.00522332181297633,0.00148539406898741,0.678980918541528,0.997155810299835,BARBUNYA
68764,1045.125,354.689007836036,247.500826130807,1.43308211685959,0.716295845426947,69957,295.893636386741,0.725060365461466,0.982946667238447,0.791105716623978,0.834234018674538,0.00515806247216619,0.00154105430579709,0.695946397913869,0.997348337143217,BARBUNYA
68770,1032.496,353.782883363733,248.615876334195,1.42301002084103,0.711450967916623,69908,295.906545198712,0.755050505050505,0.983721462493563,0.810647658682336,0.836407183935134,0.00514443628564392,0.00155306121068537,0.699576977338302,0.995505049102078,BARBUNYA
68774,1136.305,373.33268944456,235.583631701359,1.5847140429426,0.775759507537818,70416,295.915150760511,0.686847098771597,0.976681436037264,0.669336198759737,0.792631235161245,0.00542839866002501,0.00132171015726117,0.628264274953241,0.995619219197551,BARBUNYA
68804,1058.95,383.944616092877,228.982053586722,1.67674544829544,0.802692254045146,69932,295.979684498714,0.764488888888889,0.983870045186753,0.771032424228778,0.770891613250582,0.00558026591612228,0.00121564828325992,0.594273879380086,0.99644602229143,BARBUNYA
68823,1054.403,368.629335436055,239.064282866035,1.54196741987854,0.761195798162647,70191,296.020548589634,0.70515368852459,0.980510321836133,0.777911510819804,0.803030361757479,0.00535619393859691,0.00137392782713062,0.644857761904347,0.994349659312299,BARBUNYA
68838,1021.546,324.882708527586,270.189650992173,1.20242469441214,0.555295805838495,69878,296.052805729787,0.757527071044986,0.985116918057185,0.828938389122645,0.911260581000264,0.00471952567662607,0.00200746717385473,0.83039584648494,0.998488471950761,BARBUNYA
68843,1102.682,371.979447528661,236.344257943271,1.57388823729302,0.77220856553153,70506,296.063557328832,0.775259009009009,0.976413354891782,0.711490459551809,0.795913750869316,0.00540330095330914,0.0013375282153688,0.633478698822863,0.997024672652992,BARBUNYA
68852,981.885,354.744204404898,248.506993754065,1.42750189459847,0.713628387130172,69563,296.082909223254,0.774000629524709,0.989779049207194,0.89743948439857,0.834637763060705,0.00515227160292944,0.00154230630228417,0.696620195526978,0.994426648930317,BARBUNYA
68859,1084.476,413.541407122987,217.107222144107,1.90477959709924,0.851105234504913,70948,296.097959822283,0.710179455445545,0.970555900095845,0.735750701456634,0.716005591513172,0.00600562609278361,0.00097365188265027,0.512664007078127,0.976511940849556,BARBUNYA
68862,1033.621,356.636889532857,246.204729448067,1.44853793155133,0.723474342783988,70125,296.104409844826,0.721460900176012,0.981989304812834,0.80996610939765,0.830268596814762,0.00517900859012019,0.00151810161358896,0.689345942856753,0.998543746189022,BARBUNYA
68882,1003.476,356.958068501755,246.81824738744,1.44623856736744,0.722425416439767,69727,296.147406405066,0.778855721393035,0.987881308531846,0.859610343244749,0.829642001504752,0.00518216759823691,0.00151444721009874,0.68830585066081,0.99545446737032,BARBUNYA
68888,1079.833,364.55293237534,241.570880525892,1.50909303133606,0.748929512142994,70428,296.160304155901,0.742503610769795,0.978133696825126,0.742403907848689,0.812393147481194,0.00529196568887672,0.00142187621154388,0.659982626074401,0.995975181811753,BARBUNYA
68894,1040.782,369.556451258477,238.573834081451,1.54902339848513,0.763702759668694,70189,296.173201345065,0.783197862786336,0.981549815498155,0.799229893658995,0.801428848925476,0.00536413114724761,0.00136502006891673,0.642288199890013,0.994919450200524,BARBUNYA
68901,1003.207,373.053715422014,236.05575920881,1.58036269342625,0.774342955754105,69802,296.188247355964,0.709675758075148,0.987092060399415,0.860308633977238,0.793956031294055,0.00541434399242411,0.00132712373387783,0.630366179628206,0.996207193482049,BARBUNYA
68924,1031.296,366.945263432849,239.930231975763,1.5293831894845,0.756616964819248,69919,296.237678868382,0.771341599892565,0.985769247271843,0.814354819960946,0.807307542539225,0.00532391131438757,0.00139497561290241,0.651745468240722,0.996768562950067,BARBUNYA
68936,1025.523,381.007049579196,231.052983211133,1.64900294419067,0.795139123880543,70001,296.263465948576,0.77153633504572,0.984785931629548,0.823692542446908,0.777580011382426,0.0055269677611001,0.00124637016952193,0.604630674101494,0.997037761741356,BARBUNYA
68942,1072.869,368.584991705483,238.622799884,1.54463442673818,0.762148385688376,70514,296.27635864701,0.713020994932258,0.977706554726721,0.752662621206237,0.803821005505697,0.00534630546989473,0.00137680024961163,0.646128208892189,0.998031875541555,BARBUNYA
68957,1009.649,378.06775263018,233.081485699187,1.62204111363058,0.787349281794112,69918,296.308587938829,0.702925586136595,0.986255327669556,0.850055700636721,0.783744675067998,0.00548265952158853,0.00127605517161646,0.614255715697441,0.996348025143828,BARBUNYA
68971,1088.647,370.571474240195,237.678841092797,1.55912689802923,0.767219512227852,70444,296.338665448721,0.727427094868955,0.979089773437056,0.731311203218953,0.799680186005471,0.00537285923417371,0.00135534721288836,0.639488399889745,0.997043565245775,BARBUNYA
68978,1054.813,373.103518960022,236.81888213186,1.5754804498751,0.772736448576959,70161,296.353703058933,0.823598242430032,0.98313878080415,0.779057503392573,0.794293508367277,0.00540902199193978,0.00132807488072371,0.630902177434398,0.993974046331528,BARBUNYA
68988,1043.643,352.040944039678,249.989327171537,1.40822389508699,0.704086362460896,70402,296.375184035691,0.739516336506303,0.97991534331411,0.795938458555248,0.841877028946628,0.00510293013335186,0.00158122628066126,0.708756931868001,0.998088447265064,BARBUNYA
68999,1012.123,391.514971940779,225.366133687252,1.73723960000173,0.817713210726373,69656,296.398811312025,0.676440888993461,0.990567933846331,0.846420303382442,0.757056134642173,0.00567421226308757,0.00114973478965608,0.573133990999348,0.995671065271103,BARBUNYA
69002,1037.299,369.325943295858,238.325742267005,1.54966870042133,0.763929918054734,70098,296.405254787792,0.714476531679385,0.98436474649776,0.805867468484672,0.802557362049025,0.0053523947609614,0.00136972137016239,0.644098319379089,0.998139005535755,BARBUNYA
69013,1050.088,373.475385791593,236.549759978923,1.57884491544135,0.773845482069416,70370,296.428879667295,0.737751884119942,0.980716214295865,0.786483072151031,0.793703925197118,0.00541166716113765,0.00132478362987213,0.629965920873313,0.994618491072155,BARBUNYA
69053,1142.711,400.119056632993,221.036411410456,1.81019522566347,0.833561544133654,70386,296.514772452566,0.667875657691117,0.981061574744978,0.664537662009808,0.741066358967609,0.00579437615502574,0.00107799027427904,0.549179348393509,0.994121834494904,BARBUNYA
69112,1103.241,396.140798262838,223.268239862394,1.77428190640545,0.826042184081717,70526,296.641418914717,0.675581622678397,0.979950656495477,0.71354692435115,0.748828245450994,0.00573186708911387,0.00111174387085289,0.560743741185214,0.994917474115026,BARBUNYA
69123,1053.271,356.35499687579,248.621402336997,1.43332389539322,0.716410493676258,70470,296.665024987322,0.725883687228278,0.980885483184334,0.782982740819723,0.832498569090436,0.00515537515553131,0.0015274746796641,0.693053867537624,0.993370669136365,BARBUNYA
69221,1021.744,378.548082210389,233.55537934489,1.62080652251383,0.786981349694497,70135,296.875250780715,0.820542911332385,0.986967990304413,0.833227396102152,0.784247139880419,0.00546868843574045,0.00127607064471621,0.615043576410617,0.996866640276559,BARBUNYA
69229,1028.211,374.702604825963,236.669232010051,1.58323328150256,0.775279056851704,70463,296.892405498138,0.776937321137983,0.982487262818784,0.822874171679955,0.792341450724727,0.0054125092782788,0.00131591525551796,0.627804974536566,0.993961729979156,BARBUNYA
69232,1021.513,339.751904248633,260.217152869277,1.30564761201315,0.642955610929989,70543,296.898838261629,0.77967476012433,0.981415590490906,0.833736751873889,0.873869534059642,0.00490744026243114,0.00176531080407438,0.763647962557616,0.99705513873206,BARBUNYA
69236,1003.29,379.882894829439,232.828805666693,1.63159748958753,0.79016338428971,69916,296.907415062817,0.703589284988415,0.990274043137479,0.864348467147697,0.78157616229634,0.00548678281283492,0.00126294009984006,0.610861297469875,0.996679759438029,BARBUNYA
69303,1068.546,353.100625013123,250.591117427471,1.40907079483901,0.704516558742278,70842,297.051039669584,0.714059038689403,0.978275599220801,0.762738121757536,0.841264553577453,0.00509502655026655,0.00157418792202825,0.707726049105871,0.997236106541884,BARBUNYA
69339,1031.231,374.91212537299,236.398999001824,1.58592941152893,0.776152621770228,70486,297.128182427032,0.711453812294148,0.983727264988792,0.819361433232739,0.792527534636088,0.00540694450991491,0.00131579767398655,0.628099893156356,0.996122093934841,BARBUNYA
69354,1088.995,373.500139435926,237.309337460835,1.57389567318466,0.772211035395282,70740,297.160319332111,0.758464566929134,0.980407124681934,0.734902300116063,0.795609661032241,0.0053854159736414,0.00133106483246705,0.632994732727837,0.996267670989021,BARBUNYA
69379,1064.746,365.565189007401,242.659601373313,1.50649381659952,0.747916370468593,70780,297.213873118636,0.738129435170704,0.980206272958463,0.769034574554534,0.813025643731682,0.00526910432562304,0.00142014776928411,0.661010697365316,0.995808528286985,BARBUNYA
69386,1036.784,374.2182332975,236.568949083019,1.58185693747228,0.77483100700502,70292,297.228866449734,0.71526059706416,0.987110908780516,0.811157415869674,0.794266126026628,0.00539328154523247,0.00132402754255804,0.630858678953348,0.99792817786695,BARBUNYA
69392,1065.193,383.856709634524,230.488157941546,1.66540751187692,0.799659570116093,70781,297.241717274447,0.761378099626948,0.980376089628573,0.768533249320949,0.774355924525732,0.00553171416927778,0.00122687974328138,0.599627097848102,0.998623473081184,BARBUNYA
69417,1047.174,366.412999804203,243.356273763161,1.50566490083918,0.747591875417859,70839,297.295256398216,0.790266393442623,0.979926311777411,0.795496005880097,0.811366563296277,0.0052784332339946,0.00141108514714174,0.658315700035211,0.991202843214395,BARBUNYA
69448,993.332,374.955168293518,236.501088558457,1.58542681802853,0.775990190324111,70025,297.361631524256,0.783227509050514,0.991760085683684,0.884465209165193,0.793059161919536,0.00539907799063354,0.00131741229009562,0.628942834304517,0.997142836513258,BARBUNYA
69473,1091.187,380.619491303535,234.254831778841,1.62480956492234,0.788170666565289,71276,297.415149061688,0.740918883177271,0.974703967674954,0.733208600333681,0.781397579096931,0.0054786678465524,0.00125992002794463,0.610582176618545,0.992079760740913,BARBUNYA
69473,1021.704,351.058771636782,252.636303161248,1.38958165253358,0.694346281495523,70650,297.415149061688,0.75689367775393,0.983340410474168,0.836326252839308,0.847194752249074,0.00505316844870356,0.00160574495580035,0.71773894823837,0.99735687378079,BARBUNYA
69483,1073.845,371.162466918182,239.710664060217,1.54837695007571,0.763474844979606,70724,297.436553380437,0.744088669950739,0.982452915559075,0.757190622303198,0.801364846640063,0.00534177377082426,0.00135889657345476,0.642185617430452,0.99434540769945,BARBUNYA
69509,1046.853,373.829546855617,238.145900063885,1.56975008494932,0.770827373073205,70544,297.492197401875,0.731365740740741,0.985328305738263,0.797038868245585,0.795796372716294,0.00537814595024553,0.00133051620259882,0.63329186682841,0.994109961751612,BARBUNYA
69509,1061.856,374.344594852504,237.983850196502,1.57298318580614,0.771907627990939,71008,297.492197401875,0.708986128110975,0.978889702568725,0.774675201560034,0.794701463551493,0.00538555575324784,0.00132503191918383,0.631550416170885,0.993418185625671,BARBUNYA
69522,1025.929,363.179257773586,244.665906240326,1.48438850085164,0.739024925287284,70630,297.520015510012,0.786216723588085,0.984312615036104,0.83003710869603,0.819209823088226,0.00522394720769808,0.0014513065227182,0.671104734244242,0.996180150379251,BARBUNYA
69525,1014.682,347.663595278169,255.733716224721,1.35947500552749,0.67743996322791,70517,297.526434704065,0.749886748495373,0.985932470184495,0.848576399486332,0.855788292892765,0.00500055512805708,0.0016544869521628,0.732373602252313,0.99564360697015,BARBUNYA
69561,1008.883,339.905327957106,260.927430521431,1.30268146694216,0.640872466051786,70592,297.603454232848,0.798450413223141,0.985394945602901,0.858804027708047,0.875548071051134,0.00488643532952526,0.00177129909343823,0.766584424721362,0.998615322931035,BARBUNYA
69570,1025.985,341.453982454544,260.884002864401,1.30883449619569,0.645170602680754,70767,297.622706000778,0.783225443287363,0.983085336385604,0.830519520578929,0.871633430254101,0.00490806356841374,0.00174753328438043,0.75974483673653,0.994380250627334,BARBUNYA
69575,1076.93,363.902803885369,244.231060641529,1.48999395461615,0.7413273123995,71278,297.633400889331,0.73228363031649,0.976107634894357,0.753855536104263,0.817892573817832,0.00523036728545267,0.00144376666245427,0.668948262306359,0.996728866787455,BARBUNYA
69580,1012.777,352.239049688249,252.626048585963,1.39431009454431,0.696866799897443,70646,297.644095393597,0.817069447380164,0.9849106814257,0.852445511541541,0.845005957337861,0.0050623605876437,0.00159210579137952,0.714035067936475,0.995586303082458,BARBUNYA
69584,1047.351,367.078147261779,242.049811465644,1.51653969502835,0.751795914266679,71131,297.652650720351,0.753367112727903,0.978251395312873,0.79714027279782,0.810869982156914,0.00527532402940013,0.00140680465663681,0.657510127963155,0.997140208939296,BARBUNYA
69589,1026.872,385.766029536392,230.724244953583,1.67197872774056,0.801426157338787,70774,297.663344533006,0.739097648533254,0.983256563144658,0.829311782566493,0.771616269298605,0.00554349149343132,0.00121218429306045,0.595391667046297,0.995482201975396,BARBUNYA
69598,1026.093,337.904661034738,264.610892647148,1.27698696623697,0.621904178130617,70707,297.682592427703,0.782729961649628,0.984315555744127,0.830678890177929,0.880966221407346,0.0048550915404859,0.00180390728466558,0.776101483260737,0.991071478601138,BARBUNYA
69651,997.465,361.702894864535,245.915526527661,1.47084204064622,0.733320917292441,70419,297.795915906093,0.746183431001789,0.989093852511396,0.879714780352001,0.823316374113133,0.0051930754025719,0.00147187660449156,0.677849851882797,0.997010059395031,BARBUNYA
69673,1063.011,390.066985386522,228.724076719806,1.70540413139088,0.810042421331982,70866,297.842943176992,0.744488967249025,0.983165410775266,0.774816494843616,0.763568705723342,0.00559853867906537,0.00117394278002957,0.58303716836002,0.994313995675618,BARBUNYA
69714,1023.301,370.486592542224,240.056147281452,1.54333307743979,0.761684342333457,70851,297.930565101446,0.730563269583443,0.983952237794809,0.836610033996892,0.804160180418652,0.00531437864047715,0.00137088970197552,0.646673595770959,0.998032750660251,BARBUNYA
69727,1033.067,345.328327996648,257.839721015046,1.33931392198681,0.665216034432754,70784,297.958342282522,0.722821748820816,0.985067246835443,0.821020245619085,0.862826238470117,0.0049525768783491,0.00169318480534854,0.744469117792492,0.997077853948725,BARBUNYA
69728,1007.023,340.837922709914,261.460976534139,1.30359003178209,0.641512788215731,70842,297.960478881501,0.794349510138984,0.984274865192965,0.864048843074098,0.874199902735278,0.00488810696864838,0.0017610167194486,0.76422546994237,0.996236704650854,BARBUNYA
69741,1033.122,385.554742799373,231.672638568233,1.66422217652526,0.799338259074531,70820,297.988253274143,0.768241903502974,0.984764190906524,0.821097660539347,0.772881825056953,0.00552837990277416,0.00121683031494364,0.597346315503366,0.994116985326353,BARBUNYA
69773,1095.057,387.116310429451,231.153290907422,1.67471684659896,0.802154999165621,71055,298.056609983417,0.762446455109712,0.981957638449089,0.731179167577484,0.769940717953126,0.00554822510755523,0.0012027157184503,0.592808709162176,0.99278673204448,BARBUNYA
69785,1037.342,367.522876168564,242.785295737087,1.51377732762924,0.750738820705962,70841,298.08223970801,0.758549098893454,0.985093378128485,0.814944480791345,0.811057648480349,0.00526650248862311,0.0014057527866981,0.657814509158473,0.995784689749656,BARBUNYA
69806,1052.445,361.051446768439,247.359231971392,1.45962389958502,0.728441513289704,71110,298.127086424201,0.719093484419264,0.981662213472086,0.791961005858218,0.825719129759934,0.00517221222772311,0.00148315139349258,0.681812081251502,0.995189208820499,BARBUNYA
69816,1028.089,367.55149246968,243.537395390547,1.50921993675862,0.748978809328068,70868,298.148439632392,0.765643848836444,0.985155500366879,0.830048371915169,0.811174612920357,0.00526457391528704,0.00140604879077969,0.658004252646491,0.993073136566039,BARBUNYA
69824,1055.572,389.048708279188,229.112799506137,1.69806623251865,0.808202133866579,70943,298.16552109791,0.688395938085379,0.98422677360698,0.787478789987056,0.766396378532482,0.00557184790729817,0.00118574906658263,0.587363409027704,0.997381971086987,BARBUNYA
69852,1094.715,378.091521946601,236.366555678897,1.59959822091006,0.780499035799424,70620,298.225298522511,0.768812529579449,0.989124893797791,0.732464484366637,0.788764839230196,0.00541275155967761,0.00129237345111909,0.622149971605837,0.995189987719939,BARBUNYA
69856,1020.927,366.01059658704,243.404842351886,1.50371123700943,0.746824391684643,70962,298.233837176501,0.789761678650568,0.984414193512021,0.842217379328293,0.81482295856311,0.00523950121087723,0.00142469774452101,0.66393645380154,0.998368706241566,BARBUNYA
69886,1084.538,386.131604481606,231.551315576336,1.6675854486964,0.800247827781087,71333,298.297869290683,0.777686281492032,0.979714858480647,0.746638707604302,0.772529018159905,0.00552516390237824,0.00121390341989034,0.596801083899106,0.995216803276386,BARBUNYA
69892,1052.973,389.855770691423,228.671465764595,1.70487283749149,0.809910114099034,71139,298.310674064188,0.684269783926141,0.982470937179325,0.79214167377896,0.765182142963084,0.00557797417002551,0.00117954785991908,0.585503711909577,0.998209374685078,BARBUNYA
69900,1039.311,387.104368586016,230.419673005763,1.67999703990698,0.803548605511521,70979,298.327746240587,0.742771526028882,0.984798320630046,0.813197419922571,0.77066489156476,0.00553797379951381,0.00120501640189944,0.593924375090524,0.997791192080683,BARBUNYA
69923,1053.345,368.807948346263,242.685901073961,1.51969251907166,0.752993591923654,71044,298.376823306564,0.756087802768166,0.984221046112269,0.791933365604465,0.809030349385061,0.00527448691197836,0.00139386026148136,0.654530106226113,0.994684505939001,BARBUNYA
69949,1119.198,367.497011664811,243.000360257291,1.51233113924482,0.750182489201458,71364,298.432292010566,0.785449604743083,0.980172075556303,0.701742085748325,0.812067261876845,0.00525378506718911,0.00140935394135006,0.659453237812157,0.997311666419148,BARBUNYA
69963,1080.634,379.312388992106,236.976214473421,1.60063485626592,0.780823157962447,71325,298.462155504356,0.782461359518644,0.980904311251314,0.752871803762113,0.786850533138182,0.00542161412449589,0.00128196846001107,0.619133761499841,0.991007079347676,BARBUNYA
69985,1009.03,378.877672551615,236.033503761021,1.6051859863726,0.782237151760681,70931,298.509077815551,0.702547783488596,0.98666309512061,0.863787019895602,0.787877194782135,0.00541369825750682,0.00128679074427815,0.620750474057767,0.996419961991672,BARBUNYA
70002,1048.285,382.024749175057,234.112103090723,1.63180264553437,0.790223146932604,71186,298.545330914002,0.705750695648667,0.983367516084623,0.800500429561506,0.781481648921123,0.00545734049277245,0.00125555560311493,0.610713567600478,0.996564015274191,BARBUNYA
70019,1031.181,367.381144208229,243.076759651059,1.51137914104011,0.749815168768331,71281,298.581579610684,0.737414693739995,0.98229542234256,0.827477061053189,0.812729734004666,0.00524687790754266,0.00141209955659563,0.660529620535296,0.998310690516182,BARBUNYA
70023,1025.656,363.034185512778,246.508518049524,1.47270442573446,0.734117108467423,71050,298.590108076256,0.719808799342105,0.985545390570021,0.836463755488804,0.822484823721226,0.00518449917188321,0.00146351825864277,0.676481285251736,0.996256982716769,BARBUNYA
70027,1018.064,372.303574325919,240.170266695487,1.55016513679424,0.764104434049477,70967,298.598636298241,0.779880167498218,0.986754406977891,0.849034277862467,0.802030001562232,0.0053165718126711,0.00135698142903739,0.643252123405913,0.997147015872712,BARBUNYA
70040,1048.175,363.109534952909,247.007513404347,1.47003437243022,0.732974418867372,71356,298.626351337672,0.78291974066622,0.981557262178373,0.801103090476177,0.822413962157177,0.00518431660412492,0.00146296244462256,0.676364725151067,0.994279394271389,BARBUNYA
70042,1025.456,399.904017862921,223.281040344206,1.79103437195758,0.829614529232226,70743,298.630614961595,0.657165375016419,0.990090892385112,0.837017121161301,0.746755725429995,0.00570948884759031,0.00109519445411763,0.557644113462477,0.998759774531109,BARBUNYA
70046,1110.954,380.288632073208,235.467221759858,1.61503851462199,0.785248865408171,71441,298.639142026827,0.700712256412308,0.980473397628813,0.713183110727616,0.785296001089344,0.00542912703185347,0.00127363008720713,0.616689809326914,0.995977793637859,BARBUNYA
70056,1097.408,374.028681822039,239.795429910218,1.55978236099862,0.76744475277962,71547,298.660458624784,0.70828025477707,0.979160551805107,0.731002659595514,0.798496139841183,0.00533899568662269,0.00133884597292648,0.637596085341271,0.994511127357086,BARBUNYA
70066,1042.494,374.283194405283,239.149037189545,1.56506251835182,0.769246514328196,71094,298.681773701399,0.723523337463858,0.98554027062762,0.810158626269345,0.79801011150391,0.00534186616055266,0.00133630730507019,0.636820138062483,0.996663329013224,BARBUNYA
70069,1111.06,393.343333949192,227.888126234133,1.72603698336205,0.815070446793919,71813,298.688167927771,0.740514890828771,0.975714703465946,0.713281168646014,0.759357391236106,0.00561365702306572,0.00115135840556697,0.576623647624904,0.995273741281709,BARBUNYA
70082,1020.397,374.393105312725,238.787131108009,1.56789481734415,0.770203776017437,71054,298.715874660403,0.794526449447883,0.986320263461593,0.845820106976567,0.797866922284507,0.00534221490985881,0.00133543563314903,0.636591625675752,0.998108710661695,BARBUNYA
70114,1011.797,371.371628118303,241.122521422945,1.5401781050012,0.760553251624264,71138,298.784064902332,0.775580186279065,0.985605442941888,0.860652497892547,0.804541979731291,0.00529668294660557,0.00136892160999763,0.647287797149945,0.996938492804805,BARBUNYA
70135,1026.311,388.024790643263,230.707012322743,1.68189422045154,0.80404554272276,70895,298.828806292166,0.755179171332587,0.989279921009944,0.836732615526287,0.770128129691845,0.00553254139364458,0.00120048401482322,0.59309733614266,0.997526981823543,BARBUNYA
70136,1018.018,368.7215363205,242.838435052118,1.51838211377604,0.752496939636402,71134,298.83093666745,0.727582057346778,0.98597014086091,0.850432685604206,0.810451539255087,0.00525723645945734,0.0013990894429729,0.65683169748094,0.997321501216215,BARBUNYA
70213,1067.05,386.602819347118,232.090880915202,1.6657389459794,0.799749266825398,71494,298.994929981246,0.674865436370627,0.982082412510141,0.774921754937856,0.773390454022499,0.00550614301264891,0.00121512926098618,0.598132794373127,0.996333090454805,BARBUNYA
70236,1079.405,362.856582496285,248.416544892731,1.46067800215549,0.72890619601923,71461,299.043897553551,0.721553318265872,0.982857782566715,0.757531651202944,0.824137998258893,0.0051662478286959,0.00147012665669773,0.679203440174176,0.992097524050753,BARBUNYA
70249,1056.843,378.126483039342,237.30592184936,1.59341359917421,0.778549302431259,71505,299.07157133051,0.706233035085956,0.982434794769597,0.790367475102328,0.790929979108058,0.00538266000995519,0.00129935810690482,0.625570231851873,0.996792114671336,BARBUNYA
70264,1101.506,398.948545771731,226.355646704193,1.76248550270578,0.823455710739359,71973,299.103499429999,0.639787296037296,0.97625498450808,0.727727856529012,0.749729514244523,0.00567785132887014,0.00110657845611505,0.562094344529329,0.990683133385848,BARBUNYA
70292,1075.449,391.716942989649,229.864075524754,1.70412423992485,0.809723445279105,71620,299.163089432042,0.774413890357835,0.981457693381737,0.763723447335632,0.76372261855405,0.00557271016601675,0.00116946931389061,0.583272238091054,0.993968359406183,BARBUNYA
70314,1019.184,376.326749647431,238.293782300798,1.57925543005731,0.773980207256642,71331,299.209901822296,0.708082415258504,0.985742524288178,0.850641319241722,0.795080078954305,0.0053520884837647,0.00131930903388101,0.632152331949984,0.998330002855407,BARBUNYA
70341,1168.554,402.913437358705,223.491153118571,1.80281604768912,0.83205858323983,71605,299.267343384166,0.673325803116744,0.982347601424482,0.647322688896434,0.742758408222892,0.00572800269201042,0.00107540805097035,0.551690052985804,0.994595680873267,BARBUNYA
70344,1037.985,378.651094871609,237.909773243875,1.59157435908891,0.77796413191203,71521,299.273725099365,0.8213535098781,0.983543294976301,0.820455005810753,0.790368043702187,0.00538284849982385,0.00129571477000264,0.624681644505622,0.994227287988643,BARBUNYA
70374,1067.18,394.947769347406,227.144453858224,1.73875154175641,0.81806533398908,71394,299.337534768349,0.792339390664055,0.985713085133204,0.776509450373195,0.757916762672089,0.00561212620211166,0.00114233436204376,0.57443781913934,0.998804643671719,BARBUNYA
70380,1081.527,369.959354616856,244.269549955746,1.51455371610535,0.751036661420282,71769,299.350295069941,0.800081849805607,0.980646240020064,0.756108977567283,0.809143737911316,0.00525659782064302,0.00138991173928063,0.654713588601097,0.99159889860046,BARBUNYA
70413,1068.42,371.22531730031,243.174432128608,1.52658038121368,0.755577854065256,71731,299.420467008247,0.716627992183683,0.981625796378135,0.77513740379559,0.806573401797446,0.00527211334981197,0.00137638549374227,0.650560652487105,0.993133128876382,BARBUNYA
70466,1051.738,379.7271200116,238.295475071107,1.5935137664628,0.778581100769223,71737,299.53313299084,0.779836210712705,0.982282504147093,0.800523991970563,0.788811536509927,0.00538879913733716,0.00128695918312748,0.622223640131151,0.991521936367582,BARBUNYA
70477,1024.772,355.12048993234,253.352096026683,1.40168759407042,0.700730848982981,71580,299.556511186621,0.793177572197087,0.984590667784297,0.84334014051605,0.843534855574496,0.00503881393833932,0.00157369373408377,0.711551052569087,0.997372282933841,BARBUNYA
70483,1068.725,371.485220136734,242.915107087806,1.52928002128107,0.7565788428134,71947,299.569262160804,0.791010605465462,0.979651688048147,0.77546519011924,0.806409638721402,0.00527056481898803,0.00137486406817165,0.650296505422783,0.994485453651958,BARBUNYA
70518,1045.719,371.099968453487,243.286313298503,1.52536311402838,0.755124332741588,71865,299.643632029173,0.807211538461539,0.981256522646629,0.81036346491583,0.807447204261159,0.00526248572638883,0.00137983524611364,0.651970987669162,0.994492496007189,BARBUNYA
70521,1023.438,352.490347595676,255.663340202392,1.37872855496855,0.688426687830971,71546,299.650005730466,0.760514623414718,0.985673552679395,0.84606796149042,0.850094216123557,0.00499837420903952,0.00161018870186797,0.722660176286724,0.996352220585112,BARBUNYA
70522,1054.957,368.156403524507,244.52000893221,1.5056289468179,0.747577785204562,71668,299.652130267437,0.729882737707124,0.984009599821399,0.79627846035644,0.813926166701839,0.00522044756990027,0.00141327782278675,0.66247580484195,0.997442748336526,BARBUNYA
70573,1049.016,394.676397227454,228.370126141738,1.72823128793342,0.815592824653132,71745,299.760461686652,0.672636294319482,0.983664366854833,0.805905683945089,0.759509471031019,0.00559245599914208,0.00114792922836149,0.576854636585818,0.996938231537075,BARBUNYA
70574,1055.918,383.842179335365,235.496087903727,1.62993017315975,0.789676683651667,71425,299.762585440777,0.714131039716671,0.988085404270214,0.795415794735713,0.780952697694209,0.00543886104422826,0.00124791970919857,0.609887116035862,0.99407341264823,BARBUNYA
70620,1163.561,391.039484420924,230.862271732127,1.69382152175411,0.807124714896127,72221,299.860261870754,0.699263307984791,0.977831932540397,0.655479727963975,0.766828603804054,0.00553723427387318,0.00118104345813617,0.588026107612074,0.996011276426632,BARBUNYA
70648,1017.479,367.611946249731,245.767533696383,1.49577098618678,0.743665808719441,71492,299.919701514338,0.77099703160468,0.988194483298831,0.857548766977524,0.815859507760918,0.00520343033418824,0.0014221029039266,0.665626736403887,0.995625159943128,BARBUNYA
70651,1028.338,378.256100509549,238.697440909533,1.58466759873186,0.775744463131147,71776,299.926069348905,0.763926733272782,0.984326237182345,0.839569026721416,0.792917996417967,0.00535386760993545,0.00130545074410362,0.628718949043482,0.996310547257952,BARBUNYA
70657,1076.783,397.165863913409,227.278960971935,1.74748187080304,0.820077828970464,72048,299.938804612462,0.717038765983357,0.980693426604486,0.765788212583118,0.755197845195111,0.00562104057507974,0.00112781911610298,0.570323785387339,0.996630475452142,BARBUNYA
70664,1028.213,391.833325782869,229.87075723712,1.7045810023529,0.809837377027759,71445,299.953661736551,0.701560700528176,0.989068514241724,0.839927693011677,0.765513400722756,0.00554502045996362,0.00117461111549622,0.586010766686118,0.998902820067413,BARBUNYA
70675,1041.369,365.767852783942,248.690833681322,1.47077335891135,0.733291480653799,71996,299.977007159145,0.761419952596423,0.981651758431024,0.818966978036765,0.820129502568233,0.00517534988021141,0.0014442727549441,0.672612400982818,0.989260400238927,BARBUNYA
70682,1081.066,366.849939446826,245.673054432327,1.49324450861939,0.74264735516952,71974,299.99186239125,0.793716031082963,0.982049073276461,0.760001196653676,0.817750884308741,0.005190146564144,0.00143167181280553,0.668716508787728,0.998557254570407,BARBUNYA
70692,1006.43,378.574466263035,238.177905722238,1.58946089107244,0.777288656395198,71443,300.013082875428,0.78786527873749,0.989488123399073,0.877027043100611,0.792481029787618,0.0053552660309941,0.00130291568585564,0.628026182573243,0.998223055769688,BARBUNYA
70718,1060.02,362.183118483475,249.039681853501,1.45431890929146,0.72608297274086,72065,300.068249111067,0.731752240226817,0.981308540900576,0.790882042890068,0.828498717354651,0.00512151246476817,0.00148848807062398,0.686410124658301,0.998259223819674,BARBUNYA
70743,1034.348,357.522173435798,253.086640673589,1.41264735461443,0.70632193891853,71718,300.121284005649,0.752041076667942,0.986405086589141,0.830921466537534,0.839448029534715,0.00505381696331507,0.00154801272937078,0.704672994289717,0.995454441251598,BARBUNYA
70776,1060.894,386.619943848659,234.100208180412,1.651514737444,0.795841699765542,71978,300.191275719625,0.775763421531447,0.983300452916169,0.790227050107201,0.776450569857653,0.00546258539404118,0.00122470997195116,0.602875487432274,0.995657752338136,BARBUNYA
70853,1087.632,370.819163828718,244.154889185431,1.51878655826174,0.752650398920178,72371,300.354526290383,0.726697435897436,0.979024747481726,0.752669216175637,0.809975739088603,0.00523364097255893,0.00138954217440455,0.656060697912128,0.996416169392758,BARBUNYA
70877,1088.816,348.913971608316,261.220411727032,1.33570714976486,0.662946130112555,72790,300.405391449944,0.723183037946269,0.973718917433713,0.75128756855981,0.860972663448322,0.00492280953776706,0.00166859234188253,0.741273927205298,0.99012488450239,BARBUNYA
70878,1026.542,360.227000834385,251.133647203815,1.43440357293912,0.716921532319957,71854,300.407510644689,0.732998262596178,0.986416900938013,0.845216317314888,0.833939460253847,0.0050823527869633,0.00151629138519312,0.695455023368478,0.997563170338203,BARBUNYA
70881,1019.768,353.954863590361,255.54032881388,1.38512330023712,0.691937518714649,71954,300.413868139227,0.758572345890411,0.985087694916196,0.85651887992177,0.848734963243512,0.00499364940661618,0.00159840262223219,0.720351037831965,0.997775006851049,BARBUNYA
70924,1079.045,391.006650369572,232.683997874556,1.68041916909289,0.803659347952268,72038,300.504977447623,0.827343248760572,0.984535939365335,0.765462592221385,0.768541857698819,0.00551303719995449,0.00118642636440465,0.590656587035152,0.99255065120485,BARBUNYA
70925,1050.316,382.779077548623,236.646913461315,1.61751138837987,0.785994357953334,72151,300.507095940082,0.772275394984701,0.98300785851894,0.807921649289008,0.785066670478899,0.00539695562282161,0.00126460463706431,0.616329677096824,0.996920271700603,BARBUNYA
70966,1038.128,361.020119152956,251.013027275199,1.43825252048433,0.718731051820591,72074,300.593941275728,0.764398582492272,0.984626911230125,0.827481668107531,0.832623793878846,0.00508722654726146,0.00150819018883895,0.693262382133203,0.997086368460048,BARBUNYA
70978,1053.128,370.864511631015,245.343368306009,1.51161416830492,0.749905933300619,72273,300.619354676662,0.802446524668747,0.98208182862203,0.804213394816726,0.810590782478959,0.00522506285935099,0.00139148306751186,0.657057416639852,0.993217300382628,BARBUNYA
71003,1076.435,365.108887837944,248.970330639965,1.46647549087255,0.731438823639516,72459,300.672292363016,0.716160332445736,0.97990587780676,0.77003584550519,0.823514032056298,0.00514216142751635,0.00145884611612689,0.678175360993622,0.99452754541079,BARBUNYA
71010,1022.124,360.236743094615,252.433654083413,1.42705513812187,0.713413040486808,72032,300.687113245054,0.804773561811506,0.985811861394936,0.85412651673187,0.834693070623503,0.00507304243197599,0.00151899201233466,0.696712522146892,0.994247184523572,BARBUNYA
71016,1068.488,379.498786776776,239.198683968092,1.58654211838138,0.776350385708586,72219,300.699816276818,0.73353785132162,0.98334233373489,0.781675990824917,0.792360415248685,0.00534384908720255,0.00129934665094292,0.627835027653068,0.996086714766734,BARBUNYA
71042,1038.418,375.672860328115,241.155196711929,1.55780536953087,0.766764321094004,71867,300.75485654778,0.719572968154931,0.988520461407878,0.827905233925251,0.800576481050822,0.00528803891118093,0.00133994111951573,0.640922702011717,0.998432826648085,BARBUNYA
71051,1069.422,376.080592350469,241.686928780075,1.55606508903379,0.766162709217892,72335,300.773906602581,0.802292231255646,0.982249256929564,0.78069577773103,0.799759181197762,0.00529310765999732,0.00133575690559003,0.639614747910116,0.995282179654077,BARBUNYA
71078,1097.521,392.83961305097,230.632168337587,1.7033166530176,0.809521742588019,72505,300.831049528944,0.68184260005372,0.98031859871733,0.741514052011092,0.765785932820149,0.0055268805122678,0.00117243662146533,0.586428094905226,0.998872739849459,BARBUNYA
71081,1078.031,397.446496296179,228.986135641323,1.73567930295451,0.817348700836208,72466,300.837398072979,0.697693364742835,0.980887588662269,0.768600908962078,0.756925525514744,0.00559145898758007,0.00113218529691589,0.572936251175772,0.994433593078134,BARBUNYA
71085,1049.342,383.936668730698,236.905289751614,1.62063358371289,0.786929729666935,72146,300.845862589963,0.79942645074224,0.985293709976991,0.811248151089027,0.783581999564057,0.00540109261772101,0.0012560276229957,0.614000750040806,0.995070235941032,BARBUNYA
71133,1050.271,366.831218781159,247.460397410047,1.48238353538773,0.738193295399084,72336,300.947418223926,0.72135686035899,0.983369276708693,0.810360458286366,0.820397509306487,0.00515697663224043,0.00144102746755967,0.673052073276288,0.997721311883344,BARBUNYA
71153,1049.648,381.641962532018,237.989804183448,1.60360635549681,0.781748028477964,72426,300.989722958345,0.690557760804371,0.982423439096457,0.811550808278083,0.788670409724907,0.00536368055502956,0.00128004387072431,0.622001015175653,0.997444781061147,BARBUNYA
71154,1028.27,354.597351331225,256.055070275066,1.38484799754326,0.691787738386686,72195,300.991838038984,0.749739212897108,0.98558071888635,0.845658177336361,0.848827090526773,0.00498351956785599,0.00159585290134615,0.720507429612147,0.997793271113425,BARBUNYA
71175,1023.921,376.931591663597,240.650986528017,1.5662997983169,0.769665476056729,72235,301.036251299615,0.715686274509804,0.985325673150135,0.853108834588363,0.798649563892972,0.00529584252425145,0.00132904553480189,0.637841125906435,0.999050426865475,BARBUNYA
71197,1032.165,376.29822791624,241.22198597668,1.55996654447832,0.7675079818402,72221,301.08277245055,0.775566448801743,0.985821298514283,0.839795032948262,0.80011743376471,0.00528531016638678,0.00133618064004932,0.640187907814224,0.998671718369763,BARBUNYA
71200,1034.189,353.435735239145,258.452821738865,1.36750580961445,0.68210063071677,72192,301.08911568694,0.788465371752564,0.986258865248227,0.836546389891202,0.851892114087485,0.00496398504549362,0.0016126815570851,0.725720174044444,0.992426554160185,BARBUNYA
71223,1077.275,359.834156641862,255.009528013283,1.41106161579625,0.705523751493925,72555,301.137742726933,0.796945283652232,0.981641513334712,0.77121765656717,0.83687925998268,0.00505221847776507,0.001528667758477,0.700366895789159,0.988260843622451,BARBUNYA
71236,1055.392,345.96859904983,264.740745929037,1.30682036811426,0.643773487576763,72582,301.165224102575,0.826422886841922,0.981455457275909,0.803677469849584,0.87049872424751,0.00485665392568125,0.00172024172085813,0.757768028916542,0.990266694493936,BARBUNYA
71243,1053.652,348.702574126766,260.980727068152,1.33612385115207,0.663209716775453,72741,301.180020727749,0.76140347127223,0.979406387044445,0.806413280481031,0.863716080909283,0.00489455208408918,0.00168026096810383,0.746005468421292,0.996755699447559,BARBUNYA
71260,1075.675,360.49606356018,254.155122030304,1.41840959442555,0.709192420821992,72747,301.215952362799,0.713484721054107,0.979559294541356,0.773915476498628,0.835559615791794,0.00505888385574208,0.00152105261691838,0.698159871542131,0.99027666023827,BARBUNYA
71275,1008.785,371.775841515514,245.295618495123,1.51562365359945,0.751446171718719,72348,301.247653187537,0.790127151994856,0.985168905843976,0.880136147835603,0.810293783370985,0.00521607634535971,0.00138705515264265,0.656576015369665,0.995122139280338,BARBUNYA
71342,1075.003,391.565960121399,232.524522464193,1.68397705313725,0.804588824138662,72680,301.389209495788,0.723872722107228,0.981590533847001,0.775775020974577,0.769702272900195,0.00548857559532111,0.00118831201696934,0.592441588907727,0.997658041044786,BARBUNYA
71364,1042.468,387.378607485738,236.528915335485,1.63776427476654,0.7919480459229,72498,301.435676174006,0.821635810997513,0.984358189191426,0.825208292255748,0.778142288575147,0.00542820760447478,0.00122764354200781,0.605505421268967,0.99167514713178,BARBUNYA
71368,1067.432,386.666467905462,235.813610132588,1.63971226125607,0.792506783131666,72557,301.444123891409,0.711545363908275,0.983612883663878,0.787105512645238,0.779597272875264,0.00541792495103495,0.00123450823857305,0.607771907874549,0.996571049388891,BARBUNYA
71385,1066.275,377.316380027522,241.937668393782,1.55956028894763,0.767368480082154,72551,301.480024049554,0.701117702522197,0.983928546815344,0.789002490836796,0.799011227732979,0.00528565356906244,0.00132889291613162,0.638418942043363,0.995652829722787,BARBUNYA
71431,1014.658,348.137751870838,262.195097951333,1.32778131471953,0.657864774411782,72348,301.577144226776,0.754542189546626,0.987325150660696,0.871881025500606,0.866258090672865,0.00487376281825591,0.00169290804402169,0.750403079656198,0.996371187675495,BARBUNYA
71441,1051.138,339.368739951596,270.072271100393,1.25658490806501,0.605549366809206,72590,301.59825317038,0.749769111288359,0.98417137346742,0.812527213846974,0.888703695023286,0.00475033580089299,0.00182781407453308,0.789794257548042,0.992443544511279,BARBUNYA
71442,1083.116,355.227002542409,256.472427655558,1.38504947993661,0.691897368215912,72935,301.600363983483,0.787326427154507,0.979529718242271,0.76526795030858,0.849035579572744,0.004972243253862,0.00159380685491745,0.720861415380426,0.998428728479025,BARBUNYA
71449,1066.064,369.206448956697,248.414855091625,1.48624947900366,0.739792989813271,72753,301.615139261581,0.708777255322104,0.98207634049455,0.790022505094039,0.816928144440282,0.00516741240544581,0.00141967299072723,0.667371593178643,0.991880682663599,BARBUNYA
71456,1005.776,374.784625515842,244.412587614255,1.53340967081183,0.758097311984167,72262,301.629913815914,0.801552491951496,0.988846143201129,0.887658730735391,0.804808664178152,0.00524497068847742,0.00135735485535315,0.647716985936222,0.993215490183694,BARBUNYA
71461,1013.813,341.375220399157,267.511163334131,1.27611579324175,0.621230423988233,72475,301.640466625948,0.788439472174412,0.986008968609865,0.873701822516919,0.883603872223797,0.00477708428932085,0.00179627617091857,0.780755803008888,0.996334810884784,BARBUNYA
71475,1051.294,378.284523404459,241.795074913422,1.56448398934474,0.769050196016579,72499,301.670012530158,0.783167514025245,0.985875667250583,0.812672673170855,0.797468555718877,0.00529254317459894,0.00132037849810258,0.635956097360352,0.994943132246434,BARBUNYA
71482,1073.571,379.763262850622,240.422711266642,1.57956484580795,0.77408166830423,72843,301.684784397157,0.800649641577061,0.981315980945321,0.779372389404726,0.794402233993399,0.00531271177150362,0.00130514223800336,0.631074909373704,0.996823741918138,BARBUNYA
71482,1028.478,368.182573228461,248.688364679227,1.48049778566586,0.737407168176362,72669,301.684784397157,0.734935175760567,0.983665662111767,0.849212829707728,0.819389092079484,0.0051507032991307,0.0014322110136541,0.671398484218841,0.994003969185412,BARBUNYA
71483,1048.599,388.373661742377,234.915246278439,1.65325013124966,0.796324878782741,72503,301.686894604826,0.760684033541906,0.98593161662276,0.816946762987482,0.776795453253334,0.00543309124886164,0.00122026305138956,0.603411176195053,0.997589606241984,BARBUNYA
71483,1093.388,372.069831212649,245.107581376918,1.51798581309687,0.752346420980477,72960,301.686894604826,0.720413202317964,0.979756030701754,0.751387608062774,0.810834067415704,0.00520501141827635,0.00138780803922078,0.657451884881895,0.998002634044516,BARBUNYA
71493,1036.269,386.912731766973,235.892115654128,1.64021052884309,0.79264931754793,72432,301.707995869766,0.766812536199241,0.987036116633532,0.836620250553335,0.779783065012906,0.00541189671390168,0.0012343106003785,0.608061628480922,0.997349085219884,BARBUNYA
71525,1042.205,365.203602977152,249.795825949932,1.46200842863704,0.729490836121607,72758,301.775510002357,0.751937006549553,0.983053409934303,0.827487468934686,0.826321283640886,0.00510595739919122,0.00146842816557757,0.682806863797921,0.998269390003784,BARBUNYA
71536,1020.47,341.898522486922,267.109083683648,1.2799958645055,0.6242151020009,72443,301.79871449722,0.790260931044387,0.987479811714037,0.863244923438487,0.882714298681313,0.00477939111058658,0.00178991736141548,0.779184533096442,0.997352980050092,BARBUNYA
71556,1076.261,404.605226839836,226.11133324758,1.7894071076783,0.829272587837031,72868,301.840899917604,0.713092699260559,0.98199483998463,0.77628413936263,0.746013348060599,0.00565438575157689,0.00108031794176336,0.556535915484585,0.995869322846367,BARBUNYA
71587,1129.841,377.237891310989,242.310232462061,1.55683846892456,0.766430372656766,73128,301.906275670043,0.706195126763342,0.97892736024505,0.704708266287734,0.800307399187418,0.00526964241148517,0.00133348531414319,0.640491933194129,0.99714248063248,BARBUNYA
71598,1066.952,400.059642442812,228.747662041206,1.7489124866804,0.820404274285178,72858,301.929470115039,0.66403887889299,0.982706085810755,0.790352791149513,0.754711143247095,0.00558758125147088,0.00111821847580227,0.569588909741338,0.9961611565213,BARBUNYA
71601,1107.086,399.311734158009,229.197435670788,1.7422172852386,0.818868463789605,73088,301.935795563531,0.643801251618472,0.979654662872154,0.734118611063511,0.756140553195098,0.00557690163765882,0.00112456061726481,0.571748536186189,0.996110182553448,BARBUNYA
71606,1026.442,386.209879426511,236.771030982051,1.63115343048782,0.790033935590844,72418,301.946337683215,0.776166319805758,0.988787318070093,0.854064066166079,0.78181930025089,0.00539354075673143,0.00124302332191701,0.611241418244791,0.997028536226231,BARBUNYA
71608,1065.545,393.283386124339,232.927186236402,1.68843917482946,0.805744732909569,72706,301.950554428031,0.702039215686275,0.984898082689187,0.792552092793165,0.767768395720047,0.00549217107200786,0.00117718506290943,0.589468309466534,0.995281386023793,BARBUNYA
71613,1195.63,388.495189256267,235.880142569709,1.64700252011021,0.794576835546553,72987,301.961096032451,0.780523160762943,0.981174729746393,0.62951795925084,0.777258263121673,0.00542492549196747,0.00122133536191995,0.604130407590919,0.995004303777451,BARBUNYA
71643,1058.745,384.272102730702,237.909372459639,1.61520371710406,0.78529879754591,72779,302.024337932328,0.725969235757858,0.984391101828824,0.80315780222456,0.785964778046839,0.0053637075880505,0.00126257502077412,0.617740632330217,0.997776965545977,BARBUNYA
71656,1097.198,373.846716698788,245.155851103912,1.52493491391454,0.75496447360316,73142,302.05173864347,0.803498542274053,0.979683355664324,0.747984176714961,0.807956109152713,0.00521724233419097,0.00137142432645834,0.652793074317191,0.995466950587891,BARBUNYA
71674,1019.105,372.571132526775,246.165602844872,1.51349793887151,0.750631499547357,72554,302.089673986629,0.674572474612004,0.987871102902666,0.867228699443632,0.810824155746741,0.00519813506329736,0.00138590683458283,0.657435811542415,0.995027745709762,BARBUNYA
71682,1058.192,388.216735505239,236.420938032683,1.6420573352584,0.793176261168955,72768,302.106532610114,0.765391761163431,0.985075857519789,0.804435133927004,0.778190389491948,0.00541581897136295,0.00122514461126277,0.605580282297629,0.994397544634672,BARBUNYA
71694,1119.481,384.79615661431,238.598972414471,1.61273182663117,0.784549736173576,73042,302.131818781542,0.757824639289678,0.98154486459845,0.718884668165015,0.785173691545927,0.0053672016711902,0.00125831865348549,0.616497725895858,0.994245503597988,BARBUNYA
71703,1088.317,372.309368469033,246.482682084142,1.51048895330479,0.749470905531807,73141,302.150782021403,0.774665082108902,0.98033934455367,0.760740196540571,0.811558364120334,0.00519238202681942,0.00138939404427509,0.658626978373673,0.994848775181943,BARBUNYA
71717,1062.753,415.604212504087,220.562077558011,1.88429587309621,0.847558349242542,72675,302.180278029146,0.679138257575758,0.986818025455796,0.797934603235598,0.727086658261853,0.00579505852871826,0.000999038653485261,0.528655008622388,0.996142451038808,BARBUNYA
71742,1057.855,360.115007797453,254.166168593591,1.41684870881959,0.708419462488878,73033,302.232942311704,0.730094439469185,0.982323059438884,0.805621517639665,0.839267833240917,0.00501958417380967,0.00153620727229591,0.704370495912904,0.997986427664815,BARBUNYA
71775,1027.656,353.417438814148,259.769440914841,1.36050429014861,0.678043723456022,72769,302.30244511642,0.815032249273256,0.986340337231513,0.854058345415329,0.855369350563916,0.00492396292322045,0.00162595782108245,0.731656725884136,0.995422114481456,BARBUNYA
71797,1065.587,367.029794546792,250.099147223825,1.46753716924241,0.731898426462283,73023,302.348771443428,0.695356990663619,0.983210769209701,0.794581290553174,0.82377173716038,0.00511204917401552,0.00145211942839967,0.678599874944231,0.99587053952391,BARBUNYA
71881,1073.977,376.091202733686,243.944432731636,1.54170848878288,0.761102987448731,73314,302.52558852948,0.781281248641363,0.980453937856344,0.783130273611686,0.804394216962585,0.00523213648577073,0.00135124651184841,0.647050056282849,0.997562564438707,BARBUNYA
71892,1066.553,363.429786645025,253.413673162278,1.43413645408272,0.716795239567568,73244,302.548735495788,0.719207683073229,0.981541150128338,0.794192070145706,0.832481944555904,0.00505521875375598,0.00149767992402414,0.69302618801158,0.993894119861389,BARBUNYA
71896,1080.446,360.632978982494,254.712798316696,1.41584161206577,0.707918936118665,73431,302.557152135393,0.718241758241758,0.979096022116,0.773942080673582,0.838961408879026,0.00501603676118969,0.00153288089220396,0.70385624558828,0.996548961416268,BARBUNYA
71897,1092.347,390.016457860983,235.118443699865,1.65880843596791,0.797860315727297,73373,302.55925625871,0.719236117363425,0.979883608411814,0.757180450897377,0.775760227960827,0.00542465551915912,0.00121188655717121,0.601803931285834,0.998277438015596,BARBUNYA
71898,1074.336,369.302477891267,249.129983730243,1.48236865094146,0.738187105419735,73105,302.561360367395,0.750940006684492,0.983489501402093,0.782792067718489,0.819277904916948,0.00513647775864791,0.00142748037021748,0.671216285485104,0.994989979604491,BARBUNYA
71940,1033.77,399.303049964178,230.492824757661,1.73238820073468,0.816576078159206,72706,302.649719722731,0.768959435626102,0.989464418342365,0.845926145070642,0.75794492366107,0.00555050111153986,0.00112995865016395,0.574480507303585,0.995223252404804,BARBUNYA
71970,1065.618,379.378184830428,241.867217757854,1.56853908664151,0.77042063741877,73218,302.712817757342,0.742908460299765,0.982955011062853,0.796449549720693,0.797918356567199,0.00527133784674764,0.00131805775239758,0.6366737037469,0.99864758976383,BARBUNYA
71973,1022.505,379.768496121678,242.107250720725,1.56859612833218,0.770439821868555,72745,302.719126837443,0.803046025104603,0.989387586775724,0.865064696570799,0.797114900074418,0.00527654114906531,0.00131405275497238,0.635392163920649,0.996673688298536,BARBUNYA
71992,1052.401,376.497677677974,243.998559437669,1.54303237914875,0.761576910124125,73278,302.759081291666,0.773242825227702,0.982450394388493,0.816829847287453,0.804145946288205,0.00522971549169317,0.00134895460066201,0.646650702931753,0.997802972622993,BARBUNYA
72021,1065.356,388.514589703071,237.07450407452,1.63878689199303,0.792241658815832,73318,302.820054242402,0.70489958109854,0.982309937532393,0.797405999634387,0.779430328405008,0.00539446258317812,0.00122810966810652,0.607511636837539,0.995582107182589,BARBUNYA
72026,1090.037,402.361631917484,229.40606732491,1.75392759489493,0.821541331646874,73422,302.830565579327,0.808545032049483,0.980986625262183,0.76175739876711,0.752632809783988,0.00558633870987538,0.00110570586683127,0.566456146363341,0.993523066404503,BARBUNYA
72044,1009.725,380.233959014785,242.863362693484,1.56562914553183,0.769438534471594,72712,302.868403371662,0.735090350689236,0.990813070744857,0.887976481053716,0.796531704207634,0.00527780188516441,0.00131052440567584,0.634462755807918,0.993333382247319,BARBUNYA
72049,1065.249,377.350513254725,244.118906850478,1.54576520976252,0.76255042765119,73185,302.878913030643,0.722259535862864,0.984477693516431,0.797876274359325,0.802646087369144,0.00523741499888582,0.00134088990856239,0.644240741568995,0.995844925028955,BARBUNYA
72059,1082.571,366.421910372983,251.04280578775,1.45959932698801,0.728430665339729,73183,302.899931254649,0.735746375331836,0.984641241818455,0.772654461968039,0.826642519674453,0.00508502630307086,0.00146468396503025,0.683337855333728,0.997399473750542,BARBUNYA
72063,1078.081,369.110312430303,250.037817471762,1.47621794239981,0.735608655344659,73332,302.908338135896,0.735967564034479,0.982695139911635,0.779147026678304,0.820644473847076,0.00512205032305487,0.00143299211626639,0.673457352455743,0.99416982713624,BARBUNYA
72092,1062.088,346.695013295401,265.111514244352,1.30773276401663,0.644407553036714,73330,302.969281048504,0.752840434419382,0.983117414427929,0.803111665180222,0.873878392910022,0.00480906360338735,0.00172999277354197,0.763663445595003,0.998667708486418,BARBUNYA
72102,1072.061,377.61673028616,243.503876038512,1.55076270829643,0.764314227815325,73400,302.990293003744,0.708452060447659,0.982316076294278,0.788348382633422,0.802375182831905,0.00523725736160107,0.00133904024269281,0.643805934024533,0.998390233865195,BARBUNYA
72133,1066.766,392.225214133024,235.704310082079,1.66405618122316,0.799293197277761,73453,303.055420806792,0.705029713034639,0.98202932487441,0.796536218663896,0.772656652063194,0.00543752809578174,0.00119543913300154,0.596998301977503,0.993438714585393,BARBUNYA
72181,1099.699,400.910586686023,231.064506860773,1.73505914920802,0.817203504745296,73688,303.156236252083,0.714076550953177,0.979548908913256,0.750041162494532,0.756169196623143,0.00555423985101375,0.00112016067130555,0.571791853921689,0.99209268758944,BARBUNYA
72205,1085.425,375.91116933864,245.460421894548,1.53145328455491,0.757379860792789,73563,303.206631404398,0.708419999215102,0.981539632695785,0.77015385903652,0.806591174020833,0.00520616535335005,0.00135928831146543,0.650589322008306,0.996347154085974,BARBUNYA
72224,1079.909,377.810437562595,243.832279885613,1.54946850244699,0.763859482204363,73410,303.246521627128,0.714558496166213,0.983844162920583,0.778246327936419,0.80264199047409,0.00523109267781617,0.00133924391595108,0.644234164872209,0.998220546669727,BARBUNYA
72252,1060.96,376.001611284983,246.371540949831,1.52615683546644,0.755420206178296,73538,303.305297656017,0.758002077235389,0.982512442546711,0.80660649761142,0.806659568876508,0.00520403049444975,0.00135919182949231,0.650699660060033,0.993069734036307,BARBUNYA
72255,1067.662,367.936295900142,251.764054670595,1.46143299281363,0.72923822114818,73640,303.311594412148,0.710108892208507,0.981192286800652,0.796544783894253,0.824358993097182,0.00509219148709628,0.00145060780441854,0.6795677495002,0.9931427299717,BARBUNYA
72263,1042.893,399.932755176791,230.979448645043,1.73146467152317,0.816358345475382,73011,303.328385122786,0.703988387499026,0.989754968429415,0.834922849215466,0.758448467139679,0.00553440564572176,0.00112967901721901,0.575244077306529,0.996014797359197,BARBUNYA
72263,1097.796,375.59491458287,245.380765329826,1.53066159883403,0.757088555623911,73699,303.328385122786,0.719392732702837,0.980515339421159,0.753498797078428,0.807594494349471,0.0051976103203973,0.00136381944122073,0.652208867303577,0.998311067600626,BARBUNYA
72268,1077.446,395.011442759667,233.360338969846,1.69271027160579,0.806841071868554,73750,303.338878844966,0.686997357263722,0.979905084745763,0.782284766990446,0.767924282713812,0.00546592465212359,0.00117251121742872,0.589707703981523,0.998204287774592,BARBUNYA
72269,1055.163,360.119918438898,256.979248369228,1.40135797238179,0.700559958834052,73565,303.340977545839,0.80427573005698,0.982382926663495,0.815685611288948,0.842333239607539,0.004983048311709,0.00154742858810568,0.709525286547732,0.994298916910138,BARBUNYA
72322,1071.542,377.035426102291,245.029534252513,1.53873461520659,0.760032859472239,73587,303.452187921485,0.720396047493824,0.982809463628087,0.791520003924677,0.804837335999185,0.00521328815716228,0.00134934794776247,0.647763137418266,0.996735562000307,BARBUNYA
72327,1036.092,400.486747863447,230.728185465691,1.73575129997717,0.81736554568859,73037,303.462677362571,0.674572603736278,0.99027889973575,0.846669031489068,0.757734629126961,0.00553716797134468,0.00112599380784986,0.574161768178173,0.996602035512454,BARBUNYA
72342,1046.653,388.476670662145,238.066398417261,1.63179967120458,0.79022228069327,73305,303.494143510598,0.819609353756911,0.986863106200123,0.829841080058225,0.781241619975022,0.0053700018061727,0.00123394465776931,0.610338468781197,0.995950112680665,BARBUNYA
72360,1091.04,369.611250090405,250.675694491657,1.47445986273195,0.73486403223576,74162,303.5318985824,0.743602918507861,0.975701841913649,0.76388340626215,0.821219317615893,0.00510794983541191,0.00143305550985425,0.674401167625513,0.994377453043382,BARBUNYA
72373,1041.799,335.851288152355,275.578682230134,1.21871287515588,0.571592244297736,73521,303.559163213891,0.786654492885947,0.984385413691326,0.83795089065381,0.90384992978257,0.0046405605426382,0.00191044931530914,0.816944695567956,0.995621018778967,BARBUNYA
72379,1060.571,348.129127924846,266.753476388437,1.30505938531018,0.642544159705212,73840,303.571746064067,0.806361408199644,0.98021397616468,0.808617148294772,0.872009038352004,0.00480980847932199,0.00171550304004302,0.760399762967588,0.992366847248484,BARBUNYA
72422,1021.256,349.480557162646,265.137986279652,1.31810821250651,0.651483209914685,73542,303.661907898916,0.756144417298336,0.984770607272035,0.872591817023132,0.86889499766247,0.00482561317227702,0.00169668591993003,0.754978516962864,0.995143383474734,BARBUNYA
72433,1086.063,399.849622969991,231.017013585585,1.73082327039025,0.816206888373747,73768,303.684968254608,0.707526251526252,0.9819027220475,0.771678322015859,0.759497948250909,0.0055202687030772,0.0011330430219856,0.576837133397341,0.998403133709321,BARBUNYA
72511,1130.101,412.425567645647,225.291591795781,1.83063009301961,0.837615669137686,74018,303.848436935738,0.658532376714195,0.979640087546273,0.71347578851605,0.736735209386443,0.00568776554792579,0.00103363487026441,0.542778768749687,0.993627147925308,BARBUNYA
72515,1103.397,386.004731716765,239.862386616141,1.6092757900158,0.783495443819383,73844,303.856817574446,0.698065075086638,0.982002600075836,0.748469517325534,0.787184178346821,0.00532310186467303,0.00126081093330805,0.619658930639559,0.997202115145319,BARBUNYA
72568,1068.047,403.783878476559,229.707115486067,1.75782050818121,0.822416184717258,73709,303.967839223727,0.797941590429275,0.984520207844361,0.799418674109408,0.752798354333934,0.00556421395761987,0.00110229599162718,0.56670536228788,0.9961663079259,BARBUNYA
72624,1080.984,378.050478139082,246.525145678967,1.53351690391613,0.758136537849976,73969,304.085101076732,0.725072633060772,0.981816706998878,0.781000834084089,0.804350526346542,0.00520558600654166,0.00134409755282658,0.646979769233959,0.992154412612032,BARBUNYA
72633,1071.572,381.556240463277,243.63182666598,1.56611821076395,0.769604064196928,73795,304.103942514314,0.716641013497514,0.984253675723288,0.794879199338876,0.797009484486684,0.00525320777695093,0.00130754998346065,0.63522411836173,0.99483605968278,BARBUNYA
72648,1044.995,397.286643546829,234.556131938901,1.69378067528125,0.807114300610465,73835,304.13534231641,0.688150042625746,0.98392361346245,0.835997736816845,0.765531253709417,0.00546865217964471,0.00115854196262573,0.586038100405913,0.992620009446066,BARBUNYA
72651,1068.024,397.252037053783,233.390643224424,1.70209067324003,0.809214896912609,73683,304.141621887821,0.79405206898813,0.985994055616628,0.800367483942211,0.765613750261636,0.00546795002207516,0.00115889262162639,0.586164414589687,0.997704983058307,BARBUNYA
72652,1058.689,394.59337113437,234.831816164636,1.68032329510975,0.803634204792734,73772,304.14371504948,0.738355844182241,0.984818088163531,0.814555418339461,0.770777558110347,0.00543128022813371,0.00118249202048734,0.594098044086549,0.998276783057771,BARBUNYA
72674,1020.748,358.20164501532,258.745158158656,1.38438008875003,0.691532889830241,73608,304.189760961942,0.722118441971383,0.987311161830236,0.87649986442679,0.849213746488887,0.00492888302577703,0.00158123470106123,0.721163987225691,0.998365064638825,BARBUNYA
72741,1036.035,374.02420719338,248.809760378518,1.50325375750683,0.746644127082796,74004,304.329948778592,0.800363096220498,0.982933354953786,0.851609066954823,0.813663776102186,0.00514186232239563,0.00139020912256503,0.662048740540868,0.995227256870721,BARBUNYA
72756,1090.293,366.18975858591,253.560493406525,1.44419090555567,0.721485799086726,74089,304.361325264482,0.809677491152708,0.982008125362739,0.769116681088746,0.831157393477667,0.00503312109772267,0.00148166571716481,0.69082261273259,0.99767973466061,BARBUNYA
72773,1074.004,396.060638610639,234.941790602767,1.68578198708074,0.805057696343124,73831,304.396881372021,0.747117704429957,0.98566997602633,0.792808586303228,0.768561305258281,0.00544241186443652,0.00117134608002514,0.590686479940312,0.995768627895506,BARBUNYA
72775,1047.307,372.399745529729,249.105670308654,1.49494688365908,0.743334323666291,73788,304.401064170449,0.786892867955538,0.986271480457527,0.833765778129719,0.817404060621594,0.00511713837897257,0.00140913981981836,0.66814939832067,0.998847860838175,BARBUNYA
72779,1065.022,361.290774120579,258.664935981515,1.3967520288347,0.698154946030321,74246,304.40942959488,0.729153517076934,0.980241359803895,0.806303954813968,0.842560761026478,0.00496421734457164,0.00154324709859656,0.709908636021517,0.991566327650329,BARBUNYA
72788,1060.865,393.277332938819,236.877471673998,1.66025637710312,0.798257286897544,73784,304.428250959373,0.69625605019992,0.986501138458202,0.812735832324129,0.77408033838231,0.00540305177967273,0.0011966386844634,0.599200370270071,0.994826235903437,BARBUNYA
72828,1057.896,378.011437776232,246.124843804934,1.53585242323536,0.758988333024108,73854,304.511887393534,0.715951318298893,0.986107726054107,0.81775328518398,0.805562628435051,0.00519046847059142,0.00134829076884286,0.648931148331187,0.996662476677358,BARBUNYA
72834,1078.61,364.276123780621,255.115423038232,1.42788750065507,0.713814043227313,74384,304.52443087746,0.779390048154093,0.979162185416219,0.786710852181747,0.835971426611684,0.00500145706374249,0.00150675292024308,0.698848226111174,0.997876646919111,BARBUNYA
72837,1052.169,371.910382104484,250.023336350269,1.48750267688396,0.740308140269326,73876,304.530702425675,0.784450355946624,0.98593589257675,0.826781803497415,0.818828183022116,0.00510606397990697,0.00141591487229368,0.670479593311299,0.997340189846627,BARBUNYA
72840,1060.226,351.397337632568,264.619797092007,1.3279329116498,0.657963190763183,74400,304.536973844736,0.757944683773491,0.979032258064516,0.814297123461276,0.866645649328082,0.00482423582691608,0.00167870559122073,0.751074681499293,0.997376788669799,BARBUNYA
72912,1090.181,371.04646559562,251.007129326324,1.47823078408756,0.7364570021941,74942,304.687449176579,0.71440329218107,0.972912385578181,0.770924162715079,0.82115712566479,0.00508896293608212,0.00142729621474543,0.67429902503006,0.996769576479665,BARBUNYA
72923,1083.134,406.963152826787,229.197675886523,1.77559895078638,0.826327267542832,74095,304.710431919753,0.689931501665153,0.984182468452662,0.781106071362931,0.748742066212183,0.00558072422729162,0.0010819302394695,0.560614681715689,0.99542684064982,BARBUNYA
72924,1041.775,389.401217624935,238.910123836066,1.62990672547695,0.789669826324443,73829,304.712521174085,0.725467568643056,0.98774194422246,0.844369395877055,0.782515583881864,0.00533982252241971,0.0012350330135329,0.612330639017975,0.998041826750995,BARBUNYA
72937,1113.897,399.279991761414,233.250545582068,1.71180732188654,0.811625643748987,74443,304.739680176948,0.784049620536194,0.979769756726623,0.738699307116581,0.763223017593734,0.0054743133356378,0.0011458169765595,0.582509374584886,0.997143812481958,BARBUNYA
72960,1063.457,382.731915284577,244.092852817813,1.56797673863168,0.770231368993017,74227,304.787724791989,0.776566757493188,0.982930739488326,0.810690009098858,0.796347815847465,0.00524577734765045,0.0013013699948074,0.634169843805028,0.994363563427969,BARBUNYA
72984,1094.517,402.662888001473,231.483392237945,1.73948931760759,0.818236769983634,74271,304.837850230169,0.675377554042049,0.982671567637436,0.765583391055035,0.757054745579269,0.00551713920861385,0.00111789972574825,0.573131887804092,0.99695679641549,BARBUNYA
73021,1081.342,378.710539414536,246.233471763899,1.53801405106152,0.759772406888403,74208,304.915110803165,0.709348073168125,0.984004420008624,0.784750311985342,0.805140282798957,0.00518632365229915,0.00134439101542185,0.648250874985584,0.997018954340751,BARBUNYA
73051,1093.992,374.693800963554,249.294178614507,1.50301865469132,0.746551406502398,74371,304.977740142536,0.734505711068211,0.982251146280136,0.767021852326439,0.813938579603565,0.005129208374472,0.00138866228704019,0.662496011367069,0.995743863743298,BARBUNYA
73056,1041.289,356.693378752267,261.452625152063,1.36427537702026,0.680239578422942,74191,304.988177115396,0.742303237212705,0.984701648447925,0.846687586714982,0.855043001309026,0.00488246521507155,0.00160979564000745,0.731098534087548,0.99741972823125,BARBUNYA
73064,1093.025,382.303448288835,243.98913895689,1.56688715704015,0.769863937669504,74538,305.004875529113,0.723334323334323,0.980224851753468,0.768516361431738,0.797808329729421,0.00523244618812048,0.00130761170300602,0.636498130985649,0.99732074692147,BARBUNYA
73078,1012.867,378.135180466631,246.944056955346,1.53125847663145,0.757308232431931,73829,305.034095553524,0.79023746701847,0.989827845426594,0.89514146203019,0.806680021618463,0.00517440516251993,0.00135159133635351,0.650732657278364,0.996439897478401,BARBUNYA
73094,1052.343,369.046101541323,253.237706481399,1.45731102476412,0.727417340663248,74275,305.067486440086,0.775771855531145,0.984099629754291,0.829424691271726,0.826637878481766,0.00504892469342659,0.00145425264704323,0.683330182140835,0.995824607987915,BARBUNYA
73097,1028.668,376.588496612191,249.010878785016,1.51233752697736,0.750184950904449,74018,305.073746824446,0.731606497652958,0.987557080710098,0.868078414889658,0.810098421935096,0.00515190085245894,0.00136866891556527,0.656259453221733,0.99248579854087,BARBUNYA
73100,1079.089,380.360014666454,245.418404539819,1.54984307464497,0.763991240781177,74217,305.08000708034,0.794668869852589,0.984949539862835,0.788883204744415,0.802082225566931,0.0052032833743701,0.00132841206260108,0.643335896570401,0.997069683970145,BARBUNYA
73118,1060.231,410.436491052175,227.469499700853,1.80435834954552,0.832374462981032,74002,305.117565918361,0.80597442680776,0.988054376908732,0.817397247404398,0.743397754756593,0.00561334406099969,0.0010575146817249,0.552640221777143,0.997160998458275,BARBUNYA
73129,1103.919,372.079469020013,251.255907646775,1.4808784896039,0.737566184758124,74566,305.140516265765,0.720979986197378,0.980728482150042,0.75409330020973,0.82009501107236,0.00508798792572048,0.00141965401328163,0.672555827185774,0.995973457537171,BARBUNYA
73151,1038.185,357.102991437724,262.210291897009,1.36189540408272,0.678856702347474,74289,305.1864117829,0.796435415033534,0.984681446782162,0.85286566729545,0.854617348777159,0.0048817239878843,0.00160634861300658,0.7303708128309,0.994688653270559,BARBUNYA
73154,1072.009,367.855479457504,255.709008786101,1.43857066750907,0.718879771011482,74911,305.192669727758,0.752411906280213,0.976545500660784,0.7999283321391,0.829653727539526,0.00502850807143155,0.00146962451999404,0.688325307620231,0.990204597246622,BARBUNYA
73187,1095.733,373.353352146559,250.677651176169,1.48937629818534,0.7410752387774,74557,305.261498654076,0.696236610285584,0.981624797135078,0.766009801322488,0.817620886216782,0.00510136160993836,0.00140628641186539,0.668503913577916,0.995653884127091,BARBUNYA
73191,1073.038,385.010359493789,242.262576123735,1.58922754663166,0.777213876969535,74320,305.269840499698,0.693096590909091,0.984808934337998,0.798798683996507,0.792887341787548,0.00526035112915234,0.00128244998012102,0.628670336766923,0.999100216940195,BARBUNYA
73205,1084.621,371.950187544905,251.30774293014,1.48005860546964,0.73722353148218,74387,305.299035164439,0.762591801656336,0.984110126769462,0.781978101679977,0.820806240694746,0.00508093965637464,0.00142261177450853,0.673722884763442,0.997149353295959,BARBUNYA
73215,1134.894,375.226588217506,249.668714985034,1.50289790308729,0.746503762715327,74746,305.319886787259,0.776248687963189,0.97951729858454,0.714330725427032,0.81369470174719,0.00512499608300903,0.00138585965933517,0.662099067651448,0.995067300409414,BARBUNYA
73222,1061.6,402.953687616692,232.400633061793,1.73387517197318,0.816925796492043,74190,305.334482075965,0.696053081866231,0.98695241946354,0.816450071528835,0.757740880551051,0.00550317783748999,0.00111911877927067,0.574171242058283,0.995541261065857,BARBUNYA
73226,1051.986,365.272235288884,256.889995370416,1.42190136584412,0.710909340452158,74288,305.34282192771,0.824115965516465,0.985704286021969,0.831486600494259,0.835932196396538,0.00498828606354142,0.0015025029188382,0.69878263697234,0.993599985939126,BARBUNYA
73227,1070.181,397.311886100045,235.137881326036,1.68969748242795,0.806068744463197,74236,305.344906855054,0.794908814589666,0.986408211649335,0.803464390565412,0.76852698733047,0.00542575670312924,0.00116755290544278,0.590633730255249,0.997992327049323,BARBUNYA
73235,1091.178,401.969938260597,232.669508595419,1.7276433886297,0.81545309685662,74256,305.361585761339,0.805550361334463,0.986250269338505,0.772924987024055,0.759662742648613,0.00548876818816956,0.00112755558510211,0.577087482568413,0.997001373920277,BARBUNYA
73266,1044.036,379.312030587951,247.635471602868,1.53173545022764,0.75748354901389,74227,305.426207920287,0.735454727966272,0.987053228609536,0.844658968060189,0.80521096957263,0.00517719038282356,0.00134249485347957,0.648364705520095,0.99312320412153,BARBUNYA
73324,1108.382,368.851134546849,255.115605566431,1.44581956767361,0.722233572843946,75042,305.547077188051,0.788141969602511,0.977106153887157,0.750027322094485,0.82837505044801,0.00503042843471235,0.00146114318847428,0.686205224204743,0.992128940595073,BARBUNYA
73333,1127.766,400.852427689541,233.714887011369,1.71513433660749,0.812440070055433,74734,305.56582847901,0.761774666029543,0.981253512457516,0.724554939420655,0.762290078272072,0.00546619431483153,0.00113853371966769,0.581086163432041,0.996640831429808,BARBUNYA
73347,1082.968,363.797646335307,257.664828039984,1.41190262211051,0.705947522405988,74564,305.594994866883,0.81483086152308,0.983678450726892,0.785888567592542,0.840013666787773,0.00495995264067115,0.00152336053496831,0.705622960390239,0.996270907996358,BARBUNYA
73353,1059.701,381.771285808423,245.985692833815,1.55200605941884,0.764749779816618,74671,305.607493895288,0.677763610156337,0.982349238660256,0.820844809005228,0.800498898831917,0.00520457630646904,0.00131828132059846,0.640798487031112,0.994523134738712,BARBUNYA
73393,1088.136,389.283406847032,241.223209909308,1.61378918302841,0.784870657581815,75049,305.690807690954,0.689187920219359,0.977934416181428,0.778929490510515,0.785265444954027,0.00530409448921603,0.00124410479262343,0.616641819038845,0.99512989736785,BARBUNYA
73412,1058.56,344.832649579121,271.488653457529,1.27015492245265,0.616563050704203,74526,305.730373790531,0.799259662493196,0.985052196548856,0.823276960037231,0.8866050652793,0.00469722456245738,0.0017903663988059,0.786068541778912,0.998428827725659,BARBUNYA
73478,1011.417,376.080740672303,249.56671424923,1.50693469601371,0.748088685864124,74153,305.867774157479,0.776001182832038,0.990897199034429,0.902623617242694,0.813303477361516,0.00511827677226249,0.00138138280647488,0.661462546288334,0.996780861115461,BARBUNYA
73490,1079.891,374.54477806614,251.8095532971,1.48741290059091,0.740271291244145,74875,305.892749411599,0.805246318373072,0.981502504173623,0.791914450770584,0.816705417683281,0.00509654072752946,0.00139867562992579,0.667007739273223,0.992115916188968,BARBUNYA
73499,1071.953,377.994435744037,247.950443895474,1.52447573718958,0.754792862658795,74611,305.911479514074,0.743766444039668,0.985096031416279,0.803784831497066,0.809301541468259,0.00514285140946185,0.00136089685263943,0.654968985022901,0.998484326279101,BARBUNYA
73501,1247.283,354.308875011785,265.507910972147,1.33445694222254,0.662153190704088,75625,305.915641603334,0.687387774951369,0.971914049586777,0.593708279813944,0.863415124989906,0.00482046332718991,0.00165252163770664,0.745485678061335,0.994818538416425,BARBUNYA
73519,1073.069,362.186205888166,259.148272678868,1.39760223807079,0.698601301503328,75073,305.95309785878,0.76987276820776,0.979300147856087,0.802332081322158,0.844739785460662,0.00492642998256459,0.00154740456420782,0.713585305140126,0.99730841951827,BARBUNYA
73569,1080.363,374.992048236109,250.629542840146,1.49620050368636,0.743838301266977,74768,306.057118960859,0.695096371882086,0.983963727797989,0.792073188110223,0.816169623864008,0.00509714755176921,0.00139517497315605,0.666132854918315,0.996668313050819,BARBUNYA
73608,1062.467,391.590448439537,240.202618105936,1.63025054234352,0.789770340737252,74612,306.138230884132,0.73469876631932,0.986543719508926,0.819415136355073,0.781781660160694,0.00531994414247822,0.00122582577105111,0.611182564163611,0.996380706698633,BARBUNYA
73609,1071.166,393.925189433199,238.664844274018,1.65053713977632,0.795568710012915,74988,306.140310394451,0.763634288796904,0.981610390995893,0.806171096297744,0.777153425590636,0.00535159001525899,0.00120417514867566,0.603967446907261,0.996870702336318,BARBUNYA
73611,1116.098,390.958135501984,240.577502162155,1.62508186338417,0.788251183303667,75022,306.144469372713,0.77389137702643,0.981192183626136,0.7425879914143,0.78306202524633,0.00531113740476266,0.00123183333666183,0.613186135382885,0.996477667489358,BARBUNYA
73623,1101.269,428.512181055721,219.708064570354,1.95037074262017,0.85855407099053,74981,306.169422055889,0.754504089036463,0.981888745148771,0.762845424321343,0.71449409279704,0.00582035751131741,0.000935672778147372,0.510501808641866,0.995667791629776,BARBUNYA
73658,1085.142,387.607504469744,242.336850603303,1.59945754640612,0.780454992501511,74965,306.242189102192,0.79861653222309,0.982565197091976,0.786061707666521,0.790083229996123,0.00526225942151218,0.00126486271831015,0.624231510321106,0.99843179988758,BARBUNYA
73664,1072.943,383.126162643025,245.860584769265,1.55830656224373,0.766937121508189,74759,306.254661716962,0.795267089864836,0.985352934094892,0.804103329153571,0.799357213311253,0.00520099590903324,0.00130987504492862,0.638971954472733,0.995714189744559,BARBUNYA
73674,1092.816,378.177929643997,249.597154241818,1.51515321075178,0.75126624771445,75048,306.275448279516,0.81389748121962,0.981691717300927,0.775229023851385,0.809871291452234,0.00513312606406598,0.00136215243131832,0.655891508718509,0.993776125339677,BARBUNYA
73724,1080.903,367.599733556806,258.782196872974,1.42049854278517,0.710221585924601,75524,306.37935993806,0.732304269225421,0.976166516603994,0.792949099139484,0.833459145831274,0.00498616099990242,0.00148416889907922,0.694654147769797,0.986755204646675,BARBUNYA
73806,1033.627,392.508898179158,240.17505061354,1.63426174857244,0.790937391597634,74622,306.549698807099,0.691391100702576,0.989064887030634,0.868108167725815,0.781000635219171,0.00531811638862908,0.00122051507787086,0.609961992212749,0.996837551956335,BARBUNYA
73849,1063.155,397.369744409934,237.644560647061,1.67211798716525,0.801463328361737,74917,306.638985028237,0.732985280543121,0.985744223607459,0.82103431893737,0.771671697057797,0.00538084123562856,0.00117695600160547,0.59547720804006,0.995708150510726,BARBUNYA
73871,1055.692,373.475363731071,252.656932865056,1.47819163122091,0.736440542886921,74889,306.68465629883,0.768536917779003,0.986406548358237,0.832931681306189,0.821164355354011,0.00505577782527745,0.00141803875884368,0.674310898503969,0.996760727009623,BARBUNYA
73887,1070.969,396.426504061869,238.113290012453,1.66486509023137,0.799512636072291,74972,306.717867496902,0.702181040627227,0.98552793042736,0.809513503110044,0.773706763685591,0.00536530788991121,0.00118598715577752,0.598622156172831,0.996625130051175,BARBUNYA
73909,1094.529,404.128239208297,233.621191365854,1.72984409866922,0.815975292558157,75016,306.763527023392,0.770366895976652,0.985243148128399,0.775269403379433,0.759074712582208,0.00546791648119034,0.00111979811049657,0.576194419281761,0.996726515880696,BARBUNYA
73913,1062.106,363.679504929987,259.508329417882,1.40141746411676,0.70059081392557,74902,306.771828025342,0.727060790871533,0.986796080211476,0.823369867802843,0.843522452782705,0.00492037266691904,0.00153661245253423,0.711530128348551,0.997150748112902,BARBUNYA
73927,1082.44,397.722744225959,237.130510360213,1.67723142678603,0.80282061799291,74724,306.800879763465,0.803886387855854,0.989334082757882,0.792876016959271,0.77139385216844,0.0053799389157677,0.00117506475631719,0.595048475163265,0.998034003004933,BARBUNYA
73944,1067.612,369.354890970952,255.971557095309,1.44295286227222,0.720915155766275,75339,306.836153176083,0.718796173885994,0.981483693704456,0.815240808077501,0.830735319003031,0.00499506235760781,0.00146747724986831,0.690121170239067,0.995812317911113,BARBUNYA
73949,1108.007,395.882138300976,239.068944488588,1.65593293243437,0.797068280766602,75397,306.846526937524,0.79784433463522,0.980794991843177,0.756932514912049,0.775095659163685,0.00535344816428857,0.00119188562895598,0.600773280854388,0.994840260693421,BARBUNYA
73978,1043.225,352.395668892723,268.407988523517,1.31291050922594,0.647969202601638,75082,306.906687839183,0.731839540980363,0.985296076289923,0.854193924108232,0.870915039346335,0.00476351981525214,0.0016904833579404,0.758493005759627,0.995833438436189,BARBUNYA
74049,1156.093,396.909708921422,239.482934001686,1.65736114172807,0.797462283467818,76062,307.053928566456,0.710261279926335,0.973534747968762,0.696215228945004,0.773611533466531,0.00536009546275334,0.00118425173760073,0.598474804712438,0.991888885633687,BARBUNYA
74077,1088.087,383.253439494664,246.68582425877,1.55360949761198,0.76530956459114,75268,307.111975923028,0.749706501497854,0.984176542488176,0.786259682545942,0.801328688212083,0.00517371707135365,0.00131590701610237,0.642127666551698,0.997615641434137,BARBUNYA
74151,1071.243,382.428077438799,248.687193890917,1.53778757745984,0.759690452442635,75148,307.265334005737,0.773356834442335,0.986732847181562,0.811990376643156,0.803459139463706,0.00515742306157434,0.00132576851735614,0.64554658878776,0.992713524909392,BARBUNYA
74155,1093.586,393.05634174383,240.704105916433,1.63294406735334,0.790555153606154,75479,307.273621451364,0.800464162348877,0.982458697121054,0.779191882846987,0.781754646390176,0.00530046985023032,0.00122116968878884,0.61114032715263,0.997957971544268,BARBUNYA
74172,1096.388,400.530637263622,236.316466541705,1.69489093640005,0.807397059097219,75432,307.30884060192,0.784307920059215,0.983296213808463,0.775391983371307,0.76725426724262,0.00540002477031255,0.00115433739465217,0.58867911060201,0.997746889007392,BARBUNYA
74185,1082.991,377.395173551276,251.439023554807,1.50094113561101,0.745729670259462,75436,307.335770170311,0.780861858448065,0.983416405960019,0.794833695643763,0.814360627027345,0.00508721673588024,0.00138015249799338,0.663183230852371,0.995398991633737,BARBUNYA
74216,1170.726,401.56841145213,237.980350314376,1.68740154773977,0.80547690228251,76494,307.399977313052,0.657640094991671,0.970219886527048,0.680451037639773,0.765498402131405,0.00541080644944661,0.0011460905082352,0.585987803665734,0.988796726862185,BARBUNYA
74216,1092.082,408.94488649057,231.857819657081,1.76377439887687,0.823741239293947,75550,307.399977313052,0.737674936386768,0.98234281932495,0.781982275871984,0.751690478272163,0.00551019842743573,0.00108518353893672,0.565038575125033,0.9966005731834,BARBUNYA
74237,1065.145,369.036090670796,257.734037965637,1.43184848064189,0.71570967993983,75569,307.443464855743,0.746730908505673,0.982373724675462,0.822266905487236,0.833098638935024,0.00497105339211978,0.00147711357788686,0.69405334219539,0.993779223506896,BARBUNYA
74367,1073.76,407.230424148262,233.021294235238,1.74761034387337,0.820107182702962,75422,307.71253666908,0.675572311046512,0.986012038927634,0.810542297851191,0.755622660837958,0.00547595605777108,0.00110118328933098,0.570965605571835,0.997825398293263,BARBUNYA
74407,1041.935,380.587280208721,249.826820104788,1.52340441290125,0.754391714294025,75370,307.795280673875,0.737615861214374,0.987223033037017,0.861276118131282,0.808737697447677,0.00511493918863441,0.00134974269715671,0.65405666327297,0.996392807117511,BARBUNYA
74439,1155.858,396.646031367236,239.584661340765,1.65555686723651,0.796964332878404,75814,307.861459865539,0.805355404089581,0.981863508059198,0.700166661348425,0.776161704692576,0.00532847071249259,0.00119286470946,0.602426991831286,0.997352143334915,BARBUNYA
74450,1065.064,379.392112310424,250.761345145106,1.51296090747513,0.750425000368617,75382,307.884205677285,0.797348241442831,0.987636305749383,0.824751578148714,0.811519785696994,0.00509593166300099,0.00136332628977886,0.658564362577695,0.996382135636331,BARBUNYA
74486,1133.189,356.889070640866,267.768382651659,1.33282752469377,0.661114952929589,76411,307.95863476958,0.773575108009305,0.974807292143801,0.728919916035184,0.862897354117845,0.00479135771340743,0.0016386073843808,0.744591843743577,0.992412504003923,BARBUNYA
74553,1068.695,363.283311891377,261.750013556208,1.38790178825861,0.693442389122814,75840,308.097107708983,0.732527634487841,0.983030063291139,0.820290030050496,0.848090450686887,0.00487281949608167,0.00155499422167997,0.719257412546287,0.998258649091253,BARBUNYA
74557,1057.513,366.108893190855,260.476375682285,1.40553588490272,0.702714033746157,75694,308.105372781488,0.786665400523339,0.984978994372077,0.83777396322168,0.841567573232564,0.00491045633798108,0.00151934915687129,0.708235980316546,0.995451085314165,BARBUNYA
74557,1115.534,417.508050849213,228.548652535453,1.82677975222124,0.83686366637647,76068,308.105372781488,0.735276134122288,0.980136193931745,0.752891970790852,0.737962710311334,0.0055998504613814,0.00102445729978656,0.54458896181005,0.994844088717785,BARBUNYA
74685,1046.325,404.960455586061,235.026701177456,1.72304020588834,0.814353259871608,75389,308.369738136779,0.745336965959103,0.990661767631883,0.857255036108421,0.7614811122496,0.00542224617508283,0.00112459341483077,0.579853484312889,0.999110866995551,BARBUNYA
74709,1110.564,409.281405330472,233.718280886847,1.75117412201325,0.820918451195235,76051,308.419281413499,0.790270373191165,0.982353946693666,0.761194435327222,0.753562896815378,0.00547834136891769,0.00108969982523774,0.567857039456785,0.994416552499779,BARBUNYA
74724,1093.874,373.504901813666,255.718698856997,1.46060848691608,0.728875591537066,76013,308.45024192046,0.796096438426217,0.983042374330707,0.784757321391559,0.825826489619511,0.0049984596891717,0.00143407278596202,0.681989390957284,0.996119492418935,BARBUNYA
74734,1062.473,381.398841415992,250.981841111394,1.519627235688,0.752968887239336,75706,308.470880532081,0.826740121244303,0.987160859112884,0.831940538441901,0.808788195021368,0.0051034180080819,0.00134703884363377,0.654138344405922,0.994046444067095,BARBUNYA
74754,1036.381,352.327410148266,271.141618095612,1.2994220976583,0.638558994542861,75705,308.512153613326,0.817949054621849,0.987438082028928,0.874591828510324,0.875640511430826,0.00471315796008596,0.00170920888524868,0.766746305258839,0.996327092351193,BARBUNYA
74794,1197.889,423.797634038182,225.431711833037,1.8799379669887,0.846786793425476,75813,308.594683215576,0.759985774526241,0.986559033411156,0.655003273200613,0.728165186471459,0.00566619827844723,0.000982632618745654,0.530224538789015,0.996789241498542,BARBUNYA
74862,1074.036,389.282812653363,245.718268782319,1.58426483542511,0.775613930582997,76237,308.734932908415,0.755030206452784,0.981964138148143,0.815518115236407,0.793086473055588,0.00520000551218727,0.00126901202389496,0.628986153743752,0.996480645345518,BARBUNYA
74864,1038.26,365.509315288441,261.721792203243,1.39655667268471,0.698052229484533,75820,308.739056934903,0.787039665268448,0.98739118965972,0.872711394722769,0.84468177422855,0.00488231079408582,0.00153312539889846,0.713487299713891,0.996425449291232,BARBUNYA
74880,1059.737,367.695805326453,259.67794146039,1.41596857730228,0.70798211609889,75991,308.772047163873,0.758063536414991,0.985379847613533,0.837875524675811,0.839748625605708,0.0049104674856631,0.00150625953573481,0.705177754206675,0.998509541369242,BARBUNYA
74894,1116.179,385.65309321074,249.146203707421,1.54789873364325,0.763306015249829,76098,308.800910723066,0.79049639551207,0.984178296407264,0.755421247035125,0.800721986052689,0.00514931894692151,0.00130573958116945,0.641155698948163,0.992444094470014,BARBUNYA
74923,1101.567,385.532963857825,248.443048258454,1.55179614225614,0.764676335647478,76197,308.860690943656,0.774253885582011,0.983280181634448,0.775895420219255,0.801126544026352,0.00514572245982976,0.00130746661259568,0.641803739543606,0.995948567109335,BARBUNYA
74925,1119.975,398.32595167458,240.481074674938,1.65637130577949,0.797189344753886,76127,308.864813290996,0.7533254909058,0.984210595452336,0.750619700665626,0.775407206064568,0.00531632901801242,0.00118552562147945,0.601256335216859,0.995903741071337,BARBUNYA
74933,1081.712,373.030153483021,256.024997977801,1.45700676273559,0.727282138467707,76038,308.881302130187,0.72821185617104,0.98546779241958,0.804747598026353,0.828033067155913,0.00497818255619048,0.00144358148548729,0.685638760303629,0.998980310556031,BARBUNYA
74945,1082.572,388.693640859195,246.455363684037,1.57713605842846,0.773283274906282,76519,308.906033738703,0.732571551454489,0.979429945503731,0.803598185828151,0.794728807643665,0.00518638522728928,0.00127620475205393,0.631593877698721,0.996109478801309,BARBUNYA
74991,1138.087,381.746043456305,251.835420311828,1.51585524777896,0.751534669123239,76411,309.000819900586,0.767878353471227,0.981416288230752,0.727558776277955,0.80944079237315,0.00509055811305763,0.0013479864019246,0.655194396357673,0.993179864034148,BARBUNYA
75019,1108.267,394.022911988974,242.895151392409,1.62219340209229,0.787394596621931,76241,309.058501592315,0.744132759338981,0.983971878647972,0.767524648078764,0.784366827888841,0.00525230824176507,0.00122632855763962,0.615231320692403,0.998024189187744,BARBUNYA
75051,1077.341,370.173599501845,258.936253544272,1.4295935560779,0.714633072042666,76431,309.124410346253,0.792153510021849,0.981944498959846,0.812568479250046,0.8350795701321,0.00493229403341521,0.00147958580935539,0.697357888452013,0.996938343611091,BARBUNYA
75058,1114.942,399.97843167204,239.507510857876,1.67000370986022,0.800897799077982,76233,309.138826013058,0.764275822743565,0.984586727532696,0.758756283502844,0.772888739827189,0.00532892472051001,0.00117297098244038,0.597357004151659,0.99758841304426,BARBUNYA
75067,1062.917,390.463718880515,245.092156585599,1.59313020995898,0.778459300337012,76108,309.157359454105,0.700016785407885,0.986322068639302,0.834949516914171,0.791769745830622,0.0052015362127235,0.00126097652338317,0.626899330412688,0.99873226188351,BARBUNYA
75124,1084.945,391.440006096264,245.826288016218,1.59234396473675,0.778209289043456,76179,309.27471212287,0.751991991991992,0.986151039000249,0.80199769970272,0.790094796919691,0.00521058524700847,0.00125251540326663,0.624249788119568,0.994020382600391,BARBUNYA
75139,1047.276,358.664342545903,267.351041835781,1.34154832568863,0.666609228071811,76250,309.305587003946,0.786087920825226,0.985429508196721,0.860900525099955,0.862381760083552,0.00477334463522143,0.00162854890030704,0.743702300124804,0.997712575543215,BARBUNYA
75149,1140.415,380.677523142166,253.443310768558,1.50202237331802,0.746157878503532,76757,309.326168545926,0.712447857413728,0.979050770613755,0.726118041975593,0.812567461279836,0.00506563657722879,0.00136223332689289,0.660265879130758,0.991734122792893,BARBUNYA
75180,1059.084,372.152835618308,258.748933861952,1.43827775467032,0.71874285237646,76407,309.389962625146,0.765518084066471,0.983941261926263,0.842270075811126,0.831351888293729,0.00495015743041112,0.00145860710271267,0.69114596216955,0.994059862618678,BARBUNYA
75192,1029.627,391.059794758699,245.334784001672,1.59398430332665,0.778730376215951,75850,309.414653576275,0.814621409921671,0.991324983520106,0.89129538012446,0.791220825365588,0.00520081650652595,0.00125730931344795,0.626030394492202,0.997882622225958,BARBUNYA
75218,1082.347,407.942915123745,236.099256128587,1.72784498271171,0.815501029095087,76163,309.468143878961,0.820798777826277,0.987592400509434,0.806860788278674,0.758606492246808,0.00542347463537644,0.0011079587627203,0.575483810079006,0.994346813876827,BARBUNYA
75230,1074.138,403.389129071353,238.423126869904,1.69190436501348,0.806634954524002,76174,309.492828592887,0.678817956237311,0.987607320082968,0.819371330124747,0.767231455407275,0.00536207801503859,0.00114608938754029,0.588644106166366,0.995929532662332,BARBUNYA
75253,1126.203,392.539492188082,244.967498412005,1.60241458451716,0.78137784256027,76962,309.540135458966,0.723183224740049,0.977794236116525,0.745590425231567,0.788557945427445,0.00521626369962768,0.00124415287956402,0.621823633296753,0.99641925899217,BARBUNYA
75270,1137.956,407.269251433814,235.985882961885,1.72582040214496,0.815018761038203,76553,309.575096757177,0.716215959046187,0.983240369417266,0.730433763862497,0.760123912294633,0.00541077788539676,0.00111423564824174,0.577788362042099,0.997158943334172,BARBUNYA
75275,1044.47,401.377537055594,239.516479480088,1.6757825512752,0.802437528498411,76120,309.585378740566,0.673095838474882,0.988899106673673,0.867099004138789,0.771307186275563,0.00533214928004774,0.00116410344126902,0.594914775600325,0.996947800446823,BARBUNYA
75279,1124.613,383.138814230481,251.694013993006,1.52224047029234,0.753954682740313,76654,309.593604081412,0.789253512266723,0.982062253763665,0.747958507715903,0.808045524448414,0.0050895842695902,0.00133845997564139,0.652937569581113,0.993927992990691,BARBUNYA
75332,1064.37,371.603560352078,258.655143989743,1.43667570116763,0.717992045618164,76292,309.702569224069,0.758821455552758,0.987416767157762,0.835610928847758,0.8334219643392,0.00493287793171664,0.00146804679324493,0.69459217064301,0.997903693784094,BARBUNYA
75338,1132.638,394.036699893894,248.190252598659,1.58763970691097,0.776703957486131,77341,309.714902484943,0.702884758919242,0.974101705434375,0.737975076275214,0.786005218722882,0.00523025166441761,0.00123141394489705,0.617804203859605,0.980850485144027,BARBUNYA
75351,1095.258,408.408683575216,236.043243911522,1.73022822770688,0.816066202295717,76285,309.741622865477,0.794305532130208,0.987756439667038,0.789343462211131,0.758410962651416,0.00542008312530976,0.00110612477022341,0.575187188269847,0.995205109359841,BARBUNYA
75370,1079.007,356.036596633875,271.333946176715,1.31217122535046,0.647464439472912,76855,309.780671583443,0.760667716281135,0.980677899941448,0.813504303978621,0.87008098187727,0.00472385029366956,0.00166999277573818,0.757040915024515,0.993367305108149,BARBUNYA
75409,1085.018,386.643452058625,249.801762856201,1.54780113493913,0.763271535141853,76423,309.860808797973,0.823143508967264,0.986731743061644,0.80493193803726,0.801412275697845,0.00512728523198325,0.00130464154084571,0.642261635639198,0.994093288570216,BARBUNYA
75443,1070.292,380.741043799849,253.563297532768,1.50156212474183,0.745975746956415,76715,309.93065510442,0.736101083032491,0.983419148797497,0.827607190595458,0.814019555158194,0.00504673785241639,0.00136687833903543,0.662627836179944,0.994976861607441,BARBUNYA
75515,1109.067,396.898513655272,243.924717449309,1.62713528094074,0.788856799616915,76863,310.07851299417,0.792350873511358,0.982462303058689,0.771485067392871,0.781253903267298,0.00525588973919449,0.00120779939899756,0.610357661370388,0.993134484808242,BARBUNYA
75526,1059.166,377.055578653826,255.779615460363,1.47414240957077,0.734729212362593,76529,310.101096185853,0.761965294592413,0.986893857230592,0.846015433906516,0.822428081539026,0.00499239438940002,0.00140890065868837,0.676387949303962,0.997092161391577,BARBUNYA
75542,1136.864,406.832817616721,236.93686281387,1.7170515925009,0.812906881864995,77278,310.133941529114,0.699657312216356,0.977535650508554,0.734482265809584,0.762312989758098,0.00538551822319665,0.00112186485566924,0.58112109435393,0.997814900496279,BARBUNYA
75562,1077.868,402.797533574339,239.95787611086,1.67861768116437,0.803186051564141,76928,310.174993317125,0.679917936904998,0.982243136439268,0.817301227374658,0.77005186840321,0.00533068915029167,0.0011562268134451,0.592979880031275,0.995386511195226,BARBUNYA
75586,1118.794,385.040623137858,250.589105604844,1.53654175112078,0.759238816061887,77261,310.224248292025,0.774954888451444,0.978320239189242,0.758841318448765,0.805692255959584,0.00509407328259014,0.00132410281418717,0.649140011313244,0.997430729705817,BARBUNYA
75607,1190.215,412.633537564782,235.261064180063,1.75393892314013,0.821543887249687,77466,310.267339980849,0.690071556350626,0.976002375235587,0.670688765338636,0.751919831364017,0.00545761024197207,0.00107613916298688,0.565383432798492,0.991648009283858,BARBUNYA
75626,1096.341,371.108914933378,260.326562429156,1.42555147454217,0.712686273016806,77287,310.30632254297,0.767994963035178,0.978508675456416,0.790659844730131,0.836159709606211,0.00490716043336125,0.00147967715438302,0.699163059968743,0.996692931083858,BARBUNYA
75636,1108.609,404.089598772098,239.006326462355,1.6907067053547,0.80632800078907,77056,310.326837714028,0.682309003815864,0.981571843853821,0.773359842617974,0.767965418206791,0.00534255643836397,0.00114629272859795,0.589770883561531,0.997129587460444,BARBUNYA
75647,1073.393,380.74458376191,254.171479256962,1.49798311311312,0.744552179789869,76811,310.34940283587,0.713455752671439,0.984845920506178,0.82505719507465,0.815111799541552,0.0050331749277818,0.00137053618834348,0.664407245751867,0.995270834366294,BARBUNYA
75661,1176.964,408.075921204014,237.125046032334,1.72093133151514,0.813845936557456,77347,310.378119709182,0.689130355581463,0.978202128072194,0.686365716403663,0.7605891540805,0.00539347776534825,0.00111339474689254,0.57849586130489,0.995551652871424,BARBUNYA
75677,1039.343,394.206488316866,245.719369243646,1.60429554060097,0.781961645839744,76411,310.410935739904,0.825897631779985,0.990394053212234,0.880351240543087,0.787432335437345,0.00520906600838915,0.00123535734847507,0.620049682892312,0.994742941215184,BARBUNYA
75679,1085.308,368.014030214391,262.761224597992,1.40056445077629,0.700147896494834,77287,310.415037499816,0.764372575953458,0.979194431146247,0.807382329697971,0.843486965208854,0.00486282892499097,0.00151838622990868,0.711470260477242,0.99645995460897,BARBUNYA
75703,1082.381,389.220234315381,248.503108657658,1.56625901550221,0.76965168583127,76726,310.464254391848,0.780443298969072,0.986666840445221,0.812012349244189,0.797657025560192,0.00514141096542252,0.00128388717612395,0.636256730425533,0.996542840202948,BARBUNYA
75710,1077.037,367.91453118384,263.14464240765,1.39814562750583,0.698886002723606,77071,310.478607849074,0.776098901098901,0.982340958337118,0.820166193348945,0.8438878639831,0.00485952359244274,0.00152024093649759,0.712146726977959,0.995684832466819,BARBUNYA
75720,1097.632,390.075569302633,248.122103722973,1.57211132522941,0.771617123808291,77033,310.499111636968,0.703848298940324,0.98295535679514,0.789781487534769,0.795997329932942,0.00515155268492648,0.0012757464023338,0.633611749260373,0.996108206810651,BARBUNYA
75731,1094.38,415.79425641761,232.751187136131,1.78643237670973,0.828644715473361,76819,310.521664239934,0.772072016964359,0.985836837240787,0.7945976207353,0.746815665313223,0.00549041022061785,0.00105350896063516,0.557733637957232,0.996353428426903,BARBUNYA
75754,1051.198,381.67756354254,254.85110745119,1.49764922491318,0.744418714195356,76767,310.568814390414,0.723623754620918,0.986804225774096,0.861482345426425,0.813694186024113,0.00503838165037543,0.00136243463651252,0.662098228369444,0.991590898533888,BARBUNYA
75780,1073.277,364.96345893681,265.394853565535,1.37517157561116,0.686444722125209,77156,310.622105942302,0.742722728609233,0.982166001347919,0.826686450682817,0.851104674553414,0.00481609209470586,0.00155885761566155,0.724379167046672,0.996145640487471,BARBUNYA
75799,1096.146,409.706223528471,236.30386936172,1.73381089626306,0.816910701289241,77029,310.661043987463,0.796877628259041,0.984031987952589,0.792750515949189,0.758253172997932,0.00540516660547595,0.00110216291244928,0.574947874361431,0.996850889351133,BARBUNYA