Hectares ,Agriblock,Variety,Soil Types,Seedrate(in Kg),LP_Mainfield(in Tonnes),Nursery,Nursery area (Cents),LP_nurseryarea(in Tonnes),DAP_20days,Weed28D_thiobencarb,Urea_40Days,Potassh_50Days,Micronutrients_70Days,Pest_60Day(in ml),30DRain( in mm),30DAI(in mm),30_50DRain( in mm),30_50DAI(in mm),51_70DRain(in mm),51_70AI(in mm),71_105DRain(in mm),71_105DAI(in mm),Min temp_D1_D30,Max temp_D1_D30,Min temp_D31_D60,Max temp_D31_D60,Min temp_D61_D90,Max temp_D61_D90,Min temp_D91_D120,Max temp_D91_D120,Inst Wind Speed_D1_D30(in Knots),Inst Wind Speed_D31_D60(in Knots),Inst Wind Speed_D61_D90(in Knots),Inst Wind Speed_D91_D120(in Knots),Wind Direction_D1_D30,Wind Direction_D31_D60,Wind Direction_D61_D90,Wind Direction_D91_D120,Relative Humidity_D1_D30,Relative Humidity_D31_D60,Relative Humidity_D61_D90,Relative Humidity_D91_D120,Trash(in bundles),Paddy yield(in Kg)
6,Cuddalore,CO_43,alluvial,150,75,dry,120,6,240,12,162.78,62.28,90,3600,19.6,20.4,187.2,270.8,167,250,61,64,18.5,34,16,30,15.5,31,16,33,4,10,8,10,SW,W,NNW,WSW,72,78,88,85,540,35028
6,Kurinjipadi,ponmani,clay,150,75,wet,120,6,240,12,162.78,62.28,90,3600,19.6,20.4,187.2,270.8,167,250,61,64,19.5,34,18.5,35,17,32.5,16,30.5,10,4,10,6,NW,S,SE,SSE,64.6,85,84,87,600,35412
6,Panruti,delux ponni,alluvial,150,75,dry,120,6,240,12,162.78,62.28,90,3600,18.5,21.5,185.2,272.8,165.3,251.7,60,65,20,35,18,30,17.5,33.5,18,33,4,12,4,12,ENE,NE,NNE,W,85,96,84,79,600,36300
6,Kallakurichi,CO_43,clay,150,75,wet,120,6,240,12,162.78,62.28,90,3600,18.5,21.5,185.2,272.8,165.3,251.7,60,65,19,33,17,32,16.5,31.5,15.5,32.5,8,6,8,6,W,WNW,SE,S,88.5,95,81,84,540,35016
6,Sankarapuram,ponmani,alluvial,150,75,dry,120,6,240,12,162.78,62.28,90,3600,18.1,21.9,185.6,272.4,166.1,250.9,60.2,64.8,20.5,32,17.5,28,18,34,16.5,35,10,12,10,12,SSE,W,SW,NW,72.7,91,83,81,600,34044
6,Chinnasalem,delux ponni,alluvial,150,75,wet,120,6,240,12,162.78,62.28,90,3600,18.1,21.9,185.6,272.4,166.1,250.9,60.2,64.8,18,31,15.5,34,15,33,15,31.5,6,6,8,10,E,ENE,NE,NNW,78.6,80,92,88,480,36732
6,Cuddalore,CO_43,clay,150,75,wet,120,6,240,12,162.78,62.28,90,3600,19.6,20.4,187.2,270.8,167,250,61,64,18.5,34,16,30,15.5,31,16,33,4,10,8,10,SW,W,NNW,WSW,72,78,88,85,540,33162
6,Kurinjipadi,delux ponni,alluvial,150,75,dry,120,6,240,12,162.78,62.28,90,3600,19.6,20.4,187.2,270.8,167,250,61,64,19.5,34,18.5,35,17,32.5,16,30.5,10,4,10,6,NW,S,SE,SSE,64.6,85,84,87,480,36690
6,Panruti,ponmani,clay,150,75,dry,120,6,240,12,162.78,62.28,90,3600,18.5,21.5,185.2,272.8,165.3,251.7,60,65,20,35,18,30,17.5,33.5,18,33,4,12,4,12,ENE,NE,NNE,W,85,96,84,79,600,35310
6,Kallakurichi,CO_43,alluvial,150,75,dry,120,6,240,12,162.78,62.28,90,3600,18.5,21.5,185.2,272.8,165.3,251.7,60,65,19,33,17,32,16.5,31.5,15.5,32.5,8,6,8,6,W,WNW,SE,S,88.5,95,81,84,540,32460
6,Sankarapuram,ponmani,clay,150,75,wet,120,6,240,12,162.78,62.28,90,3600,18.1,21.9,185.6,272.4,166.1,250.9,60.2,64.8,20.5,32,17.5,28,18,34,16.5,35,10,12,10,12,SSE,W,SW,NW,72.7,91,83,81,600,34152
6,Chinnasalem,delux ponni,alluvial,150,75,wet,120,6,240,12,162.78,62.28,90,3600,18.1,21.9,185.6,272.4,166.1,250.9,60.2,64.8,18,31,15.5,34,15,33,15,31.5,6,6,8,10,E,ENE,NE,NNW,78.6,80,92,88,480,36090
6,Cuddalore,CO_43,clay,150,75,wet,120,6,240,12,162.78,62.28,90,3600,19.6,20.4,187.2,270.8,167,250,61,64,18.5,34,16,30,15.5,31,16,33,4,10,8,10,SW,W,NNW,WSW,72,78,88,85,540,34596
6,Kurinjipadi,ponmani,clay,150,75,wet,120,6,240,12,162.78,62.28,90,3600,19.6,20.4,187.2,270.8,167,250,61,64,19.5,34,18.5,35,17,32.5,16,30.5,10,4,10,6,NW,S,SE,SSE,64.6,85,84,87,600,34458
6,Panruti,delux ponni,clay,150,75,wet,120,6,240,12,162.78,62.28,90,3600,18.5,21.5,185.2,272.8,165.3,251.7,60,65,20,35,18,30,17.5,33.5,18,33,4,12,4,12,ENE,NE,NNE,W,85,96,84,79,480,37926
6,Kallakurichi,CO_43,clay,150,75,wet,120,6,240,12,162.78,62.28,90,3600,18.5,21.5,185.2,272.8,165.3,251.7,60,65,19,33,17,32,16.5,31.5,15.5,32.5,8,6,8,6,W,WNW,SE,S,88.5,95,81,84,540,32778
6,Sankarapuram,delux ponni,alluvial,150,75,dry,120,6,240,12,162.78,62.28,90,3600,18.1,21.9,185.6,272.4,166.1,250.9,60.2,64.8,20.5,32,17.5,28,18,34,16.5,35,10,12,10,12,SSE,W,SW,NW,72.7,91,83,81,480,37278
6,Chinnasalem,ponmani,clay,150,75,dry,120,6,240,12,162.78,62.28,90,3600,18.1,21.9,185.6,272.4,166.1,250.9,60.2,64.8,18,31,15.5,34,15,33,15,31.5,6,6,8,10,E,ENE,NE,NNW,78.6,80,92,88,600,33666
6,Cuddalore,CO_43,clay,150,75,dry,120,6,240,12,162.78,62.28,90,3600,19.6,20.4,187.2,270.8,167,250,61,64,18.5,34,16,30,15.5,31,16,33,4,10,8,10,SW,W,NNW,WSW,72,78,88,85,540,34386
6,Kurinjipadi,ponmani,alluvial,150,75,dry,120,6,240,12,162.78,62.28,90,3600,19.6,20.4,187.2,270.8,167,250,61,64,19.5,34,18.5,35,17,32.5,16,30.5,10,4,10,6,NW,S,SE,SSE,64.6,85,84,87,600,35658
6,Panruti,delux ponni,clay,150,75,dry,120,6,240,12,162.78,62.28,90,3600,18.5,21.5,185.2,272.8,165.3,251.7,60,65,20,35,18,30,17.5,33.5,18,33,4,12,4,12,ENE,NE,NNE,W,85,96,84,79,480,37362
6,Kallakurichi,CO_43,clay,150,75,dry,120,6,240,12,162.78,62.28,90,3600,18.5,21.5,185.2,272.8,165.3,251.7,60,65,19,33,17,32,16.5,31.5,15.5,32.5,8,6,8,6,W,WNW,SE,S,88.5,95,81,84,540,34716
6,Sankarapuram,ponmani,alluvial,150,75,dry,120,6,240,12,162.78,62.28,90,3600,18.1,21.9,185.6,272.4,166.1,250.9,60.2,64.8,20.5,32,17.5,28,18,34,16.5,35,10,12,10,12,SSE,W,SW,NW,72.7,91,83,81,600,35646
6,Chinnasalem,delux ponni,clay,150,75,dry,120,6,240,12,162.78,62.28,90,3600,18.1,21.9,185.6,272.4,166.1,250.9,60.2,64.8,18,31,15.5,34,15,33,15,31.5,6,6,8,10,E,ENE,NE,NNW,78.6,80,92,88,480,38496
6,Cuddalore,CO_43,clay,150,75,dry,120,6,240,12,162.78,62.28,90,3600,19.6,20.4,187.2,270.8,167,250,61,64,18.5,34,16,30,15.5,31,16,33,4,10,8,10,SW,W,NNW,WSW,72,78,88,85,540,35496
6,Kurinjipadi,delux ponni,clay,150,75,dry,120,6,240,12,162.78,62.28,90,3600,19.6,20.4,187.2,270.8,167,250,61,64,19.5,34,18.5,35,17,32.5,16,30.5,10,4,10,6,NW,S,SE,SSE,64.6,85,84,87,480,37362
6,Panruti,ponmani,alluvial,150,75,dry,120,6,240,12,162.78,62.28,90,3600,18.5,21.5,185.2,272.8,165.3,251.7,60,65,20,35,18,30,17.5,33.5,18,33,4,12,4,12,ENE,NE,NNE,W,85,96,84,79,600,33462
6,Kallakurichi,ponmani,clay,150,75,dry,120,6,240,12,162.78,62.28,90,3600,18.5,21.5,185.2,272.8,165.3,251.7,60,65,19,33,17,32,16.5,31.5,15.5,32.5,8,6,8,6,W,WNW,SE,S,88.5,95,81,84,600,33804
6,Sankarapuram,ponmani,clay,150,75,dry,120,6,240,12,162.78,62.28,90,3600,18.1,21.9,185.6,272.4,166.1,250.9,60.2,64.8,20.5,32,17.5,28,18,34,16.5,35,10,12,10,12,SSE,W,SW,NW,72.7,91,83,81,600,35538
6,Chinnasalem,ponmani,alluvial,150,75,dry,120,6,240,12,162.78,62.28,90,3600,18.1,21.9,185.6,272.4,166.1,250.9,60.2,64.8,18,31,15.5,34,15,33,15,31.5,6,6,8,10,E,ENE,NE,NNW,78.6,80,92,88,600,34524
6,Cuddalore,CO_43,alluvial,150,75,dry,120,6,240,12,162.78,62.28,90,3600,19.6,20.4,187.2,270.8,167,250,61,64,18.5,34,16,30,15.5,31,16,33,4,10,8,10,SW,W,NNW,WSW,72,78,88,85,540,35130
6,Kurinjipadi,ponmani,alluvial,150,75,dry,120,6,240,12,162.78,62.28,90,3600,19.6,20.4,187.2,270.8,167,250,61,64,19.5,34,18.5,35,17,32.5,16,30.5,10,4,10,6,NW,S,SE,SSE,64.6,85,84,87,600,34518
6,Panruti,ponmani,alluvial,150,75,dry,120,6,240,12,162.78,62.28,90,3600,18.5,21.5,185.2,272.8,165.3,251.7,60,65,20,35,18,30,17.5,33.5,18,33,4,12,4,12,ENE,NE,NNE,W,85,96,84,79,600,35040
6,Kallakurichi,ponmani,alluvial,150,75,dry,120,6,240,12,162.78,62.28,90,3600,18.5,21.5,185.2,272.8,165.3,251.7,60,65,19,33,17,32,16.5,31.5,15.5,32.5,8,6,8,6,W,WNW,SE,S,88.5,95,81,84,600,33762
6,Sankarapuram,delux ponni,alluvial,150,75,dry,120,6,240,12,162.78,62.28,90,3600,18.1,21.9,185.6,272.4,166.1,250.9,60.2,64.8,20.5,32,17.5,28,18,34,16.5,35,10,12,10,12,SSE,W,SW,NW,72.7,91,83,81,480,38172
6,Chinnasalem,delux ponni,alluvial,150,75,dry,120,6,240,12,162.78,62.28,90,3600,18.1,21.9,185.6,272.4,166.1,250.9,60.2,64.8,18,31,15.5,34,15,33,15,31.5,6,6,8,10,E,ENE,NE,NNW,78.6,80,92,88,480,37062
6,Cuddalore,delux ponni,clay,150,75,dry,120,6,240,12,162.78,62.28,90,3600,19.6,20.4,187.2,270.8,167,250,61,64,18.5,34,16,30,15.5,31,16,33,4,10,8,10,SW,W,NNW,WSW,72,78,88,85,480,37716
6,Kurinjipadi,ponmani,clay,150,75,dry,120,6,240,12,162.78,62.28,90,3600,19.6,20.4,187.2,270.8,167,250,61,64,19.5,34,18.5,35,17,32.5,16,30.5,10,4,10,6,NW,S,SE,SSE,64.6,85,84,87,600,36000
6,Panruti,delux ponni,clay,150,75,dry,120,6,240,12,162.78,62.28,90,3600,18.5,21.5,185.2,272.8,165.3,251.7,60,65,20,35,18,30,17.5,33.5,18,33,4,12,4,12,ENE,NE,NNE,W,85,96,84,79,480,36906
6,Kallakurichi,CO_43,clay,150,75,dry,120,6,240,12,162.78,62.28,90,3600,18.5,21.5,185.2,272.8,165.3,251.7,60,65,19,33,17,32,16.5,31.5,15.5,32.5,8,6,8,6,W,WNW,SE,S,88.5,95,81,84,540,35556
6,Sankarapuram,delux ponni,clay,150,75,dry,120,6,240,12,162.78,62.28,90,3600,18.1,21.9,185.6,272.4,166.1,250.9,60.2,64.8,20.5,32,17.5,28,18,34,16.5,35,10,12,10,12,SSE,W,SW,NW,72.7,91,83,81,480,37134
6,Chinnasalem,delux ponni,clay,150,75,dry,120,6,240,12,162.78,62.28,90,3600,18.1,21.9,185.6,272.4,166.1,250.9,60.2,64.8,18,31,15.5,34,15,33,15,31.5,6,6,8,10,E,ENE,NE,NNW,78.6,80,92,88,480,38178
6,Cuddalore,CO_43,clay,150,75,dry,120,6,240,12,162.78,62.28,90,3600,19.6,20.4,187.2,270.8,167,250,61,64,18.5,34,16,30,15.5,31,16,33,4,10,8,10,SW,W,NNW,WSW,72,78,88,85,540,35298
6,Kurinjipadi,ponmani,clay,150,75,wet,120,6,240,12,162.78,62.28,90,3600,19.6,20.4,187.2,270.8,167,250,61,64,19.5,34,18.5,35,17,32.5,16,30.5,10,4,10,6,NW,S,SE,SSE,64.6,85,84,87,600,34218
6,Panruti,delux ponni,alluvial,150,75,wet,120,6,240,12,162.78,62.28,90,3600,18.5,21.5,185.2,272.8,165.3,251.7,60,65,20,35,18,30,17.5,33.5,18,33,4,12,4,12,ENE,NE,NNE,W,85,96,84,79,480,36552
6,Kallakurichi,CO_43,alluvial,150,75,wet,120,6,240,12,162.78,62.28,90,3600,18.5,21.5,185.2,272.8,165.3,251.7,60,65,19,33,17,32,16.5,31.5,15.5,32.5,8,6,8,6,W,WNW,SE,S,88.5,95,81,84,540,35592
6,Sankarapuram,ponmani,alluvial,150,75,wet,120,6,240,12,162.78,62.28,90,3600,18.1,21.9,185.6,272.4,166.1,250.9,60.2,64.8,20.5,32,17.5,28,18,34,16.5,35,10,12,10,12,SSE,W,SW,NW,72.7,91,83,81,600,33162
6,Chinnasalem,delux ponni,alluvial,150,75,wet,120,6,240,12,162.78,62.28,90,3600,18.1,21.9,185.6,272.4,166.1,250.9,60.2,64.8,18,31,15.5,34,15,33,15,31.5,6,6,8,10,E,ENE,NE,NNW,78.6,80,92,88,480,37152
6,Cuddalore,CO_43,alluvial,150,75,wet,120,6,240,12,162.78,62.28,90,3600,19.6,20.4,187.2,270.8,167,250,61,64,18.5,34,16,30,15.5,31,16,33,4,10,8,10,SW,W,NNW,WSW,72,78,88,85,540,34338
6,Kurinjipadi,delux ponni,alluvial,150,75,wet,120,6,240,12,162.78,62.28,90,3600,19.6,20.4,187.2,270.8,167,250,61,64,19.5,34,18.5,35,17,32.5,16,30.5,10,4,10,6,NW,S,SE,SSE,64.6,85,84,87,480,38424
6,Panruti,ponmani,alluvial,150,75,wet,120,6,240,12,162.78,62.28,90,3600,18.5,21.5,185.2,272.8,165.3,251.7,60,65,20,35,18,30,17.5,33.5,18,33,4,12,4,12,ENE,NE,NNE,W,85,96,84,79,600,33768
6,Kallakurichi,CO_43,alluvial,150,75,wet,120,6,240,12,162.78,62.28,90,3600,18.5,21.5,185.2,272.8,165.3,251.7,60,65,19,33,17,32,16.5,31.5,15.5,32.5,8,6,8,6,W,WNW,SE,S,88.5,95,81,84,540,34680
6,Sankarapuram,ponmani,clay,150,75,wet,120,6,240,12,162.78,62.28,90,3600,18.1,21.9,185.6,272.4,166.1,250.9,60.2,64.8,20.5,32,17.5,28,18,34,16.5,35,10,12,10,12,SSE,W,SW,NW,72.7,91,83,81,600,33864
6,Chinnasalem,delux ponni,clay,150,75,wet,120,6,240,12,162.78,62.28,90,3600,18.1,21.9,185.6,272.4,166.1,250.9,60.2,64.8,18,31,15.5,34,15,33,15,31.5,6,6,8,10,E,ENE,NE,NNW,78.6,80,92,88,480,38508
6,Cuddalore,CO_43,clay,150,75,wet,120,6,240,12,162.78,62.28,90,3600,19.6,20.4,187.2,270.8,167,250,61,64,18.5,34,16,30,15.5,31,16,33,4,10,8,10,SW,W,NNW,WSW,72,78,88,85,540,35238
6,Kurinjipadi,ponmani,clay,150,75,dry,120,6,240,12,162.78,62.28,90,3600,19.6,20.4,187.2,270.8,167,250,61,64,19.5,34,18.5,35,17,32.5,16,30.5,10,4,10,6,NW,S,SE,SSE,64.6,85,84,87,600,35298
6,Panruti,delux ponni,clay,150,75,dry,120,6,240,12,162.78,62.28,90,3600,18.5,21.5,185.2,272.8,165.3,251.7,60,65,20,35,18,30,17.5,33.5,18,33,4,12,4,12,ENE,NE,NNE,W,85,96,84,79,480,38136
6,Kallakurichi,CO_43,clay,150,75,dry,120,6,240,12,162.78,62.28,90,3600,18.5,21.5,185.2,272.8,165.3,251.7,60,65,19,33,17,32,16.5,31.5,15.5,32.5,8,6,8,6,W,WNW,SE,S,88.5,95,81,84,540,35016
6,Sankarapuram,delux ponni,clay,150,75,dry,120,6,240,12,162.78,62.28,90,3600,18.1,21.9,185.6,272.4,166.1,250.9,60.2,64.8,20.5,32,17.5,28,18,34,16.5,35,10,12,10,12,SSE,W,SW,NW,72.7,91,83,81,480,36954
6,Chinnasalem,ponmani,alluvial,150,75,dry,120,6,240,12,162.78,62.28,90,3600,18.1,21.9,185.6,272.4,166.1,250.9,60.2,64.8,18,31,15.5,34,15,33,15,31.5,6,6,8,10,E,ENE,NE,NNW,78.6,80,92,88,600,32460
6,Cuddalore,CO_43,clay,150,75,dry,120,6,240,12,162.78,62.28,90,3600,19.6,20.4,187.2,270.8,167,250,61,64,18.5,34,16,30,15.5,31,16,33,4,10,8,10,SW,W,NNW,WSW,72,78,88,85,540,34338
6,Kurinjipadi,ponmani,alluvial,150,75,dry,120,6,240,12,162.78,62.28,90,3600,19.6,20.4,187.2,270.8,167,250,61,64,19.5,34,18.5,35,17,32.5,16,30.5,10,4,10,6,NW,S,SE,SSE,64.6,85,84,87,600,34530
6,Panruti,delux ponni,clay,150,75,dry,120,6,240,12,162.78,62.28,90,3600,18.5,21.5,185.2,272.8,165.3,251.7,60,65,20,35,18,30,17.5,33.5,18,33,4,12,4,12,ENE,NE,NNE,W,85,96,84,79,480,37254
6,Kallakurichi,CO_43,alluvial,150,75,wet,120,6,240,12,162.78,62.28,90,3600,18.5,21.5,185.2,272.8,165.3,251.7,60,65,19,33,17,32,16.5,31.5,15.5,32.5,8,6,8,6,W,WNW,SE,S,88.5,95,81,84,540,32952
6,Sankarapuram,ponmani,alluvial,150,75,wet,120,6,240,12,162.78,62.28,90,3600,18.1,21.9,185.6,272.4,166.1,250.9,60.2,64.8,20.5,32,17.5,28,18,34,16.5,35,10,12,10,12,SSE,W,SW,NW,72.7,91,83,81,600,35178
6,Chinnasalem,delux ponni,clay,150,75,wet,120,6,240,12,162.78,62.28,90,3600,18.1,21.9,185.6,272.4,166.1,250.9,60.2,64.8,18,31,15.5,34,15,33,15,31.5,6,6,8,10,E,ENE,NE,NNW,78.6,80,92,88,480,36690
6,Cuddalore,CO_43,alluvial,150,75,wet,120,6,240,12,162.78,62.28,90,3600,19.6,20.4,187.2,270.8,167,250,61,64,18.5,34,16,30,15.5,31,16,33,4,10,8,10,SW,W,NNW,WSW,72,78,88,85,540,35238
6,Kurinjipadi,delux ponni,clay,150,75,wet,120,6,240,12,162.78,62.28,90,3600,19.6,20.4,187.2,270.8,167,250,61,64,19.5,34,18.5,35,17,32.5,16,30.5,10,4,10,6,NW,S,SE,SSE,64.6,85,84,87,480,38586
6,Panruti,ponmani,alluvial,150,75,wet,120,6,240,12,162.78,62.28,90,3600,18.5,21.5,185.2,272.8,165.3,251.7,60,65,20,35,18,30,17.5,33.5,18,33,4,12,4,12,ENE,NE,NNE,W,85,96,84,79,600,35784
6,Kallakurichi,ponmani,clay,150,75,wet,120,6,240,12,162.78,62.28,90,3600,18.5,21.5,185.2,272.8,165.3,251.7,60,65,19,33,17,32,16.5,31.5,15.5,32.5,8,6,8,6,W,WNW,SE,S,88.5,95,81,84,600,33030
6,Sankarapuram,ponmani,alluvial,150,75,dry,120,6,240,12,162.78,62.28,90,3600,18.1,21.9,185.6,272.4,166.1,250.9,60.2,64.8,20.5,32,17.5,28,18,34,16.5,35,10,12,10,12,SSE,W,SW,NW,72.7,91,83,81,600,33162
6,Chinnasalem,ponmani,clay,150,75,dry,120,6,240,12,162.78,62.28,90,3600,18.1,21.9,185.6,272.4,166.1,250.9,60.2,64.8,18,31,15.5,34,15,33,15,31.5,6,6,8,10,E,ENE,NE,NNW,78.6,80,92,88,600,32460
6,Cuddalore,CO_43,clay,150,75,dry,120,6,240,12,162.78,62.28,90,3600,19.6,20.4,187.2,270.8,167,250,61,64,18.5,34,16,30,15.5,31,16,33,4,10,8,10,SW,W,NNW,WSW,72,78,88,85,540,35280
6,Kurinjipadi,ponmani,alluvial,150,75,dry,120,6,240,12,162.78,62.28,90,3600,19.6,20.4,187.2,270.8,167,250,61,64,19.5,34,18.5,35,17,32.5,16,30.5,10,4,10,6,NW,S,SE,SSE,64.6,85,84,87,600,32778
6,Panruti,ponmani,clay,150,75,dry,120,6,240,12,162.78,62.28,90,3600,18.5,21.5,185.2,272.8,165.3,251.7,60,65,20,35,18,30,17.5,33.5,18,33,4,12,4,12,ENE,NE,NNE,W,85,96,84,79,600,35058
6,Kallakurichi,ponmani,clay,150,75,dry,120,6,240,12,162.78,62.28,90,3600,18.5,21.5,185.2,272.8,165.3,251.7,60,65,19,33,17,32,16.5,31.5,15.5,32.5,8,6,8,6,W,WNW,SE,S,88.5,95,81,84,600,35496
6,Sankarapuram,delux ponni,alluvial,150,75,dry,120,6,240,12,162.78,62.28,90,3600,18.1,21.9,185.6,272.4,166.1,250.9,60.2,64.8,20.5,32,17.5,28,18,34,16.5,35,10,12,10,12,SSE,W,SW,NW,72.7,91,83,81,480,36426
6,Chinnasalem,delux ponni,clay,150,75,dry,120,6,240,12,162.78,62.28,90,3600,18.1,21.9,185.6,272.4,166.1,250.9,60.2,64.8,18,31,15.5,34,15,33,15,31.5,6,6,8,10,E,ENE,NE,NNW,78.6,80,92,88,480,37950
6,Cuddalore,delux ponni,clay,150,75,wet,120,6,240,12,162.78,62.28,90,3600,19.6,20.4,187.2,270.8,167,250,61,64,18.5,34,16,30,15.5,31,16,33,4,10,8,10,SW,W,NNW,WSW,72,78,88,85,480,38814
6,Kurinjipadi,ponmani,clay,150,75,wet,120,6,240,12,162.78,62.28,90,3600,19.6,20.4,187.2,270.8,167,250,61,64,19.5,34,18.5,35,17,32.5,16,30.5,10,4,10,6,NW,S,SE,SSE,64.6,85,84,87,600,35298
6,Panruti,delux ponni,clay,150,75,wet,120,6,240,12,162.78,62.28,90,3600,18.5,21.5,185.2,272.8,165.3,251.7,60,65,20,35,18,30,17.5,33.5,18,33,4,12,4,12,ENE,NE,NNE,W,85,96,84,79,480,37680
6,Kallakurichi,CO_43,alluvial,150,75,wet,120,6,240,12,162.78,62.28,90,3600,18.5,21.5,185.2,272.8,165.3,251.7,60,65,19,33,17,32,16.5,31.5,15.5,32.5,8,6,8,6,W,WNW,SE,S,88.5,95,81,84,540,35016
6,Sankarapuram,delux ponni,clay,150,75,wet,120,6,240,12,162.78,62.28,90,3600,18.1,21.9,185.6,272.4,166.1,250.9,60.2,64.8,20.5,32,17.5,28,18,34,16.5,35,10,12,10,12,SSE,W,SW,NW,72.7,91,83,81,480,36648
6,Chinnasalem,delux ponni,alluvial,150,75,wet,120,6,240,12,162.78,62.28,90,3600,18.1,21.9,185.6,272.4,166.1,250.9,60.2,64.8,18,31,15.5,34,15,33,15,31.5,6,6,8,10,E,ENE,NE,NNW,78.6,80,92,88,480,37086
6,Cuddalore,CO_43,clay,150,75,wet,120,6,240,12,162.78,62.28,90,3600,19.6,20.4,187.2,270.8,167,250,61,64,18.5,34,16,30,15.5,31,16,33,4,10,8,10,SW,W,NNW,WSW,72,78,88,85,540,34338
6,Kurinjipadi,ponmani,clay,150,75,wet,120,6,240,12,162.78,62.28,90,3600,19.6,20.4,187.2,270.8,167,250,61,64,19.5,34,18.5,35,17,32.5,16,30.5,10,4,10,6,NW,S,SE,SSE,64.6,85,84,87,600,32778
6,Panruti,delux ponni,alluvial,150,75,wet,120,6,240,12,162.78,62.28,90,3600,18.5,21.5,185.2,272.8,165.3,251.7,60,65,20,35,18,30,17.5,33.5,18,33,4,12,4,12,ENE,NE,NNE,W,85,96,84,79,480,36966
6,Kallakurichi,CO_43,clay,150,75,wet,120,6,240,12,162.78,62.28,90,3600,18.5,21.5,185.2,272.8,165.3,251.7,60,65,19,33,17,32,16.5,31.5,15.5,32.5,8,6,8,6,W,WNW,SE,S,88.5,95,81,84,540,33180
6,Sankarapuram,ponmani,alluvial,150,75,wet,120,6,240,12,162.78,62.28,90,3600,18.1,21.9,185.6,272.4,166.1,250.9,60.2,64.8,20.5,32,17.5,28,18,34,16.5,35,10,12,10,12,SSE,W,SW,NW,72.7,91,83,81,600,32718
6,Chinnasalem,delux ponni,alluvial,150,75,wet,120,6,240,12,162.78,62.28,90,3600,18.1,21.9,185.6,272.4,166.1,250.9,60.2,64.8,18,31,15.5,34,15,33,15,31.5,6,6,8,10,E,ENE,NE,NNW,78.6,80,92,88,480,37842
6,Cuddalore,CO_43,clay,150,75,dry,120,6,240,12,162.78,62.28,90,3600,19.6,20.4,187.2,270.8,167,250,61,64,18.5,34,16,30,15.5,31,16,33,4,10,8,10,SW,W,NNW,WSW,72,78,88,85,540,35238
6,Kurinjipadi,delux ponni,alluvial,150,75,dry,120,6,240,12,162.78,62.28,90,3600,19.6,20.4,187.2,270.8,167,250,61,64,19.5,34,18.5,35,17,32.5,16,30.5,10,4,10,6,NW,S,SE,SSE,64.6,85,84,87,480,37866
6,Panruti,ponmani,alluvial,150,75,dry,120,6,240,12,162.78,62.28,90,3600,18.5,21.5,185.2,272.8,165.3,251.7,60,65,20,35,18,30,17.5,33.5,18,33,4,12,4,12,ENE,NE,NNE,W,85,96,84,79,600,35448
6,Kallakurichi,CO_43,alluvial,150,75,dry,120,6,240,12,162.78,62.28,90,3600,18.5,21.5,185.2,272.8,165.3,251.7,60,65,19,33,17,32,16.5,31.5,15.5,32.5,8,6,8,6,W,WNW,SE,S,88.5,95,81,84,540,35016
6,Sankarapuram,ponmani,alluvial,150,75,dry,120,6,240,12,162.78,62.28,90,3600,18.1,21.9,185.6,272.4,166.1,250.9,60.2,64.8,20.5,32,17.5,28,18,34,16.5,35,10,12,10,12,SSE,W,SW,NW,72.7,91,83,81,600,33162
6,Chinnasalem,delux ponni,clay,150,75,dry,120,6,240,12,162.78,62.28,90,3600,18.1,21.9,185.6,272.4,166.1,250.9,60.2,64.8,18,31,15.5,34,15,33,15,31.5,6,6,8,10,E,ENE,NE,NNW,78.6,80,92,88,480,36654
6,Cuddalore,CO_43,alluvial,150,75,dry,120,6,240,12,162.78,62.28,90,3600,19.6,20.4,187.2,270.8,167,250,61,64,18.5,34,16,30,15.5,31,16,33,4,10,8,10,SW,W,NNW,WSW,72,78,88,85,540,34338
6,Kurinjipadi,ponmani,clay,150,75,wet,120,6,240,12,162.78,62.28,90,3600,19.6,20.4,187.2,270.8,167,250,61,64,19.5,34,18.5,35,17,32.5,16,30.5,10,4,10,6,NW,S,SE,SSE,64.6,85,84,87,600,33378
6,Panruti,delux ponni,clay,150,75,wet,120,6,240,12,162.78,62.28,90,3600,18.5,21.5,185.2,272.8,165.3,251.7,60,65,20,35,18,30,17.5,33.5,18,33,4,12,4,12,ENE,NE,NNE,W,85,96,84,79,480,38304
6,Kallakurichi,CO_43,alluvial,150,75,wet,120,6,240,12,162.78,62.28,90,3600,18.5,21.5,185.2,272.8,165.3,251.7,60,65,19,33,17,32,16.5,31.5,15.5,32.5,8,6,8,6,W,WNW,SE,S,88.5,95,81,84,540,35130
6,Sankarapuram,delux ponni,clay,150,75,wet,120,6,240,12,162.78,62.28,90,3600,18.1,21.9,185.6,272.4,166.1,250.9,60.2,64.8,20.5,32,17.5,28,18,34,16.5,35,10,12,10,12,SSE,W,SW,NW,72.7,91,83,81,480,37242
6,Chinnasalem,ponmani,clay,150,75,wet,120,6,240,12,162.78,62.28,90,3600,18.1,21.9,185.6,272.4,166.1,250.9,60.2,64.8,18,31,15.5,34,15,33,15,31.5,6,6,8,10,E,ENE,NE,NNW,78.6,80,92,88,600,33672
6,Cuddalore,CO_43,clay,150,75,wet,120,6,240,12,162.78,62.28,90,3600,19.6,20.4,187.2,270.8,167,250,61,64,18.5,34,16,30,15.5,31,16,33,4,10,8,10,SW,W,NNW,WSW,72,78,88,85,540,35238
6,Kurinjipadi,ponmani,alluvial,150,75,dry,120,6,240,12,162.78,62.28,90,3600,19.6,20.4,187.2,270.8,167,250,61,64,19.5,34,18.5,35,17,32.5,16,30.5,10,4,10,6,NW,S,SE,SSE,64.6,85,84,87,600,34620
6,Panruti,delux ponni,alluvial,150,75,dry,120,6,240,12,162.78,62.28,90,3600,18.5,21.5,185.2,272.8,165.3,251.7,60,65,20,35,18,30,17.5,33.5,18,33,4,12,4,12,ENE,NE,NNE,W,85,96,84,79,480,36966
6,Kallakurichi,CO_43,alluvial,150,75,dry,120,6,240,12,162.78,62.28,90,3600,18.5,21.5,185.2,272.8,165.3,251.7,60,65,19,33,17,32,16.5,31.5,15.5,32.5,8,6,8,6,W,WNW,SE,S,88.5,95,81,84,540,34338
6,Sankarapuram,ponmani,clay,150,75,dry,120,6,240,12,162.78,62.28,90,3600,18.1,21.9,185.6,272.4,166.1,250.9,60.2,64.8,20.5,32,17.5,28,18,34,16.5,35,10,12,10,12,SSE,W,SW,NW,72.7,91,83,81,600,34290
6,Chinnasalem,delux ponni,alluvial,150,75,dry,120,6,240,12,162.78,62.28,90,3600,18.1,21.9,185.6,272.4,166.1,250.9,60.2,64.8,18,31,15.5,34,15,33,15,31.5,6,6,8,10,E,ENE,NE,NNW,78.6,80,92,88,480,36342
6,Cuddalore,CO_43,clay,150,75,wet,120,6,240,12,162.78,62.28,90,3600,19.6,20.4,187.2,270.8,167,250,61,64,18.5,34,16,30,15.5,31,16,33,4,10,8,10,SW,W,NNW,WSW,72,78,88,85,540,34338
6,Kurinjipadi,delux ponni,alluvial,150,75,wet,120,6,240,12,162.78,62.28,90,3600,19.6,20.4,187.2,270.8,167,250,61,64,19.5,34,18.5,35,17,32.5,16,30.5,10,4,10,6,NW,S,SE,SSE,64.6,85,84,87,480,38460
6,Panruti,ponmani,alluvial,150,75,wet,120,6,240,12,162.78,62.28,90,3600,18.5,21.5,185.2,272.8,165.3,251.7,60,65,20,35,18,30,17.5,33.5,18,33,4,12,4,12,ENE,NE,NNE,W,85,96,84,79,600,34338
6,Kallakurichi,ponmani,clay,150,75,wet,120,6,240,12,162.78,62.28,90,3600,18.5,21.5,185.2,272.8,165.3,251.7,60,65,19,33,17,32,16.5,31.5,15.5,32.5,8,6,8,6,W,WNW,SE,S,88.5,95,81,84,600,35766
6,Sankarapuram,ponmani,clay,150,75,wet,120,6,240,12,162.78,62.28,90,3600,18.1,21.9,185.6,272.4,166.1,250.9,60.2,64.8,20.5,32,17.5,28,18,34,16.5,35,10,12,10,12,SSE,W,SW,NW,72.7,91,83,81,600,35238
6,Chinnasalem,ponmani,alluvial,150,75,dry,120,6,240,12,162.78,62.28,90,3600,18.1,21.9,185.6,272.4,166.1,250.9,60.2,64.8,18,31,15.5,34,15,33,15,31.5,6,6,8,10,E,ENE,NE,NNW,78.6,80,92,88,600,34824
6,Cuddalore,CO_43,clay,150,75,dry,120,6,240,12,162.78,62.28,90,3600,19.6,20.4,187.2,270.8,167,250,61,64,18.5,34,16,30,15.5,31,16,33,4,10,8,10,SW,W,NNW,WSW,72,78,88,85,540,34338
6,Kurinjipadi,ponmani,alluvial,150,75,dry,120,6,240,12,162.78,62.28,90,3600,19.6,20.4,187.2,270.8,167,250,61,64,19.5,34,18.5,35,17,32.5,16,30.5,10,4,10,6,NW,S,SE,SSE,64.6,85,84,87,600,35130
6,Panruti,ponmani,clay,150,75,dry,120,6,240,12,162.78,62.28,90,3600,18.5,21.5,185.2,272.8,165.3,251.7,60,65,20,35,18,30,17.5,33.5,18,33,4,12,4,12,ENE,NE,NNE,W,85,96,84,79,600,34668
6,Kallakurichi,ponmani,clay,150,75,dry,120,6,240,12,162.78,62.28,90,3600,18.5,21.5,185.2,272.8,165.3,251.7,60,65,19,33,17,32,16.5,31.5,15.5,32.5,8,6,8,6,W,WNW,SE,S,88.5,95,81,84,600,35448
6,Sankarapuram,delux ponni,alluvial,150,75,dry,120,6,240,12,162.78,62.28,90,3600,18.1,21.9,185.6,272.4,166.1,250.9,60.2,64.8,20.5,32,17.5,28,18,34,16.5,35,10,12,10,12,SSE,W,SW,NW,72.7,91,83,81,480,37026
6,Chinnasalem,delux ponni,clay,150,75,dry,120,6,240,12,162.78,62.28,90,3600,18.1,21.9,185.6,272.4,166.1,250.9,60.2,64.8,18,31,15.5,34,15,33,15,31.5,6,6,8,10,E,ENE,NE,NNW,78.6,80,92,88,480,36300
6,Cuddalore,delux ponni,alluvial,150,75,dry,120,6,240,12,162.78,62.28,90,3600,19.6,20.4,187.2,270.8,167,250,61,64,18.5,34,16,30,15.5,31,16,33,4,10,8,10,SW,W,NNW,WSW,72,78,88,85,480,36732
6,Kurinjipadi,ponmani,clay,150,75,dry,120,6,240,12,162.78,62.28,90,3600,19.6,20.4,187.2,270.8,167,250,61,64,19.5,34,18.5,35,17,32.5,16,30.5,10,4,10,6,NW,S,SE,SSE,64.6,85,84,87,600,36690
6,Panruti,delux ponni,alluvial,150,75,wet,120,6,240,12,162.78,62.28,90,3600,18.5,21.5,185.2,272.8,165.3,251.7,60,65,20,35,18,30,17.5,33.5,18,33,4,12,4,12,ENE,NE,NNE,W,85,96,84,79,480,36090
6,Kallakurichi,CO_43,alluvial,150,75,wet,120,6,240,12,162.78,62.28,90,3600,18.5,21.5,185.2,272.8,165.3,251.7,60,65,19,33,17,32,16.5,31.5,15.5,32.5,8,6,8,6,W,WNW,SE,S,88.5,95,81,84,540,37926
6,Sankarapuram,delux ponni,clay,150,75,wet,120,6,240,12,162.78,62.28,90,3600,18.1,21.9,185.6,272.4,166.1,250.9,60.2,64.8,20.5,32,17.5,28,18,34,16.5,35,10,12,10,12,SSE,W,SW,NW,72.7,91,83,81,480,37278
6,Chinnasalem,delux ponni,alluvial,150,75,wet,120,6,240,12,162.78,62.28,90,3600,18.1,21.9,185.6,272.4,166.1,250.9,60.2,64.8,18,31,15.5,34,15,33,15,31.5,6,6,8,10,E,ENE,NE,NNW,78.6,80,92,88,480,37362
6,Cuddalore,CO_43,clay,150,75,wet,120,6,240,12,162.78,62.28,90,3600,19.6,20.4,187.2,270.8,167,250,61,64,18.5,34,16,30,15.5,31,16,33,4,10,8,10,SW,W,NNW,WSW,72,78,88,85,540,38496
6,Kurinjipadi,ponmani,alluvial,150,75,wet,120,6,240,12,162.78,62.28,90,3600,19.6,20.4,187.2,270.8,167,250,61,64,19.5,34,18.5,35,17,32.5,16,30.5,10,4,10,6,NW,S,SE,SSE,64.6,85,84,87,600,37362
6,Panruti,delux ponni,clay,150,75,dry,120,6,240,12,162.78,62.28,90,3600,18.5,21.5,185.2,272.8,165.3,251.7,60,65,20,35,18,30,17.5,33.5,18,33,4,12,4,12,ENE,NE,NNE,W,85,96,84,79,480,38172
6,Kallakurichi,CO_43,alluvial,150,75,dry,120,6,240,12,162.78,62.28,90,3600,18.5,21.5,185.2,272.8,165.3,251.7,60,65,19,33,17,32,16.5,31.5,15.5,32.5,8,6,8,6,W,WNW,SE,S,88.5,95,81,84,540,37062
6,Sankarapuram,ponmani,clay,150,75,dry,120,6,240,12,162.78,62.28,90,3600,18.1,21.9,185.6,272.4,166.1,250.9,60.2,64.8,20.5,32,17.5,28,18,34,16.5,35,10,12,10,12,SSE,W,SW,NW,72.7,91,83,81,600,37716
6,Chinnasalem,delux ponni,clay,150,75,dry,120,6,240,12,162.78,62.28,90,3600,18.1,21.9,185.6,272.4,166.1,250.9,60.2,64.8,18,31,15.5,34,15,33,15,31.5,6,6,8,10,E,ENE,NE,NNW,78.6,80,92,88,480,36906
6,Cuddalore,CO_43,clay,150,75,dry,120,6,240,12,162.78,62.28,90,3600,19.6,20.4,187.2,270.8,167,250,61,64,18.5,34,16,30,15.5,31,16,33,4,10,8,10,SW,W,NNW,WSW,72,78,88,85,540,37134
6,Kurinjipadi,delux ponni,clay,150,75,dry,120,6,240,12,162.78,62.28,90,3600,19.6,20.4,187.2,270.8,167,250,61,64,19.5,34,18.5,35,17,32.5,16,30.5,10,4,10,6,NW,S,SE,SSE,64.6,85,84,87,480,38178
6,Panruti,ponmani,alluvial,150,75,dry,120,6,240,12,162.78,62.28,90,3600,18.5,21.5,185.2,272.8,165.3,251.7,60,65,20,35,18,30,17.5,33.5,18,33,4,12,4,12,ENE,NE,NNE,W,85,96,84,79,600,36552
6,Kallakurichi,CO_43,clay,150,75,dry,120,6,240,12,162.78,62.28,90,3600,18.5,21.5,185.2,272.8,165.3,251.7,60,65,19,33,17,32,16.5,31.5,15.5,32.5,8,6,8,6,W,WNW,SE,S,88.5,95,81,84,540,37152
6,Sankarapuram,ponmani,clay,150,75,dry,120,6,240,12,162.78,62.28,90,3600,18.1,21.9,185.6,272.4,166.1,250.9,60.2,64.8,20.5,32,17.5,28,18,34,16.5,35,10,12,10,12,SSE,W,SW,NW,72.7,91,83,81,600,38424
6,Chinnasalem,delux ponni,alluvial,150,75,dry,120,6,240,12,162.78,62.28,90,3600,18.1,21.9,185.6,272.4,166.1,250.9,60.2,64.8,18,31,15.5,34,15,33,15,31.5,6,6,8,10,E,ENE,NE,NNW,78.6,80,92,88,480,38508
6,Cuddalore,CO_43,clay,150,75,dry,120,6,240,12,162.78,62.28,90,3600,19.6,20.4,187.2,270.8,167,250,61,64,18.5,34,16,30,15.5,31,16,33,4,10,8,10,SW,W,NNW,WSW,72,78,88,85,540,38136
6,Kurinjipadi,ponmani,clay,150,75,dry,120,6,240,12,162.78,62.28,90,3600,19.6,20.4,187.2,270.8,167,250,61,64,19.5,34,18.5,35,17,32.5,16,30.5,10,4,10,6,NW,S,SE,SSE,64.6,85,84,87,600,36954
6,Panruti,delux ponni,alluvial,150,75,wet,120,6,240,12,162.78,62.28,90,3600,18.5,21.5,185.2,272.8,165.3,251.7,60,65,20,35,18,30,17.5,33.5,18,33,4,12,4,12,ENE,NE,NNE,W,85,96,84,79,480,37254
6,Kallakurichi,CO_43,clay,150,75,wet,120,6,240,12,162.78,62.28,90,3600,18.5,21.5,185.2,272.8,165.3,251.7,60,65,19,33,17,32,16.5,31.5,15.5,32.5,8,6,8,6,W,WNW,SE,S,88.5,95,81,84,540,36690
6,Sankarapuram,delux ponni,clay,150,75,wet,120,6,240,12,162.78,62.28,90,3600,18.1,21.9,185.6,272.4,166.1,250.9,60.2,64.8,20.5,32,17.5,28,18,34,16.5,35,10,12,10,12,SSE,W,SW,NW,72.7,91,83,81,480,38586
6,Chinnasalem,ponmani,clay,150,75,wet,120,6,240,12,162.78,62.28,90,3600,18.1,21.9,185.6,272.4,166.1,250.9,60.2,64.8,18,31,15.5,34,15,33,15,31.5,6,6,8,10,E,ENE,NE,NNW,78.6,80,92,88,600,36426
6,Cuddalore,CO_43,alluvial,150,75,wet,120,6,240,12,162.78,62.28,90,3600,19.6,20.4,187.2,270.8,167,250,61,64,18.5,34,16,30,15.5,31,16,33,4,10,8,10,SW,W,NNW,WSW,72,78,88,85,540,37950
6,Kurinjipadi,ponmani,clay,150,75,wet,120,6,240,12,162.78,62.28,90,3600,19.6,20.4,187.2,270.8,167,250,61,64,19.5,34,18.5,35,17,32.5,16,30.5,10,4,10,6,NW,S,SE,SSE,64.6,85,84,87,600,38814
6,Panruti,delux ponni,clay,150,75,wet,120,6,240,12,162.78,62.28,90,3600,18.5,21.5,185.2,272.8,165.3,251.7,60,65,20,35,18,30,17.5,33.5,18,33,4,12,4,12,ENE,NE,NNE,W,85,96,84,79,480,37680
6,Kallakurichi,CO_43,alluvial,150,75,wet,120,6,240,12,162.78,62.28,90,3600,18.5,21.5,185.2,272.8,165.3,251.7,60,65,19,33,17,32,16.5,31.5,15.5,32.5,8,6,8,6,W,WNW,SE,S,88.5,95,81,84,540,36648
6,Sankarapuram,ponmani,alluvial,150,75,wet,120,6,240,12,162.78,62.28,90,3600,18.1,21.9,185.6,272.4,166.1,250.9,60.2,64.8,20.5,32,17.5,28,18,34,16.5,35,10,12,10,12,SSE,W,SW,NW,72.7,91,83,81,600,37086
6,Chinnasalem,delux ponni,alluvial,150,75,wet,120,6,240,12,162.78,62.28,90,3600,18.1,21.9,185.6,272.4,166.1,250.9,60.2,64.8,18,31,15.5,34,15,33,15,31.5,6,6,8,10,E,ENE,NE,NNW,78.6,80,92,88,480,36966
6,Chinnasalem,CO_43,alluvial,150,75,wet,120,6,240,12,162.78,62.28,90,3600,18.1,21.9,185.6,272.4,166.1,250.9,60.2,64.8,18,31,15.5,34,15,33,15,31.5,6,6,8,10,E,ENE,NE,NNW,78.6,80,92,88,540,37842
6,Chinnasalem,delux ponni,alluvial,150,75,wet,120,6,240,12,162.78,62.28,90,3600,18.1,21.9,185.6,272.4,166.1,250.9,60.2,64.8,18,31,15.5,34,15,33,15,31.5,6,6,8,10,E,ENE,NE,NNW,78.6,80,92,88,480,37866
6,Chinnasalem,ponmani,alluvial,150,75,wet,120,6,240,12,162.78,62.28,90,3600,18.1,21.9,185.6,272.4,166.1,250.9,60.2,64.8,18,31,15.5,34,15,33,15,31.5,6,6,8,10,E,ENE,NE,NNW,78.6,80,92,88,600,36654
6,Chinnasalem,ponmani,alluvial,150,75,dry,120,6,240,12,162.78,62.28,90,3600,18.1,21.9,185.6,272.4,166.1,250.9,60.2,64.8,18,31,15.5,34,15,33,15,31.5,6,6,8,10,E,ENE,NE,NNW,78.6,80,92,88,600,38304
6,Kallakurichi,ponmani,clay,150,75,dry,120,6,240,12,162.78,62.28,90,3600,18.5,21.5,185.2,272.8,165.3,251.7,60,65,19,33,17,32,16.5,31.5,15.5,32.5,8,6,8,6,W,WNW,SE,S,88.5,95,81,84,600,37242
6,Kallakurichi,ponmani,clay,150,75,dry,120,6,240,12,162.78,62.28,90,3600,18.5,21.5,185.2,272.8,165.3,251.7,60,65,19,33,17,32,16.5,31.5,15.5,32.5,8,6,8,6,W,WNW,SE,S,88.5,95,81,84,600,36966
6,Kallakurichi,CO_43,clay,150,75,dry,120,6,240,12,162.78,62.28,90,3600,18.5,21.5,185.2,272.8,165.3,251.7,60,65,19,33,17,32,16.5,31.5,15.5,32.5,8,6,8,6,W,WNW,SE,S,88.5,95,81,84,540,36342
6,Kallakurichi,ponmani,clay,150,75,dry,120,6,240,12,162.78,62.28,90,3600,18.5,21.5,185.2,272.8,165.3,251.7,60,65,19,33,17,32,16.5,31.5,15.5,32.5,8,6,8,6,W,WNW,SE,S,88.5,95,81,84,600,38460
6,Panruti,ponmani,clay,150,75,dry,120,6,240,12,162.78,62.28,90,3600,18.5,21.5,185.2,272.8,165.3,251.7,60,65,20,35,18,30,17.5,33.5,18,33,4,12,4,12,ENE,NE,NNE,W,85,96,84,79,600,37026
6,Panruti,ponmani,clay,150,75,dry,120,6,240,12,162.78,62.28,90,3600,18.5,21.5,185.2,272.8,165.3,251.7,60,65,20,35,18,30,17.5,33.5,18,33,4,12,4,12,ENE,NE,NNE,W,85,96,84,79,600,35016
6,Panruti,delux ponni,clay,150,75,dry,120,6,240,12,162.78,62.28,90,3600,18.5,21.5,185.2,272.8,165.3,251.7,60,65,20,35,18,30,17.5,33.5,18,33,4,12,4,12,ENE,NE,NNE,W,85,96,84,79,480,36300
6,Panruti,delux ponni,clay,150,75,wet,120,6,240,12,162.78,62.28,90,3600,18.5,21.5,185.2,272.8,165.3,251.7,60,65,20,35,18,30,17.5,33.5,18,33,4,12,4,12,ENE,NE,NNE,W,85,96,84,79,480,36732
6,Panruti,delux ponni,alluvial,150,75,wet,120,6,240,12,162.78,62.28,90,3600,18.5,21.5,185.2,272.8,165.3,251.7,60,65,20,35,18,30,17.5,33.5,18,33,4,12,4,12,ENE,NE,NNE,W,85,96,84,79,480,36690
6,Cuddalore,ponmani,alluvial,150,75,wet,120,6,240,12,162.78,62.28,90,3600,19.6,20.4,187.2,270.8,167,250,61,64,18.5,34,16,30,15.5,31,16,33,4,10,8,10,SW,W,NNW,WSW,72,78,88,85,600,36090
6,Cuddalore,delux ponni,alluvial,150,75,wet,120,6,240,12,162.78,62.28,90,3600,19.6,20.4,187.2,270.8,167,250,61,64,18.5,34,16,30,15.5,31,16,33,4,10,8,10,SW,W,NNW,WSW,72,78,88,85,480,37926
6,Cuddalore,CO_43,alluvial,150,75,wet,120,6,240,12,162.78,62.28,90,3600,19.6,20.4,187.2,270.8,167,250,61,64,18.5,34,16,30,15.5,31,16,33,4,10,8,10,SW,W,NNW,WSW,72,78,88,85,540,37278
6,Cuddalore,delux ponni,alluvial,150,75,wet,120,6,240,12,162.78,62.28,90,3600,19.6,20.4,187.2,270.8,167,250,61,64,18.5,34,16,30,15.5,31,16,33,4,10,8,10,SW,W,NNW,WSW,72,78,88,85,480,37362
6,Cuddalore,delux ponni,alluvial,150,75,wet,120,6,240,12,162.78,62.28,90,3600,19.6,20.4,187.2,270.8,167,250,61,64,18.5,34,16,30,15.5,31,16,33,4,10,8,10,SW,W,NNW,WSW,72,78,88,85,480,38496
6,Cuddalore,CO_43,alluvial,150,75,wet,120,6,240,12,162.78,62.28,90,3600,19.6,20.4,187.2,270.8,167,250,61,64,18.5,34,16,30,15.5,31,16,33,4,10,8,10,SW,W,NNW,WSW,72,78,88,85,540,37362
6,Cuddalore,ponmani,alluvial,150,75,wet,120,6,240,12,162.78,62.28,90,3600,19.6,20.4,187.2,270.8,167,250,61,64,18.5,34,16,30,15.5,31,16,33,4,10,8,10,SW,W,NNW,WSW,72,78,88,85,600,38172
6,Kurinjipadi,delux ponni,clay,150,75,wet,120,6,240,12,162.78,62.28,90,3600,19.6,20.4,187.2,270.8,167,250,61,64,19.5,34,18.5,35,17,32.5,16,30.5,10,4,10,6,NW,S,SE,SSE,64.6,85,84,87,480,37062
6,Kurinjipadi,CO_43,clay,150,75,wet,120,6,240,12,162.78,62.28,90,3600,19.6,20.4,187.2,270.8,167,250,61,64,19.5,34,18.5,35,17,32.5,16,30.5,10,4,10,6,NW,S,SE,SSE,64.6,85,84,87,540,37716
6,Kurinjipadi,ponmani,clay,150,75,wet,120,6,240,12,162.78,62.28,90,3600,19.6,20.4,187.2,270.8,167,250,61,64,19.5,34,18.5,35,17,32.5,16,30.5,10,4,10,6,NW,S,SE,SSE,64.6,85,84,87,600,36906
6,Kurinjipadi,delux ponni,clay,150,75,dry,120,6,240,12,162.78,62.28,90,3600,19.6,20.4,187.2,270.8,167,250,61,64,19.5,34,18.5,35,17,32.5,16,30.5,10,4,10,6,NW,S,SE,SSE,64.6,85,84,87,480,37134
6,Kurinjipadi,CO_43,clay,150,75,dry,120,6,240,12,162.78,62.28,90,3600,19.6,20.4,187.2,270.8,167,250,61,64,19.5,34,18.5,35,17,32.5,16,30.5,10,4,10,6,NW,S,SE,SSE,64.6,85,84,87,540,38178
6,Kurinjipadi,delux ponni,clay,150,75,dry,120,6,240,12,162.78,62.28,90,3600,19.6,20.4,187.2,270.8,167,250,61,64,19.5,34,18.5,35,17,32.5,16,30.5,10,4,10,6,NW,S,SE,SSE,64.6,85,84,87,480,36552
6,Kurinjipadi,ponmani,clay,150,75,dry,120,6,240,12,162.78,62.28,90,3600,19.6,20.4,187.2,270.8,167,250,61,64,19.5,34,18.5,35,17,32.5,16,30.5,10,4,10,6,NW,S,SE,SSE,64.6,85,84,87,600,37152
6,Kurinjipadi,CO_43,alluvial,150,75,dry,120,6,240,12,162.78,62.28,90,3600,19.6,20.4,187.2,270.8,167,250,61,64,19.5,34,18.5,35,17,32.5,16,30.5,10,4,10,6,NW,S,SE,SSE,64.6,85,84,87,540,38424
6,Kurinjipadi,ponmani,clay,150,75,dry,120,6,240,12,162.78,62.28,90,3600,19.6,20.4,187.2,270.8,167,250,61,64,19.5,34,18.5,35,17,32.5,16,30.5,10,4,10,6,NW,S,SE,SSE,64.6,85,84,87,600,38508
6,Kurinjipadi,delux ponni,alluvial,150,75,dry,120,6,240,12,162.78,62.28,90,3600,19.6,20.4,187.2,270.8,167,250,61,64,19.5,34,18.5,35,17,32.5,16,30.5,10,4,10,6,NW,S,SE,SSE,64.6,85,84,87,480,38136
6,Sankarapuram,CO_43,clay,150,75,dry,120,6,240,12,162.78,62.28,90,3600,18.1,21.9,185.6,272.4,166.1,250.9,60.2,64.8,20.5,32,17.5,28,18,34,16.5,35,10,12,10,12,SSE,W,SW,NW,72.7,91,83,81,540,36954
6,Sankarapuram,ponmani,alluvial,150,75,dry,120,6,240,12,162.78,62.28,90,3600,18.1,21.9,185.6,272.4,166.1,250.9,60.2,64.8,20.5,32,17.5,28,18,34,16.5,35,10,12,10,12,SSE,W,SW,NW,72.7,91,83,81,600,37254
6,Sankarapuram,delux ponni,alluvial,150,75,dry,120,6,240,12,162.78,62.28,90,3600,18.1,21.9,185.6,272.4,166.1,250.9,60.2,64.8,20.5,32,17.5,28,18,34,16.5,35,10,12,10,12,SSE,W,SW,NW,72.7,91,83,81,480,36690
6,Sankarapuram,CO_43,clay,150,75,dry,120,6,240,12,162.78,62.28,90,3600,18.1,21.9,185.6,272.4,166.1,250.9,60.2,64.8,20.5,32,17.5,28,18,34,16.5,35,10,12,10,12,SSE,W,SW,NW,72.7,91,83,81,540,38586
6,Sankarapuram,delux ponni,alluvial,150,75,dry,120,6,240,12,162.78,62.28,90,3600,18.1,21.9,185.6,272.4,166.1,250.9,60.2,64.8,20.5,32,17.5,28,18,34,16.5,35,10,12,10,12,SSE,W,SW,NW,72.7,91,83,81,480,36426
6,Sankarapuram,ponmani,clay,150,75,dry,120,6,240,12,162.78,62.28,90,3600,18.1,21.9,185.6,272.4,166.1,250.9,60.2,64.8,20.5,32,17.5,28,18,34,16.5,35,10,12,10,12,SSE,W,SW,NW,72.7,91,83,81,600,37950
6,Sankarapuram,CO_43,alluvial,150,75,dry,120,6,240,12,162.78,62.28,90,3600,18.1,21.9,185.6,272.4,166.1,250.9,60.2,64.8,20.5,32,17.5,28,18,34,16.5,35,10,12,10,12,SSE,W,SW,NW,72.7,91,83,81,540,38814
6,Sankarapuram,ponmani,clay,150,75,dry,120,6,240,12,162.78,62.28,90,3600,18.1,21.9,185.6,272.4,166.1,250.9,60.2,64.8,20.5,32,17.5,28,18,34,16.5,35,10,12,10,12,SSE,W,SW,NW,72.7,91,83,81,600,37680
6,Sankarapuram,delux ponni,alluvial,150,75,wet,120,6,240,12,162.78,62.28,90,3600,18.1,21.9,185.6,272.4,166.1,250.9,60.2,64.8,20.5,32,17.5,28,18,34,16.5,35,10,12,10,12,SSE,W,SW,NW,72.7,91,83,81,480,36648
6,Sankarapuram,CO_43,clay,150,75,wet,120,6,240,12,162.78,62.28,90,3600,18.1,21.9,185.6,272.4,166.1,250.9,60.2,64.8,20.5,32,17.5,28,18,34,16.5,35,10,12,10,12,SSE,W,SW,NW,72.7,91,83,81,540,37086
6,Sankarapuram,ponmani,clay,150,75,wet,120,6,240,12,162.78,62.28,90,3600,18.1,21.9,185.6,272.4,166.1,250.9,60.2,64.8,20.5,32,17.5,28,18,34,16.5,35,10,12,10,12,SSE,W,SW,NW,72.7,91,83,81,600,36966
6,Sankarapuram,delux ponni,alluvial,150,75,wet,120,6,240,12,162.78,62.28,90,3600,18.1,21.9,185.6,272.4,166.1,250.9,60.2,64.8,20.5,32,17.5,28,18,34,16.5,35,10,12,10,12,SSE,W,SW,NW,72.7,91,83,81,480,37842
6,Sankarapuram,CO_43,clay,150,75,wet,120,6,240,12,162.78,62.28,90,3600,18.1,21.9,185.6,272.4,166.1,250.9,60.2,64.8,20.5,32,17.5,28,18,34,16.5,35,10,12,10,12,SSE,W,SW,NW,72.7,91,83,81,540,37866
6,Sankarapuram,delux ponni,clay,150,75,wet,120,6,240,12,162.78,62.28,90,3600,18.1,21.9,185.6,272.4,166.1,250.9,60.2,64.8,20.5,32,17.5,28,18,34,16.5,35,10,12,10,12,SSE,W,SW,NW,72.7,91,83,81,480,36654
6,Sankarapuram,ponmani,alluvial,150,75,wet,120,6,240,12,162.78,62.28,90,3600,18.1,21.9,185.6,272.4,166.1,250.9,60.2,64.8,20.5,32,17.5,28,18,34,16.5,35,10,12,10,12,SSE,W,SW,NW,72.7,91,83,81,600,38304
6,Sankarapuram,ponmani,clay,150,75,wet,120,6,240,12,162.78,62.28,90,3600,18.1,21.9,185.6,272.4,166.1,250.9,60.2,64.8,20.5,32,17.5,28,18,34,16.5,35,10,12,10,12,SSE,W,SW,NW,72.7,91,83,81,600,37242
6,Sankarapuram,ponmani,clay,150,75,wet,120,6,240,12,162.78,62.28,90,3600,18.1,21.9,185.6,272.4,166.1,250.9,60.2,64.8,20.5,32,17.5,28,18,34,16.5,35,10,12,10,12,SSE,W,SW,NW,72.7,91,83,81,600,36966
6,Sankarapuram,ponmani,clay,150,75,wet,120,6,240,12,162.78,62.28,90,3600,18.1,21.9,185.6,272.4,166.1,250.9,60.2,64.8,20.5,32,17.5,28,18,34,16.5,35,10,12,10,12,SSE,W,SW,NW,72.7,91,83,81,600,36342
6,Sankarapuram,CO_43,clay,150,75,wet,120,6,240,12,162.78,62.28,90,3600,18.1,21.9,185.6,272.4,166.1,250.9,60.2,64.8,20.5,32,17.5,28,18,34,16.5,35,10,12,10,12,SSE,W,SW,NW,72.7,91,83,81,540,38460
6,Sankarapuram,ponmani,alluvial,150,75,wet,120,6,240,12,162.78,62.28,90,3600,18.1,21.9,185.6,272.4,166.1,250.9,60.2,64.8,20.5,32,17.5,28,18,34,16.5,35,10,12,10,12,SSE,W,SW,NW,72.7,91,83,81,600,37026
5,Cuddalore,ponmani,clay,125,62.5,wet,100,5,200,10,135.65,51.9,75,3000,19.6,20.4,187.2,270.8,167,250,61,64,18.5,34,16,30,15.5,31,16,33,4,10,8,10,SW,W,NNW,WSW,72,78,88,85,500,29415
5,Kurinjipadi,ponmani,alluvial,125,62.5,wet,100,5,200,10,135.65,51.9,75,3000,19.6,20.4,187.2,270.8,167,250,61,64,19.5,34,18.5,35,17,32.5,16,30.5,10,4,10,6,NW,S,SE,SSE,64.6,85,84,87,500,29180
5,Panruti,delux ponni,clay,125,62.5,wet,100,5,200,10,135.65,51.9,75,3000,18.5,21.5,185.2,272.8,165.3,251.7,60,65,20,35,18,30,17.5,33.5,18,33,4,12,4,12,ENE,NE,NNE,W,85,96,84,79,400,31625
5,Kallakurichi,delux ponni,clay,125,62.5,wet,100,5,200,10,135.65,51.9,75,3000,18.5,21.5,185.2,272.8,165.3,251.7,60,65,19,33,17,32,16.5,31.5,15.5,32.5,8,6,8,6,W,WNW,SE,S,88.5,95,81,84,400,32345
5,Sankarapuram,delux ponni,alluvial,125,62.5,wet,100,5,200,10,135.65,51.9,75,3000,18.1,21.9,185.6,272.4,166.1,250.9,60.2,64.8,20.5,32,17.5,28,18,34,16.5,35,10,12,10,12,SSE,W,SW,NW,72.7,91,83,81,400,31400
5,Chinnasalem,ponmani,clay,125,62.5,wet,100,5,200,10,135.65,51.9,75,3000,18.1,21.9,185.6,272.4,166.1,250.9,60.2,64.8,18,31,15.5,34,15,33,15,31.5,6,6,8,10,E,ENE,NE,NNW,78.6,80,92,88,500,30540
5,Cuddalore,delux ponni,alluvial,125,62.5,wet,100,5,200,10,135.65,51.9,75,3000,19.6,20.4,187.2,270.8,167,250,61,64,18.5,34,16,30,15.5,31,16,33,4,10,8,10,SW,W,NNW,WSW,72,78,88,85,400,30905
5,Kurinjipadi,CO_43,alluvial,125,62.5,wet,100,5,200,10,135.65,51.9,75,3000,19.6,20.4,187.2,270.8,167,250,61,64,19.5,34,18.5,35,17,32.5,16,30.5,10,4,10,6,NW,S,SE,SSE,64.6,85,84,87,450,30805
5,Panruti,delux ponni,clay,125,62.5,wet,100,5,200,10,135.65,51.9,75,3000,18.5,21.5,185.2,272.8,165.3,251.7,60,65,20,35,18,30,17.5,33.5,18,33,4,12,4,12,ENE,NE,NNE,W,85,96,84,79,400,31535
5,Kallakurichi,delux ponni,alluvial,125,62.5,dry,100,5,200,10,135.65,51.9,75,3000,18.5,21.5,185.2,272.8,165.3,251.7,60,65,19,33,17,32,16.5,31.5,15.5,32.5,8,6,8,6,W,WNW,SE,S,88.5,95,81,84,400,31555
5,Sankarapuram,CO_43,alluvial,125,62.5,dry,100,5,200,10,135.65,51.9,75,3000,18.1,21.9,185.6,272.4,166.1,250.9,60.2,64.8,20.5,32,17.5,28,18,34,16.5,35,10,12,10,12,SSE,W,SW,NW,72.7,91,83,81,450,30545
5,Chinnasalem,ponmani,alluvial,125,62.5,dry,100,5,200,10,135.65,51.9,75,3000,18.1,21.9,185.6,272.4,166.1,250.9,60.2,64.8,18,31,15.5,34,15,33,15,31.5,6,6,8,10,E,ENE,NE,NNW,78.6,80,92,88,500,31920
5,Cuddalore,delux ponni,alluvial,125,62.5,dry,100,5,200,10,135.65,51.9,75,3000,19.6,20.4,187.2,270.8,167,250,61,64,18.5,34,16,30,15.5,31,16,33,4,10,8,10,SW,W,NNW,WSW,72,78,88,85,400,31035
5,Kurinjipadi,CO_43,clay,125,62.5,dry,100,5,200,10,135.65,51.9,75,3000,19.6,20.4,187.2,270.8,167,250,61,64,19.5,34,18.5,35,17,32.5,16,30.5,10,4,10,6,NW,S,SE,SSE,64.6,85,84,87,450,30805
5,Panruti,ponmani,alluvial,125,62.5,dry,100,5,200,10,135.65,51.9,75,3000,18.5,21.5,185.2,272.8,165.3,251.7,60,65,20,35,18,30,17.5,33.5,18,33,4,12,4,12,ENE,NE,NNE,W,85,96,84,79,500,30285
5,Kallakurichi,delux ponni,clay,125,62.5,dry,100,5,200,10,135.65,51.9,75,3000,18.5,21.5,185.2,272.8,165.3,251.7,60,65,19,33,17,32,16.5,31.5,15.5,32.5,8,6,8,6,W,WNW,SE,S,88.5,95,81,84,400,32050
5,Sankarapuram,CO_43,clay,125,62.5,dry,100,5,200,10,135.65,51.9,75,3000,18.1,21.9,185.6,272.4,166.1,250.9,60.2,64.8,20.5,32,17.5,28,18,34,16.5,35,10,12,10,12,SSE,W,SW,NW,72.7,91,83,81,450,30855
5,Chinnasalem,delux ponni,alluvial,125,62.5,dry,100,5,200,10,135.65,51.9,75,3000,18.1,21.9,185.6,272.4,166.1,250.9,60.2,64.8,18,31,15.5,34,15,33,15,31.5,6,6,8,10,E,ENE,NE,NNW,78.6,80,92,88,400,30250
5,Cuddalore,ponmani,clay,125,62.5,dry,100,5,200,10,135.65,51.9,75,3000,19.6,20.4,187.2,270.8,167,250,61,64,18.5,34,16,30,15.5,31,16,33,4,10,8,10,SW,W,NNW,WSW,72,78,88,85,500,30610
5,Kurinjipadi,CO_43,clay,125,62.5,dry,100,5,200,10,135.65,51.9,75,3000,19.6,20.4,187.2,270.8,167,250,61,64,19.5,34,18.5,35,17,32.5,16,30.5,10,4,10,6,NW,S,SE,SSE,64.6,85,84,87,450,30075
5,Panruti,ponmani,clay,125,62.5,dry,100,5,200,10,135.65,51.9,75,3000,18.5,21.5,185.2,272.8,165.3,251.7,60,65,20,35,18,30,17.5,33.5,18,33,4,12,4,12,ENE,NE,NNE,W,85,96,84,79,500,31065
5,Kallakurichi,delux ponni,alluvial,125,62.5,dry,100,5,200,10,135.65,51.9,75,3000,18.5,21.5,185.2,272.8,165.3,251.7,60,65,19,33,17,32,16.5,31.5,15.5,32.5,8,6,8,6,W,WNW,SE,S,88.5,95,81,84,400,31135
5,Sankarapuram,CO_43,alluvial,125,62.5,dry,100,5,200,10,135.65,51.9,75,3000,18.1,21.9,185.6,272.4,166.1,250.9,60.2,64.8,20.5,32,17.5,28,18,34,16.5,35,10,12,10,12,SSE,W,SW,NW,72.7,91,83,81,450,31810
5,Chinnasalem,ponmani,alluvial,125,62.5,dry,100,5,200,10,135.65,51.9,75,3000,18.1,21.9,185.6,272.4,166.1,250.9,60.2,64.8,18,31,15.5,34,15,33,15,31.5,6,6,8,10,E,ENE,NE,NNW,78.6,80,92,88,500,30755
5,Cuddalore,delux ponni,clay,125,62.5,dry,100,5,200,10,135.65,51.9,75,3000,19.6,20.4,187.2,270.8,167,250,61,64,18.5,34,16,30,15.5,31,16,33,4,10,8,10,SW,W,NNW,WSW,72,78,88,85,400,31815
5,Kurinjipadi,CO_43,alluvial,125,62.5,dry,100,5,200,10,135.65,51.9,75,3000,19.6,20.4,187.2,270.8,167,250,61,64,19.5,34,18.5,35,17,32.5,16,30.5,10,4,10,6,NW,S,SE,SSE,64.6,85,84,87,450,32090
5,Panruti,delux ponni,clay,125,62.5,dry,100,5,200,10,135.65,51.9,75,3000,18.5,21.5,185.2,272.8,165.3,251.7,60,65,20,35,18,30,17.5,33.5,18,33,4,12,4,12,ENE,NE,NNE,W,85,96,84,79,400,31045
5,Kallakurichi,ponmani,alluvial,125,62.5,dry,100,5,200,10,135.65,51.9,75,3000,18.5,21.5,185.2,272.8,165.3,251.7,60,65,19,33,17,32,16.5,31.5,15.5,32.5,8,6,8,6,W,WNW,SE,S,88.5,95,81,84,500,32155
5,Sankarapuram,CO_43,alluvial,125,62.5,dry,100,5,200,10,135.65,51.9,75,3000,18.1,21.9,185.6,272.4,166.1,250.9,60.2,64.8,20.5,32,17.5,28,18,34,16.5,35,10,12,10,12,SSE,W,SW,NW,72.7,91,83,81,450,31400
5,Chinnasalem,ponmani,clay,125,62.5,dry,100,5,200,10,135.65,51.9,75,3000,18.1,21.9,185.6,272.4,166.1,250.9,60.2,64.8,18,31,15.5,34,15,33,15,31.5,6,6,8,10,E,ENE,NE,NNW,78.6,80,92,88,500,30805
5,Cuddalore,delux ponni,clay,125,62.5,dry,100,5,200,10,135.65,51.9,75,3000,19.6,20.4,187.2,270.8,167,250,61,64,18.5,34,16,30,15.5,31,16,33,4,10,8,10,SW,W,NNW,WSW,72,78,88,85,400,31555
5,Kurinjipadi,CO_43,alluvial,125,62.5,dry,100,5,200,10,135.65,51.9,75,3000,19.6,20.4,187.2,270.8,167,250,61,64,19.5,34,18.5,35,17,32.5,16,30.5,10,4,10,6,NW,S,SE,SSE,64.6,85,84,87,450,30250
5,Panruti,ponmani,clay,125,62.5,dry,100,5,200,10,135.65,51.9,75,3000,18.5,21.5,185.2,272.8,165.3,251.7,60,65,20,35,18,30,17.5,33.5,18,33,4,12,4,12,ENE,NE,NNE,W,85,96,84,79,500,30610
5,Kallakurichi,delux ponni,alluvial,125,62.5,dry,100,5,200,10,135.65,51.9,75,3000,18.5,21.5,185.2,272.8,165.3,251.7,60,65,19,33,17,32,16.5,31.5,15.5,32.5,8,6,8,6,W,WNW,SE,S,88.5,95,81,84,400,30575
5,Sankarapuram,CO_43,clay,125,62.5,dry,100,5,200,10,135.65,51.9,75,3000,18.1,21.9,185.6,272.4,166.1,250.9,60.2,64.8,20.5,32,17.5,28,18,34,16.5,35,10,12,10,12,SSE,W,SW,NW,72.7,91,83,81,450,31605
5,Chinnasalem,delux ponni,clay,125,62.5,dry,100,5,200,10,135.65,51.9,75,3000,18.1,21.9,185.6,272.4,166.1,250.9,60.2,64.8,18,31,15.5,34,15,33,15,31.5,6,6,8,10,E,ENE,NE,NNW,78.6,80,92,88,400,31135
5,Cuddalore,ponmani,alluvial,125,62.5,dry,100,5,200,10,135.65,51.9,75,3000,19.6,20.4,187.2,270.8,167,250,61,64,18.5,34,16,30,15.5,31,16,33,4,10,8,10,SW,W,NNW,WSW,72,78,88,85,500,28935
5,Kurinjipadi,ponmani,clay,125,62.5,dry,100,5,200,10,135.65,51.9,75,3000,19.6,20.4,187.2,270.8,167,250,61,64,19.5,34,18.5,35,17,32.5,16,30.5,10,4,10,6,NW,S,SE,SSE,64.6,85,84,87,500,29535
5,Panruti,ponmani,alluvial,125,62.5,dry,100,5,200,10,135.65,51.9,75,3000,18.5,21.5,185.2,272.8,165.3,251.7,60,65,20,35,18,30,17.5,33.5,18,33,4,12,4,12,ENE,NE,NNE,W,85,96,84,79,500,28785
5,Kallakurichi,ponmani,clay,125,62.5,dry,100,5,200,10,135.65,51.9,75,3000,18.5,21.5,185.2,272.8,165.3,251.7,60,65,19,33,17,32,16.5,31.5,15.5,32.5,8,6,8,6,W,WNW,SE,S,88.5,95,81,84,500,29335
5,Sankarapuram,CO_43,alluvial,125,62.5,dry,100,5,200,10,135.65,51.9,75,3000,18.1,21.9,185.6,272.4,166.1,250.9,60.2,64.8,20.5,32,17.5,28,18,34,16.5,35,10,12,10,12,SSE,W,SW,NW,72.7,91,83,81,450,29850
5,Chinnasalem,ponmani,alluvial,125,62.5,dry,100,5,200,10,135.65,51.9,75,3000,18.1,21.9,185.6,272.4,166.1,250.9,60.2,64.8,18,31,15.5,34,15,33,15,31.5,6,6,8,10,E,ENE,NE,NNW,78.6,80,92,88,500,29985
5,Cuddalore,ponmani,clay,125,62.5,dry,100,5,200,10,135.65,51.9,75,3000,19.6,20.4,187.2,270.8,167,250,61,64,18.5,34,16,30,15.5,31,16,33,4,10,8,10,SW,W,NNW,WSW,72,78,88,85,500,28610
5,Kurinjipadi,ponmani,alluvial,125,62.5,dry,100,5,200,10,135.65,51.9,75,3000,19.6,20.4,187.2,270.8,167,250,61,64,19.5,34,18.5,35,17,32.5,16,30.5,10,4,10,6,NW,S,SE,SSE,64.6,85,84,87,500,27460
5,Panruti,delux ponni,clay,125,62.5,dry,100,5,200,10,135.65,51.9,75,3000,18.5,21.5,185.2,272.8,165.3,251.7,60,65,20,35,18,30,17.5,33.5,18,33,4,12,4,12,ENE,NE,NNE,W,85,96,84,79,400,31625
5,Kallakurichi,delux ponni,alluvial,125,62.5,dry,100,5,200,10,135.65,51.9,75,3000,18.5,21.5,185.2,272.8,165.3,251.7,60,65,19,33,17,32,16.5,31.5,15.5,32.5,8,6,8,6,W,WNW,SE,S,88.5,95,81,84,400,32345
5,Sankarapuram,delux ponni,clay,125,62.5,dry,100,5,200,10,135.65,51.9,75,3000,18.1,21.9,185.6,272.4,166.1,250.9,60.2,64.8,20.5,32,17.5,28,18,34,16.5,35,10,12,10,12,SSE,W,SW,NW,72.7,91,83,81,400,31400
5,Chinnasalem,ponmani,alluvial,125,62.5,dry,100,5,200,10,135.65,51.9,75,3000,18.1,21.9,185.6,272.4,166.1,250.9,60.2,64.8,18,31,15.5,34,15,33,15,31.5,6,6,8,10,E,ENE,NE,NNW,78.6,80,92,88,500,30540
5,Cuddalore,delux ponni,clay,125,62.5,dry,100,5,200,10,135.65,51.9,75,3000,19.6,20.4,187.2,270.8,167,250,61,64,18.5,34,16,30,15.5,31,16,33,4,10,8,10,SW,W,NNW,WSW,72,78,88,85,400,30905
5,Kurinjipadi,CO_43,clay,125,62.5,dry,100,5,200,10,135.65,51.9,75,3000,19.6,20.4,187.2,270.8,167,250,61,64,19.5,34,18.5,35,17,32.5,16,30.5,10,4,10,6,NW,S,SE,SSE,64.6,85,84,87,450,30805
5,Panruti,delux ponni,clay,125,62.5,dry,100,5,200,10,135.65,51.9,75,3000,18.5,21.5,185.2,272.8,165.3,251.7,60,65,20,35,18,30,17.5,33.5,18,33,4,12,4,12,ENE,NE,NNE,W,85,96,84,79,400,31535
5,Kallakurichi,delux ponni,clay,125,62.5,dry,100,5,200,10,135.65,51.9,75,3000,18.5,21.5,185.2,272.8,165.3,251.7,60,65,19,33,17,32,16.5,31.5,15.5,32.5,8,6,8,6,W,WNW,SE,S,88.5,95,81,84,400,31555
5,Sankarapuram,CO_43,alluvial,125,62.5,dry,100,5,200,10,135.65,51.9,75,3000,18.1,21.9,185.6,272.4,166.1,250.9,60.2,64.8,20.5,32,17.5,28,18,34,16.5,35,10,12,10,12,SSE,W,SW,NW,72.7,91,83,81,450,30545
5,Chinnasalem,ponmani,clay,125,62.5,dry,100,5,200,10,135.65,51.9,75,3000,18.1,21.9,185.6,272.4,166.1,250.9,60.2,64.8,18,31,15.5,34,15,33,15,31.5,6,6,8,10,E,ENE,NE,NNW,78.6,80,92,88,500,31920
5,Cuddalore,delux ponni,clay,125,62.5,dry,100,5,200,10,135.65,51.9,75,3000,19.6,20.4,187.2,270.8,167,250,61,64,18.5,34,16,30,15.5,31,16,33,4,10,8,10,SW,W,NNW,WSW,72,78,88,85,400,31035
5,Kurinjipadi,CO_43,alluvial,125,62.5,dry,100,5,200,10,135.65,51.9,75,3000,19.6,20.4,187.2,270.8,167,250,61,64,19.5,34,18.5,35,17,32.5,16,30.5,10,4,10,6,NW,S,SE,SSE,64.6,85,84,87,450,30805
5,Panruti,ponmani,clay,125,62.5,dry,100,5,200,10,135.65,51.9,75,3000,18.5,21.5,185.2,272.8,165.3,251.7,60,65,20,35,18,30,17.5,33.5,18,33,4,12,4,12,ENE,NE,NNE,W,85,96,84,79,500,30285
5,Kallakurichi,delux ponni,clay,125,62.5,dry,100,5,200,10,135.65,51.9,75,3000,18.5,21.5,185.2,272.8,165.3,251.7,60,65,19,33,17,32,16.5,31.5,15.5,32.5,8,6,8,6,W,WNW,SE,S,88.5,95,81,84,400,32050
5,Sankarapuram,CO_43,alluvial,125,62.5,dry,100,5,200,10,135.65,51.9,75,3000,18.1,21.9,185.6,272.4,166.1,250.9,60.2,64.8,20.5,32,17.5,28,18,34,16.5,35,10,12,10,12,SSE,W,SW,NW,72.7,91,83,81,450,30855
5,Chinnasalem,delux ponni,clay,125,62.5,dry,100,5,200,10,135.65,51.9,75,3000,18.1,21.9,185.6,272.4,166.1,250.9,60.2,64.8,18,31,15.5,34,15,33,15,31.5,6,6,8,10,E,ENE,NE,NNW,78.6,80,92,88,400,30250
5,Cuddalore,ponmani,clay,125,62.5,dry,100,5,200,10,135.65,51.9,75,3000,19.6,20.4,187.2,270.8,167,250,61,64,18.5,34,16,30,15.5,31,16,33,4,10,8,10,SW,W,NNW,WSW,72,78,88,85,500,30610
5,Kurinjipadi,CO_43,clay,125,62.5,dry,100,5,200,10,135.65,51.9,75,3000,19.6,20.4,187.2,270.8,167,250,61,64,19.5,34,18.5,35,17,32.5,16,30.5,10,4,10,6,NW,S,SE,SSE,64.6,85,84,87,450,30075
5,Panruti,ponmani,alluvial,125,62.5,dry,100,5,200,10,135.65,51.9,75,3000,18.5,21.5,185.2,272.8,165.3,251.7,60,65,20,35,18,30,17.5,33.5,18,33,4,12,4,12,ENE,NE,NNE,W,85,96,84,79,500,31065
5,Kallakurichi,delux ponni,clay,125,62.5,dry,100,5,200,10,135.65,51.9,75,3000,18.5,21.5,185.2,272.8,165.3,251.7,60,65,19,33,17,32,16.5,31.5,15.5,32.5,8,6,8,6,W,WNW,SE,S,88.5,95,81,84,400,31135
5,Sankarapuram,CO_43,clay,125,62.5,dry,100,5,200,10,135.65,51.9,75,3000,18.1,21.9,185.6,272.4,166.1,250.9,60.2,64.8,20.5,32,17.5,28,18,34,16.5,35,10,12,10,12,SSE,W,SW,NW,72.7,91,83,81,450,31810
5,Chinnasalem,ponmani,alluvial,125,62.5,dry,100,5,200,10,135.65,51.9,75,3000,18.1,21.9,185.6,272.4,166.1,250.9,60.2,64.8,18,31,15.5,34,15,33,15,31.5,6,6,8,10,E,ENE,NE,NNW,78.6,80,92,88,500,30755
5,Cuddalore,delux ponni,alluvial,125,62.5,dry,100,5,200,10,135.65,51.9,75,3000,19.6,20.4,187.2,270.8,167,250,61,64,18.5,34,16,30,15.5,31,16,33,4,10,8,10,SW,W,NNW,WSW,72,78,88,85,400,31815
5,Kurinjipadi,CO_43,alluvial,125,62.5,dry,100,5,200,10,135.65,51.9,75,3000,19.6,20.4,187.2,270.8,167,250,61,64,19.5,34,18.5,35,17,32.5,16,30.5,10,4,10,6,NW,S,SE,SSE,64.6,85,84,87,450,32090
5,Panruti,delux ponni,alluvial,125,62.5,dry,100,5,200,10,135.65,51.9,75,3000,18.5,21.5,185.2,272.8,165.3,251.7,60,65,20,35,18,30,17.5,33.5,18,33,4,12,4,12,ENE,NE,NNE,W,85,96,84,79,400,31045
5,Kallakurichi,ponmani,alluvial,125,62.5,dry,100,5,200,10,135.65,51.9,75,3000,18.5,21.5,185.2,272.8,165.3,251.7,60,65,19,33,17,32,16.5,31.5,15.5,32.5,8,6,8,6,W,WNW,SE,S,88.5,95,81,84,500,32155
5,Sankarapuram,CO_43,alluvial,125,62.5,dry,100,5,200,10,135.65,51.9,75,3000,18.1,21.9,185.6,272.4,166.1,250.9,60.2,64.8,20.5,32,17.5,28,18,34,16.5,35,10,12,10,12,SSE,W,SW,NW,72.7,91,83,81,450,31400
5,Chinnasalem,ponmani,alluvial,125,62.5,dry,100,5,200,10,135.65,51.9,75,3000,18.1,21.9,185.6,272.4,166.1,250.9,60.2,64.8,18,31,15.5,34,15,33,15,31.5,6,6,8,10,E,ENE,NE,NNW,78.6,80,92,88,500,30805
5,Cuddalore,delux ponni,clay,125,62.5,dry,100,5,200,10,135.65,51.9,75,3000,19.6,20.4,187.2,270.8,167,250,61,64,18.5,34,16,30,15.5,31,16,33,4,10,8,10,SW,W,NNW,WSW,72,78,88,85,400,31555
5,Kurinjipadi,CO_43,clay,125,62.5,dry,100,5,200,10,135.65,51.9,75,3000,19.6,20.4,187.2,270.8,167,250,61,64,19.5,34,18.5,35,17,32.5,16,30.5,10,4,10,6,NW,S,SE,SSE,64.6,85,84,87,450,30250
5,Panruti,ponmani,clay,125,62.5,dry,100,5,200,10,135.65,51.9,75,3000,18.5,21.5,185.2,272.8,165.3,251.7,60,65,20,35,18,30,17.5,33.5,18,33,4,12,4,12,ENE,NE,NNE,W,85,96,84,79,500,30610
5,Kallakurichi,delux ponni,clay,125,62.5,dry,100,5,200,10,135.65,51.9,75,3000,18.5,21.5,185.2,272.8,165.3,251.7,60,65,19,33,17,32,16.5,31.5,15.5,32.5,8,6,8,6,W,WNW,SE,S,88.5,95,81,84,400,30575
5,Sankarapuram,CO_43,clay,125,62.5,dry,100,5,200,10,135.65,51.9,75,3000,18.1,21.9,185.6,272.4,166.1,250.9,60.2,64.8,20.5,32,17.5,28,18,34,16.5,35,10,12,10,12,SSE,W,SW,NW,72.7,91,83,81,450,31605
5,Chinnasalem,delux ponni,clay,125,62.5,dry,100,5,200,10,135.65,51.9,75,3000,18.1,21.9,185.6,272.4,166.1,250.9,60.2,64.8,18,31,15.5,34,15,33,15,31.5,6,6,8,10,E,ENE,NE,NNW,78.6,80,92,88,400,31135
5,Cuddalore,ponmani,clay,125,62.5,dry,100,5,200,10,135.65,51.9,75,3000,19.6,20.4,187.2,270.8,167,250,61,64,18.5,34,16,30,15.5,31,16,33,4,10,8,10,SW,W,NNW,WSW,72,78,88,85,500,29365
5,Kurinjipadi,ponmani,clay,125,62.5,dry,100,5,200,10,135.65,51.9,75,3000,19.6,20.4,187.2,270.8,167,250,61,64,19.5,34,18.5,35,17,32.5,16,30.5,10,4,10,6,NW,S,SE,SSE,64.6,85,84,87,500,29180
5,Panruti,ponmani,alluvial,125,62.5,dry,100,5,200,10,135.65,51.9,75,3000,18.5,21.5,185.2,272.8,165.3,251.7,60,65,20,35,18,30,17.5,33.5,18,33,4,12,4,12,ENE,NE,NNE,W,85,96,84,79,500,28615
5,Kallakurichi,ponmani,alluvial,125,62.5,dry,100,5,200,10,135.65,51.9,75,3000,18.5,21.5,185.2,272.8,165.3,251.7,60,65,19,33,17,32,16.5,31.5,15.5,32.5,8,6,8,6,W,WNW,SE,S,88.5,95,81,84,500,27460
5,Sankarapuram,CO_43,alluvial,125,62.5,dry,100,5,200,10,135.65,51.9,75,3000,18.1,21.9,185.6,272.4,166.1,250.9,60.2,64.8,20.5,32,17.5,28,18,34,16.5,35,10,12,10,12,SSE,W,SW,NW,72.7,91,83,81,450,29365
5,Chinnasalem,ponmani,alluvial,125,62.5,dry,100,5,200,10,135.65,51.9,75,3000,18.1,21.9,185.6,272.4,166.1,250.9,60.2,64.8,18,31,15.5,34,15,33,15,31.5,6,6,8,10,E,ENE,NE,NNW,78.6,80,92,88,500,29180
5,Cuddalore,ponmani,clay,125,62.5,dry,100,5,200,10,135.65,51.9,75,3000,19.6,20.4,187.2,270.8,167,250,61,64,18.5,34,16,30,15.5,31,16,33,4,10,8,10,SW,W,NNW,WSW,72,78,88,85,500,29580
5,Kurinjipadi,ponmani,alluvial,125,62.5,dry,100,5,200,10,135.65,51.9,75,3000,19.6,20.4,187.2,270.8,167,250,61,64,19.5,34,18.5,35,17,32.5,16,30.5,10,4,10,6,NW,S,SE,SSE,64.6,85,84,87,500,28615
5,Panruti,delux ponni,alluvial,125,62.5,dry,100,5,200,10,135.65,51.9,75,3000,18.5,21.5,185.2,272.8,165.3,251.7,60,65,20,35,18,30,17.5,33.5,18,33,4,12,4,12,ENE,NE,NNE,W,85,96,84,79,400,31625
5,Kallakurichi,delux ponni,alluvial,125,62.5,dry,100,5,200,10,135.65,51.9,75,3000,18.5,21.5,185.2,272.8,165.3,251.7,60,65,19,33,17,32,16.5,31.5,15.5,32.5,8,6,8,6,W,WNW,SE,S,88.5,95,81,84,400,32345
5,Sankarapuram,delux ponni,clay,125,62.5,dry,100,5,200,10,135.65,51.9,75,3000,18.1,21.9,185.6,272.4,166.1,250.9,60.2,64.8,20.5,32,17.5,28,18,34,16.5,35,10,12,10,12,SSE,W,SW,NW,72.7,91,83,81,400,31400
5,Chinnasalem,ponmani,clay,125,62.5,dry,100,5,200,10,135.65,51.9,75,3000,18.1,21.9,185.6,272.4,166.1,250.9,60.2,64.8,18,31,15.5,34,15,33,15,31.5,6,6,8,10,E,ENE,NE,NNW,78.6,80,92,88,500,30540
5,Cuddalore,delux ponni,clay,125,62.5,dry,100,5,200,10,135.65,51.9,75,3000,19.6,20.4,187.2,270.8,167,250,61,64,18.5,34,16,30,15.5,31,16,33,4,10,8,10,SW,W,NNW,WSW,72,78,88,85,400,30905
5,Kurinjipadi,CO_43,clay,125,62.5,dry,100,5,200,10,135.65,51.9,75,3000,19.6,20.4,187.2,270.8,167,250,61,64,19.5,34,18.5,35,17,32.5,16,30.5,10,4,10,6,NW,S,SE,SSE,64.6,85,84,87,450,30805
5,Panruti,delux ponni,clay,125,62.5,dry,100,5,200,10,135.65,51.9,75,3000,18.5,21.5,185.2,272.8,165.3,251.7,60,65,20,35,18,30,17.5,33.5,18,33,4,12,4,12,ENE,NE,NNE,W,85,96,84,79,400,31535
5,Kallakurichi,delux ponni,clay,125,62.5,dry,100,5,200,10,135.65,51.9,75,3000,18.5,21.5,185.2,272.8,165.3,251.7,60,65,19,33,17,32,16.5,31.5,15.5,32.5,8,6,8,6,W,WNW,SE,S,88.5,95,81,84,400,31555
5,Sankarapuram,CO_43,clay,125,62.5,dry,100,5,200,10,135.65,51.9,75,3000,18.1,21.9,185.6,272.4,166.1,250.9,60.2,64.8,20.5,32,17.5,28,18,34,16.5,35,10,12,10,12,SSE,W,SW,NW,72.7,91,83,81,450,30545
5,Chinnasalem,ponmani,alluvial,125,62.5,dry,100,5,200,10,135.65,51.9,75,3000,18.1,21.9,185.6,272.4,166.1,250.9,60.2,64.8,18,31,15.5,34,15,33,15,31.5,6,6,8,10,E,ENE,NE,NNW,78.6,80,92,88,500,31920
5,Cuddalore,delux ponni,clay,125,62.5,dry,100,5,200,10,135.65,51.9,75,3000,19.6,20.4,187.2,270.8,167,250,61,64,18.5,34,16,30,15.5,31,16,33,4,10,8,10,SW,W,NNW,WSW,72,78,88,85,400,31035
5,Kurinjipadi,CO_43,alluvial,125,62.5,dry,100,5,200,10,135.65,51.9,75,3000,19.6,20.4,187.2,270.8,167,250,61,64,19.5,34,18.5,35,17,32.5,16,30.5,10,4,10,6,NW,S,SE,SSE,64.6,85,84,87,450,30805
5,Panruti,ponmani,clay,125,62.5,dry,100,5,200,10,135.65,51.9,75,3000,18.5,21.5,185.2,272.8,165.3,251.7,60,65,20,35,18,30,17.5,33.5,18,33,4,12,4,12,ENE,NE,NNE,W,85,96,84,79,500,30285
5,Kallakurichi,delux ponni,alluvial,125,62.5,dry,100,5,200,10,135.65,51.9,75,3000,18.5,21.5,185.2,272.8,165.3,251.7,60,65,19,33,17,32,16.5,31.5,15.5,32.5,8,6,8,6,W,WNW,SE,S,88.5,95,81,84,400,32050
5,Sankarapuram,CO_43,alluvial,125,62.5,dry,100,5,200,10,135.65,51.9,75,3000,18.1,21.9,185.6,272.4,166.1,250.9,60.2,64.8,20.5,32,17.5,28,18,34,16.5,35,10,12,10,12,SSE,W,SW,NW,72.7,91,83,81,450,30855
5,Chinnasalem,delux ponni,clay,125,62.5,dry,100,5,200,10,135.65,51.9,75,3000,18.1,21.9,185.6,272.4,166.1,250.9,60.2,64.8,18,31,15.5,34,15,33,15,31.5,6,6,8,10,E,ENE,NE,NNW,78.6,80,92,88,400,30250
5,Cuddalore,ponmani,alluvial,125,62.5,dry,100,5,200,10,135.65,51.9,75,3000,19.6,20.4,187.2,270.8,167,250,61,64,18.5,34,16,30,15.5,31,16,33,4,10,8,10,SW,W,NNW,WSW,72,78,88,85,500,30610
5,Kurinjipadi,CO_43,clay,125,62.5,dry,100,5,200,10,135.65,51.9,75,3000,19.6,20.4,187.2,270.8,167,250,61,64,19.5,34,18.5,35,17,32.5,16,30.5,10,4,10,6,NW,S,SE,SSE,64.6,85,84,87,450,30075
5,Panruti,ponmani,alluvial,125,62.5,dry,100,5,200,10,135.65,51.9,75,3000,18.5,21.5,185.2,272.8,165.3,251.7,60,65,20,35,18,30,17.5,33.5,18,33,4,12,4,12,ENE,NE,NNE,W,85,96,84,79,500,31065
5,Kallakurichi,delux ponni,clay,125,62.5,dry,100,5,200,10,135.65,51.9,75,3000,18.5,21.5,185.2,272.8,165.3,251.7,60,65,19,33,17,32,16.5,31.5,15.5,32.5,8,6,8,6,W,WNW,SE,S,88.5,95,81,84,400,31135
5,Sankarapuram,CO_43,alluvial,125,62.5,dry,100,5,200,10,135.65,51.9,75,3000,18.1,21.9,185.6,272.4,166.1,250.9,60.2,64.8,20.5,32,17.5,28,18,34,16.5,35,10,12,10,12,SSE,W,SW,NW,72.7,91,83,81,450,31810
5,Chinnasalem,ponmani,clay,125,62.5,dry,100,5,200,10,135.65,51.9,75,3000,18.1,21.9,185.6,272.4,166.1,250.9,60.2,64.8,18,31,15.5,34,15,33,15,31.5,6,6,8,10,E,ENE,NE,NNW,78.6,80,92,88,500,30755
5,Cuddalore,delux ponni,clay,125,62.5,dry,100,5,200,10,135.65,51.9,75,3000,19.6,20.4,187.2,270.8,167,250,61,64,18.5,34,16,30,15.5,31,16,33,4,10,8,10,SW,W,NNW,WSW,72,78,88,85,400,31815
5,Kurinjipadi,CO_43,alluvial,125,62.5,dry,100,5,200,10,135.65,51.9,75,3000,19.6,20.4,187.2,270.8,167,250,61,64,19.5,34,18.5,35,17,32.5,16,30.5,10,4,10,6,NW,S,SE,SSE,64.6,85,84,87,450,32090
5,Panruti,delux ponni,clay,125,62.5,dry,100,5,200,10,135.65,51.9,75,3000,18.5,21.5,185.2,272.8,165.3,251.7,60,65,20,35,18,30,17.5,33.5,18,33,4,12,4,12,ENE,NE,NNE,W,85,96,84,79,400,31045
5,Kallakurichi,ponmani,clay,125,62.5,dry,100,5,200,10,135.65,51.9,75,3000,18.5,21.5,185.2,272.8,165.3,251.7,60,65,19,33,17,32,16.5,31.5,15.5,32.5,8,6,8,6,W,WNW,SE,S,88.5,95,81,84,500,32155
5,Sankarapuram,CO_43,alluvial,125,62.5,dry,100,5,200,10,135.65,51.9,75,3000,18.1,21.9,185.6,272.4,166.1,250.9,60.2,64.8,20.5,32,17.5,28,18,34,16.5,35,10,12,10,12,SSE,W,SW,NW,72.7,91,83,81,450,31400
5,Chinnasalem,ponmani,clay,125,62.5,dry,100,5,200,10,135.65,51.9,75,3000,18.1,21.9,185.6,272.4,166.1,250.9,60.2,64.8,18,31,15.5,34,15,33,15,31.5,6,6,8,10,E,ENE,NE,NNW,78.6,80,92,88,500,30805
5,Cuddalore,delux ponni,clay,125,62.5,dry,100,5,200,10,135.65,51.9,75,3000,19.6,20.4,187.2,270.8,167,250,61,64,18.5,34,16,30,15.5,31,16,33,4,10,8,10,SW,W,NNW,WSW,72,78,88,85,400,31555
5,Kurinjipadi,CO_43,clay,125,62.5,dry,100,5,200,10,135.65,51.9,75,3000,19.6,20.4,187.2,270.8,167,250,61,64,19.5,34,18.5,35,17,32.5,16,30.5,10,4,10,6,NW,S,SE,SSE,64.6,85,84,87,450,30250
5,Panruti,ponmani,clay,125,62.5,dry,100,5,200,10,135.65,51.9,75,3000,18.5,21.5,185.2,272.8,165.3,251.7,60,65,20,35,18,30,17.5,33.5,18,33,4,12,4,12,ENE,NE,NNE,W,85,96,84,79,500,30610
5,Kallakurichi,delux ponni,alluvial,125,62.5,dry,100,5,200,10,135.65,51.9,75,3000,18.5,21.5,185.2,272.8,165.3,251.7,60,65,19,33,17,32,16.5,31.5,15.5,32.5,8,6,8,6,W,WNW,SE,S,88.5,95,81,84,400,30575
5,Sankarapuram,CO_43,clay,125,62.5,dry,100,5,200,10,135.65,51.9,75,3000,18.1,21.9,185.6,272.4,166.1,250.9,60.2,64.8,20.5,32,17.5,28,18,34,16.5,35,10,12,10,12,SSE,W,SW,NW,72.7,91,83,81,450,31605
5,Chinnasalem,delux ponni,alluvial,125,62.5,dry,100,5,200,10,135.65,51.9,75,3000,18.1,21.9,185.6,272.4,166.1,250.9,60.2,64.8,18,31,15.5,34,15,33,15,31.5,6,6,8,10,E,ENE,NE,NNW,78.6,80,92,88,400,31135
5,Cuddalore,ponmani,clay,125,62.5,dry,100,5,200,10,135.65,51.9,75,3000,19.6,20.4,187.2,270.8,167,250,61,64,18.5,34,16,30,15.5,31,16,33,4,10,8,10,SW,W,NNW,WSW,72,78,88,85,500,29275
5,Kurinjipadi,ponmani,clay,125,62.5,wet,100,5,200,10,135.65,51.9,75,3000,19.6,20.4,187.2,270.8,167,250,61,64,19.5,34,18.5,35,17,32.5,16,30.5,10,4,10,6,NW,S,SE,SSE,64.6,85,84,87,500,27265
5,Panruti,ponmani,alluvial,125,62.5,wet,100,5,200,10,135.65,51.9,75,3000,18.5,21.5,185.2,272.8,165.3,251.7,60,65,20,35,18,30,17.5,33.5,18,33,4,12,4,12,ENE,NE,NNE,W,85,96,84,79,500,28060
5,Kallakurichi,ponmani,clay,125,62.5,wet,100,5,200,10,135.65,51.9,75,3000,18.5,21.5,185.2,272.8,165.3,251.7,60,65,19,33,17,32,16.5,31.5,15.5,32.5,8,6,8,6,W,WNW,SE,S,88.5,95,81,84,500,29365
5,Sankarapuram,CO_43,alluvial,125,62.5,wet,100,5,200,10,135.65,51.9,75,3000,18.1,21.9,185.6,272.4,166.1,250.9,60.2,64.8,20.5,32,17.5,28,18,34,16.5,35,10,12,10,12,SSE,W,SW,NW,72.7,91,83,81,450,29415
5,Chinnasalem,ponmani,alluvial,125,62.5,wet,100,5,200,10,135.65,51.9,75,3000,18.1,21.9,185.6,272.4,166.1,250.9,60.2,64.8,18,31,15.5,34,15,33,15,31.5,6,6,8,10,E,ENE,NE,NNW,78.6,80,92,88,500,29180
5,Cuddalore,ponmani,clay,125,62.5,wet,100,5,200,10,135.65,51.9,75,3000,19.6,20.4,187.2,270.8,167,250,61,64,18.5,34,16,30,15.5,31,16,33,4,10,8,10,SW,W,NNW,WSW,72,78,88,85,500,28615
5,Kurinjipadi,ponmani,alluvial,125,62.5,wet,100,5,200,10,135.65,51.9,75,3000,19.6,20.4,187.2,270.8,167,250,61,64,19.5,34,18.5,35,17,32.5,16,30.5,10,4,10,6,NW,S,SE,SSE,64.6,85,84,87,500,27460
5,Panruti,delux ponni,alluvial,125,62.5,wet,100,5,200,10,135.65,51.9,75,3000,18.5,21.5,185.2,272.8,165.3,251.7,60,65,20,35,18,30,17.5,33.5,18,33,4,12,4,12,ENE,NE,NNE,W,85,96,84,79,400,31625
5,Kallakurichi,delux ponni,alluvial,125,62.5,wet,100,5,200,10,135.65,51.9,75,3000,18.5,21.5,185.2,272.8,165.3,251.7,60,65,19,33,17,32,16.5,31.5,15.5,32.5,8,6,8,6,W,WNW,SE,S,88.5,95,81,84,400,32345
5,Sankarapuram,delux ponni,alluvial,125,62.5,wet,100,5,200,10,135.65,51.9,75,3000,18.1,21.9,185.6,272.4,166.1,250.9,60.2,64.8,20.5,32,17.5,28,18,34,16.5,35,10,12,10,12,SSE,W,SW,NW,72.7,91,83,81,400,31400
5,Chinnasalem,ponmani,clay,125,62.5,wet,100,5,200,10,135.65,51.9,75,3000,18.1,21.9,185.6,272.4,166.1,250.9,60.2,64.8,18,31,15.5,34,15,33,15,31.5,6,6,8,10,E,ENE,NE,NNW,78.6,80,92,88,500,30540
5,Cuddalore,delux ponni,alluvial,125,62.5,wet,100,5,200,10,135.65,51.9,75,3000,19.6,20.4,187.2,270.8,167,250,61,64,18.5,34,16,30,15.5,31,16,33,4,10,8,10,SW,W,NNW,WSW,72,78,88,85,400,30905
5,Kurinjipadi,CO_43,clay,125,62.5,wet,100,5,200,10,135.65,51.9,75,3000,19.6,20.4,187.2,270.8,167,250,61,64,19.5,34,18.5,35,17,32.5,16,30.5,10,4,10,6,NW,S,SE,SSE,64.6,85,84,87,450,30805
5,Panruti,delux ponni,clay,125,62.5,wet,100,5,200,10,135.65,51.9,75,3000,18.5,21.5,185.2,272.8,165.3,251.7,60,65,20,35,18,30,17.5,33.5,18,33,4,12,4,12,ENE,NE,NNE,W,85,96,84,79,400,31535
5,Kallakurichi,delux ponni,alluvial,125,62.5,wet,100,5,200,10,135.65,51.9,75,3000,18.5,21.5,185.2,272.8,165.3,251.7,60,65,19,33,17,32,16.5,31.5,15.5,32.5,8,6,8,6,W,WNW,SE,S,88.5,95,81,84,400,31555
5,Sankarapuram,CO_43,clay,125,62.5,wet,100,5,200,10,135.65,51.9,75,3000,18.1,21.9,185.6,272.4,166.1,250.9,60.2,64.8,20.5,32,17.5,28,18,34,16.5,35,10,12,10,12,SSE,W,SW,NW,72.7,91,83,81,450,30545
5,Chinnasalem,ponmani,clay,125,62.5,wet,100,5,200,10,135.65,51.9,75,3000,18.1,21.9,185.6,272.4,166.1,250.9,60.2,64.8,18,31,15.5,34,15,33,15,31.5,6,6,8,10,E,ENE,NE,NNW,78.6,80,92,88,500,31920
5,Cuddalore,delux ponni,clay,125,62.5,wet,100,5,200,10,135.65,51.9,75,3000,19.6,20.4,187.2,270.8,167,250,61,64,18.5,34,16,30,15.5,31,16,33,4,10,8,10,SW,W,NNW,WSW,72,78,88,85,400,31035
5,Kurinjipadi,CO_43,alluvial,125,62.5,wet,100,5,200,10,135.65,51.9,75,3000,19.6,20.4,187.2,270.8,167,250,61,64,19.5,34,18.5,35,17,32.5,16,30.5,10,4,10,6,NW,S,SE,SSE,64.6,85,84,87,450,30805
5,Panruti,ponmani,alluvial,125,62.5,wet,100,5,200,10,135.65,51.9,75,3000,18.5,21.5,185.2,272.8,165.3,251.7,60,65,20,35,18,30,17.5,33.5,18,33,4,12,4,12,ENE,NE,NNE,W,85,96,84,79,500,30285
5,Kallakurichi,delux ponni,alluvial,125,62.5,wet,100,5,200,10,135.65,51.9,75,3000,18.5,21.5,185.2,272.8,165.3,251.7,60,65,19,33,17,32,16.5,31.5,15.5,32.5,8,6,8,6,W,WNW,SE,S,88.5,95,81,84,400,32050
5,Sankarapuram,CO_43,clay,125,62.5,wet,100,5,200,10,135.65,51.9,75,3000,18.1,21.9,185.6,272.4,166.1,250.9,60.2,64.8,20.5,32,17.5,28,18,34,16.5,35,10,12,10,12,SSE,W,SW,NW,72.7,91,83,81,450,30855
5,Chinnasalem,delux ponni,alluvial,125,62.5,wet,100,5,200,10,135.65,51.9,75,3000,18.1,21.9,185.6,272.4,166.1,250.9,60.2,64.8,18,31,15.5,34,15,33,15,31.5,6,6,8,10,E,ENE,NE,NNW,78.6,80,92,88,400,30250
5,Cuddalore,ponmani,clay,125,62.5,dry,100,5,200,10,135.65,51.9,75,3000,19.6,20.4,187.2,270.8,167,250,61,64,18.5,34,16,30,15.5,31,16,33,4,10,8,10,SW,W,NNW,WSW,72,78,88,85,500,30610
5,Kurinjipadi,CO_43,alluvial,125,62.5,dry,100,5,200,10,135.65,51.9,75,3000,19.6,20.4,187.2,270.8,167,250,61,64,19.5,34,18.5,35,17,32.5,16,30.5,10,4,10,6,NW,S,SE,SSE,64.6,85,84,87,450,30075
5,Panruti,ponmani,alluvial,125,62.5,dry,100,5,200,10,135.65,51.9,75,3000,18.5,21.5,185.2,272.8,165.3,251.7,60,65,20,35,18,30,17.5,33.5,18,33,4,12,4,12,ENE,NE,NNE,W,85,96,84,79,500,31065
5,Kallakurichi,delux ponni,clay,125,62.5,dry,100,5,200,10,135.65,51.9,75,3000,18.5,21.5,185.2,272.8,165.3,251.7,60,65,19,33,17,32,16.5,31.5,15.5,32.5,8,6,8,6,W,WNW,SE,S,88.5,95,81,84,400,31135
5,Sankarapuram,CO_43,clay,125,62.5,dry,100,5,200,10,135.65,51.9,75,3000,18.1,21.9,185.6,272.4,166.1,250.9,60.2,64.8,20.5,32,17.5,28,18,34,16.5,35,10,12,10,12,SSE,W,SW,NW,72.7,91,83,81,450,31810
5,Chinnasalem,ponmani,alluvial,125,62.5,dry,100,5,200,10,135.65,51.9,75,3000,18.1,21.9,185.6,272.4,166.1,250.9,60.2,64.8,18,31,15.5,34,15,33,15,31.5,6,6,8,10,E,ENE,NE,NNW,78.6,80,92,88,500,30755
5,Chinnasalem,delux ponni,clay,125,62.5,dry,100,5,200,10,135.65,51.9,75,3000,18.1,21.9,185.6,272.4,166.1,250.9,60.2,64.8,18,31,15.5,34,15,33,15,31.5,6,6,8,10,E,ENE,NE,NNW,78.6,80,92,88,400,31815
5,Chinnasalem,CO_43,alluvial,125,62.5,dry,100,5,200,10,135.65,51.9,75,3000,18.1,21.9,185.6,272.4,166.1,250.9,60.2,64.8,18,31,15.5,34,15,33,15,31.5,6,6,8,10,E,ENE,NE,NNW,78.6,80,92,88,450,32090
5,Chinnasalem,delux ponni,clay,125,62.5,dry,100,5,200,10,135.65,51.9,75,3000,18.1,21.9,185.6,272.4,166.1,250.9,60.2,64.8,18,31,15.5,34,15,33,15,31.5,6,6,8,10,E,ENE,NE,NNW,78.6,80,92,88,400,31045
5,Chinnasalem,ponmani,clay,125,62.5,dry,100,5,200,10,135.65,51.9,75,3000,18.1,21.9,185.6,272.4,166.1,250.9,60.2,64.8,18,31,15.5,34,15,33,15,31.5,6,6,8,10,E,ENE,NE,NNW,78.6,80,92,88,500,32155
5,Kallakurichi,CO_43,alluvial,125,62.5,dry,100,5,200,10,135.65,51.9,75,3000,18.5,21.5,185.2,272.8,165.3,251.7,60,65,19,33,17,32,16.5,31.5,15.5,32.5,8,6,8,6,W,WNW,SE,S,88.5,95,81,84,450,31400
5,Kallakurichi,ponmani,clay,125,62.5,dry,100,5,200,10,135.65,51.9,75,3000,18.5,21.5,185.2,272.8,165.3,251.7,60,65,19,33,17,32,16.5,31.5,15.5,32.5,8,6,8,6,W,WNW,SE,S,88.5,95,81,84,500,30805
5,Kallakurichi,delux ponni,alluvial,125,62.5,dry,100,5,200,10,135.65,51.9,75,3000,18.5,21.5,185.2,272.8,165.3,251.7,60,65,19,33,17,32,16.5,31.5,15.5,32.5,8,6,8,6,W,WNW,SE,S,88.5,95,81,84,400,31555
5,Kallakurichi,CO_43,clay,125,62.5,dry,100,5,200,10,135.65,51.9,75,3000,18.5,21.5,185.2,272.8,165.3,251.7,60,65,19,33,17,32,16.5,31.5,15.5,32.5,8,6,8,6,W,WNW,SE,S,88.5,95,81,84,450,30250
5,Panruti,ponmani,alluvial,125,62.5,dry,100,5,200,10,135.65,51.9,75,3000,18.5,21.5,185.2,272.8,165.3,251.7,60,65,20,35,18,30,17.5,33.5,18,33,4,12,4,12,ENE,NE,NNE,W,85,96,84,79,500,30610
5,Panruti,delux ponni,alluvial,125,62.5,dry,100,5,200,10,135.65,51.9,75,3000,18.5,21.5,185.2,272.8,165.3,251.7,60,65,20,35,18,30,17.5,33.5,18,33,4,12,4,12,ENE,NE,NNE,W,85,96,84,79,400,30575
5,Panruti,CO_43,clay,125,62.5,dry,100,5,200,10,135.65,51.9,75,3000,18.5,21.5,185.2,272.8,165.3,251.7,60,65,20,35,18,30,17.5,33.5,18,33,4,12,4,12,ENE,NE,NNE,W,85,96,84,79,450,31605
5,Panruti,delux ponni,alluvial,125,62.5,dry,100,5,200,10,135.65,51.9,75,3000,18.5,21.5,185.2,272.8,165.3,251.7,60,65,20,35,18,30,17.5,33.5,18,33,4,12,4,12,ENE,NE,NNE,W,85,96,84,79,400,31135
5,Panruti,ponmani,clay,125,62.5,wet,100,5,200,10,135.65,51.9,75,3000,18.5,21.5,185.2,272.8,165.3,251.7,60,65,20,35,18,30,17.5,33.5,18,33,4,12,4,12,ENE,NE,NNE,W,85,96,84,79,500,29455
5,Cuddalore,ponmani,alluvial,125,62.5,wet,100,5,200,10,135.65,51.9,75,3000,19.6,20.4,187.2,270.8,167,250,61,64,18.5,34,16,30,15.5,31,16,33,4,10,8,10,SW,W,NNW,WSW,72,78,88,85,500,29930
5,Cuddalore,ponmani,clay,125,62.5,wet,100,5,200,10,135.65,51.9,75,3000,19.6,20.4,187.2,270.8,167,250,61,64,18.5,34,16,30,15.5,31,16,33,4,10,8,10,SW,W,NNW,WSW,72,78,88,85,500,27100
5,Cuddalore,ponmani,alluvial,125,62.5,wet,100,5,200,10,135.65,51.9,75,3000,19.6,20.4,187.2,270.8,167,250,61,64,18.5,34,16,30,15.5,31,16,33,4,10,8,10,SW,W,NNW,WSW,72,78,88,85,500,27270
5,Cuddalore,CO_43,clay,125,62.5,wet,100,5,200,10,135.65,51.9,75,3000,19.6,20.4,187.2,270.8,167,250,61,64,18.5,34,16,30,15.5,31,16,33,4,10,8,10,SW,W,NNW,WSW,72,78,88,85,450,27660
5,Cuddalore,ponmani,clay,125,62.5,wet,100,5,200,10,135.65,51.9,75,3000,19.6,20.4,187.2,270.8,167,250,61,64,18.5,34,16,30,15.5,31,16,33,4,10,8,10,SW,W,NNW,WSW,72,78,88,85,500,28400
5,Cuddalore,ponmani,clay,125,62.5,wet,100,5,200,10,135.65,51.9,75,3000,19.6,20.4,187.2,270.8,167,250,61,64,18.5,34,16,30,15.5,31,16,33,4,10,8,10,SW,W,NNW,WSW,72,78,88,85,500,29180
5,Cuddalore,ponmani,clay,125,62.5,wet,100,5,200,10,135.65,51.9,75,3000,19.6,20.4,187.2,270.8,167,250,61,64,18.5,34,16,30,15.5,31,16,33,4,10,8,10,SW,W,NNW,WSW,72,78,88,85,500,29365
5,Kurinjipadi,delux ponni,alluvial,125,62.5,wet,100,5,200,10,135.65,51.9,75,3000,19.6,20.4,187.2,270.8,167,250,61,64,19.5,34,18.5,35,17,32.5,16,30.5,10,4,10,6,NW,S,SE,SSE,64.6,85,84,87,400,31625
5,Kurinjipadi,delux ponni,clay,125,62.5,wet,100,5,200,10,135.65,51.9,75,3000,19.6,20.4,187.2,270.8,167,250,61,64,19.5,34,18.5,35,17,32.5,16,30.5,10,4,10,6,NW,S,SE,SSE,64.6,85,84,87,400,32345
5,Kurinjipadi,delux ponni,clay,125,62.5,wet,100,5,200,10,135.65,51.9,75,3000,19.6,20.4,187.2,270.8,167,250,61,64,19.5,34,18.5,35,17,32.5,16,30.5,10,4,10,6,NW,S,SE,SSE,64.6,85,84,87,400,31400
5,Kurinjipadi,ponmani,alluvial,125,62.5,wet,100,5,200,10,135.65,51.9,75,3000,19.6,20.4,187.2,270.8,167,250,61,64,19.5,34,18.5,35,17,32.5,16,30.5,10,4,10,6,NW,S,SE,SSE,64.6,85,84,87,500,30540
5,Kurinjipadi,delux ponni,clay,125,62.5,wet,100,5,200,10,135.65,51.9,75,3000,19.6,20.4,187.2,270.8,167,250,61,64,19.5,34,18.5,35,17,32.5,16,30.5,10,4,10,6,NW,S,SE,SSE,64.6,85,84,87,400,30905
5,Kurinjipadi,CO_43,clay,125,62.5,wet,100,5,200,10,135.65,51.9,75,3000,19.6,20.4,187.2,270.8,167,250,61,64,19.5,34,18.5,35,17,32.5,16,30.5,10,4,10,6,NW,S,SE,SSE,64.6,85,84,87,450,30805
5,Kurinjipadi,delux ponni,alluvial,125,62.5,wet,100,5,200,10,135.65,51.9,75,3000,19.6,20.4,187.2,270.8,167,250,61,64,19.5,34,18.5,35,17,32.5,16,30.5,10,4,10,6,NW,S,SE,SSE,64.6,85,84,87,400,31535
5,Kurinjipadi,delux ponni,clay,125,62.5,wet,100,5,200,10,135.65,51.9,75,3000,19.6,20.4,187.2,270.8,167,250,61,64,19.5,34,18.5,35,17,32.5,16,30.5,10,4,10,6,NW,S,SE,SSE,64.6,85,84,87,400,31555
5,Kurinjipadi,CO_43,clay,125,62.5,wet,100,5,200,10,135.65,51.9,75,3000,19.6,20.4,187.2,270.8,167,250,61,64,19.5,34,18.5,35,17,32.5,16,30.5,10,4,10,6,NW,S,SE,SSE,64.6,85,84,87,450,30545
5,Kurinjipadi,ponmani,clay,125,62.5,wet,100,5,200,10,135.65,51.9,75,3000,19.6,20.4,187.2,270.8,167,250,61,64,19.5,34,18.5,35,17,32.5,16,30.5,10,4,10,6,NW,S,SE,SSE,64.6,85,84,87,500,31920
5,Sankarapuram,delux ponni,alluvial,125,62.5,wet,100,5,200,10,135.65,51.9,75,3000,18.1,21.9,185.6,272.4,166.1,250.9,60.2,64.8,20.5,32,17.5,28,18,34,16.5,35,10,12,10,12,SSE,W,SW,NW,72.7,91,83,81,400,31035
5,Sankarapuram,CO_43,clay,125,62.5,wet,100,5,200,10,135.65,51.9,75,3000,18.1,21.9,185.6,272.4,166.1,250.9,60.2,64.8,20.5,32,17.5,28,18,34,16.5,35,10,12,10,12,SSE,W,SW,NW,72.7,91,83,81,450,30805
5,Sankarapuram,ponmani,clay,125,62.5,wet,100,5,200,10,135.65,51.9,75,3000,18.1,21.9,185.6,272.4,166.1,250.9,60.2,64.8,20.5,32,17.5,28,18,34,16.5,35,10,12,10,12,SSE,W,SW,NW,72.7,91,83,81,500,30285
5,Sankarapuram,delux ponni,alluvial,125,62.5,wet,100,5,200,10,135.65,51.9,75,3000,18.1,21.9,185.6,272.4,166.1,250.9,60.2,64.8,20.5,32,17.5,28,18,34,16.5,35,10,12,10,12,SSE,W,SW,NW,72.7,91,83,81,400,32050
5,Sankarapuram,CO_43,alluvial,125,62.5,wet,100,5,200,10,135.65,51.9,75,3000,18.1,21.9,185.6,272.4,166.1,250.9,60.2,64.8,20.5,32,17.5,28,18,34,16.5,35,10,12,10,12,SSE,W,SW,NW,72.7,91,83,81,450,30855
5,Sankarapuram,delux ponni,alluvial,125,62.5,wet,100,5,200,10,135.65,51.9,75,3000,18.1,21.9,185.6,272.4,166.1,250.9,60.2,64.8,20.5,32,17.5,28,18,34,16.5,35,10,12,10,12,SSE,W,SW,NW,72.7,91,83,81,400,30250
5,Sankarapuram,ponmani,alluvial,125,62.5,wet,100,5,200,10,135.65,51.9,75,3000,18.1,21.9,185.6,272.4,166.1,250.9,60.2,64.8,20.5,32,17.5,28,18,34,16.5,35,10,12,10,12,SSE,W,SW,NW,72.7,91,83,81,500,30610
5,Sankarapuram,CO_43,alluvial,125,62.5,wet,100,5,200,10,135.65,51.9,75,3000,18.1,21.9,185.6,272.4,166.1,250.9,60.2,64.8,20.5,32,17.5,28,18,34,16.5,35,10,12,10,12,SSE,W,SW,NW,72.7,91,83,81,450,30075
5,Sankarapuram,ponmani,alluvial,125,62.5,wet,100,5,200,10,135.65,51.9,75,3000,18.1,21.9,185.6,272.4,166.1,250.9,60.2,64.8,20.5,32,17.5,28,18,34,16.5,35,10,12,10,12,SSE,W,SW,NW,72.7,91,83,81,500,31065
5,Sankarapuram,delux ponni,alluvial,125,62.5,wet,100,5,200,10,135.65,51.9,75,3000,18.1,21.9,185.6,272.4,166.1,250.9,60.2,64.8,20.5,32,17.5,28,18,34,16.5,35,10,12,10,12,SSE,W,SW,NW,72.7,91,83,81,400,31135
5,Sankarapuram,CO_43,clay,125,62.5,wet,100,5,200,10,135.65,51.9,75,3000,18.1,21.9,185.6,272.4,166.1,250.9,60.2,64.8,20.5,32,17.5,28,18,34,16.5,35,10,12,10,12,SSE,W,SW,NW,72.7,91,83,81,450,31810
5,Sankarapuram,ponmani,clay,125,62.5,wet,100,5,200,10,135.65,51.9,75,3000,18.1,21.9,185.6,272.4,166.1,250.9,60.2,64.8,20.5,32,17.5,28,18,34,16.5,35,10,12,10,12,SSE,W,SW,NW,72.7,91,83,81,500,30755
5,Sankarapuram,delux ponni,clay,125,62.5,wet,100,5,200,10,135.65,51.9,75,3000,18.1,21.9,185.6,272.4,166.1,250.9,60.2,64.8,20.5,32,17.5,28,18,34,16.5,35,10,12,10,12,SSE,W,SW,NW,72.7,91,83,81,400,31815
5,Sankarapuram,CO_43,clay,125,62.5,wet,100,5,200,10,135.65,51.9,75,3000,18.1,21.9,185.6,272.4,166.1,250.9,60.2,64.8,20.5,32,17.5,28,18,34,16.5,35,10,12,10,12,SSE,W,SW,NW,72.7,91,83,81,450,32090
5,Sankarapuram,delux ponni,clay,125,62.5,dry,100,5,200,10,135.65,51.9,75,3000,18.1,21.9,185.6,272.4,166.1,250.9,60.2,64.8,20.5,32,17.5,28,18,34,16.5,35,10,12,10,12,SSE,W,SW,NW,72.7,91,83,81,400,31045
5,Sankarapuram,ponmani,clay,125,62.5,dry,100,5,200,10,135.65,51.9,75,3000,18.1,21.9,185.6,272.4,166.1,250.9,60.2,64.8,20.5,32,17.5,28,18,34,16.5,35,10,12,10,12,SSE,W,SW,NW,72.7,91,83,81,500,32155
5,Sankarapuram,CO_43,clay,125,62.5,dry,100,5,200,10,135.65,51.9,75,3000,18.1,21.9,185.6,272.4,166.1,250.9,60.2,64.8,20.5,32,17.5,28,18,34,16.5,35,10,12,10,12,SSE,W,SW,NW,72.7,91,83,81,450,31400
5,Sankarapuram,ponmani,clay,125,62.5,dry,100,5,200,10,135.65,51.9,75,3000,18.1,21.9,185.6,272.4,166.1,250.9,60.2,64.8,20.5,32,17.5,28,18,34,16.5,35,10,12,10,12,SSE,W,SW,NW,72.7,91,83,81,500,30805
5,Sankarapuram,delux ponni,alluvial,125,62.5,dry,100,5,200,10,135.65,51.9,75,3000,18.1,21.9,185.6,272.4,166.1,250.9,60.2,64.8,20.5,32,17.5,28,18,34,16.5,35,10,12,10,12,SSE,W,SW,NW,72.7,91,83,81,400,31555
5,Sankarapuram,CO_43,alluvial,125,62.5,dry,100,5,200,10,135.65,51.9,75,3000,18.1,21.9,185.6,272.4,166.1,250.9,60.2,64.8,20.5,32,17.5,28,18,34,16.5,35,10,12,10,12,SSE,W,SW,NW,72.7,91,83,81,450,30250
5,Cuddalore,ponmani,alluvial,125,62.5,dry,100,5,200,10,135.65,51.9,75,3000,19.6,20.4,187.2,270.8,167,250,61,64,18.5,34,16,30,15.5,31,16,33,4,10,8,10,SW,W,NNW,WSW,72,78,88,85,500,30610
5,Kurinjipadi,delux ponni,alluvial,125,62.5,dry,100,5,200,10,135.65,51.9,75,3000,19.6,20.4,187.2,270.8,167,250,61,64,19.5,34,18.5,35,17,32.5,16,30.5,10,4,10,6,NW,S,SE,SSE,64.6,85,84,87,400,30575
5,Panruti,CO_43,alluvial,125,62.5,dry,100,5,200,10,135.65,51.9,75,3000,18.5,21.5,185.2,272.8,165.3,251.7,60,65,20,35,18,30,17.5,33.5,18,33,4,12,4,12,ENE,NE,NNE,W,85,96,84,79,450,31605
5,Kallakurichi,delux ponni,alluvial,125,62.5,dry,100,5,200,10,135.65,51.9,75,3000,18.5,21.5,185.2,272.8,165.3,251.7,60,65,19,33,17,32,16.5,31.5,15.5,32.5,8,6,8,6,W,WNW,SE,S,88.5,95,81,84,400,31135
5,Sankarapuram,ponmani,alluvial,125,62.5,dry,100,5,200,10,135.65,51.9,75,3000,18.1,21.9,185.6,272.4,166.1,250.9,60.2,64.8,20.5,32,17.5,28,18,34,16.5,35,10,12,10,12,SSE,W,SW,NW,72.7,91,83,81,500,29365
5,Chinnasalem,ponmani,alluvial,125,62.5,dry,100,5,200,10,135.65,51.9,75,3000,18.1,21.9,185.6,272.4,166.1,250.9,60.2,64.8,18,31,15.5,34,15,33,15,31.5,6,6,8,10,E,ENE,NE,NNW,78.6,80,92,88,500,27315
5,Cuddalore,ponmani,clay,125,62.5,dry,100,5,200,10,135.65,51.9,75,3000,19.6,20.4,187.2,270.8,167,250,61,64,18.5,34,16,30,15.5,31,16,33,4,10,8,10,SW,W,NNW,WSW,72,78,88,85,500,27460
5,Kurinjipadi,ponmani,clay,125,62.5,dry,100,5,200,10,135.65,51.9,75,3000,19.6,20.4,187.2,270.8,167,250,61,64,19.5,34,18.5,35,17,32.5,16,30.5,10,4,10,6,NW,S,SE,SSE,64.6,85,84,87,500,28615
5,Panruti,CO_43,clay,125,62.5,dry,100,5,200,10,135.65,51.9,75,3000,18.5,21.5,185.2,272.8,165.3,251.7,60,65,20,35,18,30,17.5,33.5,18,33,4,12,4,12,ENE,NE,NNE,W,85,96,84,79,450,29180
5,Kallakurichi,ponmani,clay,125,62.5,dry,100,5,200,10,135.65,51.9,75,3000,18.5,21.5,185.2,272.8,165.3,251.7,60,65,19,33,17,32,16.5,31.5,15.5,32.5,8,6,8,6,W,WNW,SE,S,88.5,95,81,84,500,29275
5,Sankarapuram,ponmani,clay,125,62.5,dry,100,5,200,10,135.65,51.9,75,3000,18.1,21.9,185.6,272.4,166.1,250.9,60.2,64.8,20.5,32,17.5,28,18,34,16.5,35,10,12,10,12,SSE,W,SW,NW,72.7,91,83,81,500,29180
5,Chinnasalem,ponmani,clay,125,62.5,dry,100,5,200,10,135.65,51.9,75,3000,18.1,21.9,185.6,272.4,166.1,250.9,60.2,64.8,18,31,15.5,34,15,33,15,31.5,6,6,8,10,E,ENE,NE,NNW,78.6,80,92,88,500,28615
5,Cuddalore,delux ponni,clay,125,62.5,dry,100,5,200,10,135.65,51.9,75,3000,19.6,20.4,187.2,270.8,167,250,61,64,18.5,34,16,30,15.5,31,16,33,4,10,8,10,SW,W,NNW,WSW,72,78,88,85,400,30100
5,Kurinjipadi,delux ponni,alluvial,125,62.5,dry,100,5,200,10,135.65,51.9,75,3000,19.6,20.4,187.2,270.8,167,250,61,64,19.5,34,18.5,35,17,32.5,16,30.5,10,4,10,6,NW,S,SE,SSE,64.6,85,84,87,400,32085
5,Panruti,delux ponni,clay,125,62.5,dry,100,5,200,10,135.65,51.9,75,3000,18.5,21.5,185.2,272.8,165.3,251.7,60,65,20,35,18,30,17.5,33.5,18,33,4,12,4,12,ENE,NE,NNE,W,85,96,84,79,400,31980
5,Kallakurichi,ponmani,alluvial,125,62.5,dry,100,5,200,10,135.65,51.9,75,3000,18.5,21.5,185.2,272.8,165.3,251.7,60,65,19,33,17,32,16.5,31.5,15.5,32.5,8,6,8,6,W,WNW,SE,S,88.5,95,81,84,500,29180
5,Sankarapuram,delux ponni,clay,125,62.5,dry,100,5,200,10,135.65,51.9,75,3000,18.1,21.9,185.6,272.4,166.1,250.9,60.2,64.8,20.5,32,17.5,28,18,34,16.5,35,10,12,10,12,SSE,W,SW,NW,72.7,91,83,81,400,31555
5,Chinnasalem,CO_43,alluvial,125,62.5,wet,100,5,200,10,135.65,51.9,75,3000,18.1,21.9,185.6,272.4,166.1,250.9,60.2,64.8,18,31,15.5,34,15,33,15,31.5,6,6,8,10,E,ENE,NE,NNW,78.6,80,92,88,450,29315
5,Cuddalore,delux ponni,alluvial,125,62.5,wet,100,5,200,10,135.65,51.9,75,3000,19.6,20.4,187.2,270.8,167,250,61,64,18.5,34,16,30,15.5,31,16,33,4,10,8,10,SW,W,NNW,WSW,72,78,88,85,400,30405
5,Kurinjipadi,delux ponni,clay,125,62.5,wet,100,5,200,10,135.65,51.9,75,3000,19.6,20.4,187.2,270.8,167,250,61,64,19.5,34,18.5,35,17,32.5,16,30.5,10,4,10,6,NW,S,SE,SSE,64.6,85,84,87,400,31420
5,Panruti,CO_43,alluvial,125,62.5,wet,100,5,200,10,135.65,51.9,75,3000,18.5,21.5,185.2,272.8,165.3,251.7,60,65,20,35,18,30,17.5,33.5,18,33,4,12,4,12,ENE,NE,NNE,W,85,96,84,79,450,29180
5,Kallakurichi,ponmani,clay,125,62.5,wet,100,5,200,10,135.65,51.9,75,3000,18.5,21.5,185.2,272.8,165.3,251.7,60,65,19,33,17,32,16.5,31.5,15.5,32.5,8,6,8,6,W,WNW,SE,S,88.5,95,81,84,500,28615
5,Sankarapuram,delux ponni,alluvial,125,62.5,wet,100,5,200,10,135.65,51.9,75,3000,18.1,21.9,185.6,272.4,166.1,250.9,60.2,64.8,20.5,32,17.5,28,18,34,16.5,35,10,12,10,12,SSE,W,SW,NW,72.7,91,83,81,400,30965
5,Chinnasalem,CO_43,clay,125,62.5,wet,100,5,200,10,135.65,51.9,75,3000,18.1,21.9,185.6,272.4,166.1,250.9,60.2,64.8,18,31,15.5,34,15,33,15,31.5,6,6,8,10,E,ENE,NE,NNW,78.6,80,92,88,450,29365
5,Cuddalore,ponmani,alluvial,125,62.5,wet,100,5,200,10,135.65,51.9,75,3000,19.6,20.4,187.2,270.8,167,250,61,64,18.5,34,16,30,15.5,31,16,33,4,10,8,10,SW,W,NNW,WSW,72,78,88,85,500,27315
5,Kurinjipadi,delux ponni,clay,125,62.5,wet,100,5,200,10,135.65,51.9,75,3000,19.6,20.4,187.2,270.8,167,250,61,64,19.5,34,18.5,35,17,32.5,16,30.5,10,4,10,6,NW,S,SE,SSE,64.6,85,84,87,400,31140
5,Panruti,CO_43,clay,125,62.5,wet,100,5,200,10,135.65,51.9,75,3000,18.5,21.5,185.2,272.8,165.3,251.7,60,65,20,35,18,30,17.5,33.5,18,33,4,12,4,12,ENE,NE,NNE,W,85,96,84,79,450,27265
5,Kallakurichi,delux ponni,alluvial,125,62.5,wet,100,5,200,10,135.65,51.9,75,3000,18.5,21.5,185.2,272.8,165.3,251.7,60,65,19,33,17,32,16.5,31.5,15.5,32.5,8,6,8,6,W,WNW,SE,S,88.5,95,81,84,400,30250
5,Sankarapuram,ponmani,clay,125,62.5,dry,100,5,200,10,135.65,51.9,75,3000,18.1,21.9,185.6,272.4,166.1,250.9,60.2,64.8,20.5,32,17.5,28,18,34,16.5,35,10,12,10,12,SSE,W,SW,NW,72.7,91,83,81,500,30610
5,Chinnasalem,CO_43,clay,125,62.5,dry,100,5,200,10,135.65,51.9,75,3000,18.1,21.9,185.6,272.4,166.1,250.9,60.2,64.8,18,31,15.5,34,15,33,15,31.5,6,6,8,10,E,ENE,NE,NNW,78.6,80,92,88,450,30575
5,Cuddalore,ponmani,alluvial,125,62.5,dry,100,5,200,10,135.65,51.9,75,3000,19.6,20.4,187.2,270.8,167,250,61,64,18.5,34,16,30,15.5,31,16,33,4,10,8,10,SW,W,NNW,WSW,72,78,88,85,500,30075
5,Kurinjipadi,delux ponni,clay,125,62.5,dry,100,5,200,10,135.65,51.9,75,3000,19.6,20.4,187.2,270.8,167,250,61,64,19.5,34,18.5,35,17,32.5,16,30.5,10,4,10,6,NW,S,SE,SSE,64.6,85,84,87,400,31605
5,Panruti,CO_43,clay,125,62.5,dry,100,5,200,10,135.65,51.9,75,3000,18.5,21.5,185.2,272.8,165.3,251.7,60,65,20,35,18,30,17.5,33.5,18,33,4,12,4,12,ENE,NE,NNE,W,85,96,84,79,450,31065
5,Kallakurichi,ponmani,clay,125,62.5,dry,100,5,200,10,135.65,51.9,75,3000,18.5,21.5,185.2,272.8,165.3,251.7,60,65,19,33,17,32,16.5,31.5,15.5,32.5,8,6,8,6,W,WNW,SE,S,88.5,95,81,84,500,31135
5,Sankarapuram,delux ponni,clay,125,62.5,dry,100,5,200,10,135.65,51.9,75,3000,18.1,21.9,185.6,272.4,166.1,250.9,60.2,64.8,20.5,32,17.5,28,18,34,16.5,35,10,12,10,12,SSE,W,SW,NW,72.7,91,83,81,400,32080
5,Chinnasalem,CO_43,alluvial,125,62.5,dry,100,5,200,10,135.65,51.9,75,3000,18.1,21.9,185.6,272.4,166.1,250.9,60.2,64.8,18,31,15.5,34,15,33,15,31.5,6,6,8,10,E,ENE,NE,NNW,78.6,80,92,88,450,31135
5,Cuddalore,delux ponni,clay,125,62.5,dry,100,5,200,10,135.65,51.9,75,3000,19.6,20.4,187.2,270.8,167,250,61,64,18.5,34,16,30,15.5,31,16,33,4,10,8,10,SW,W,NNW,WSW,72,78,88,85,400,31810
5,Kurinjipadi,ponmani,alluvial,125,62.5,dry,100,5,200,10,135.65,51.9,75,3000,19.6,20.4,187.2,270.8,167,250,61,64,19.5,34,18.5,35,17,32.5,16,30.5,10,4,10,6,NW,S,SE,SSE,64.6,85,84,87,500,30885
5,Panruti,CO_43,clay,125,62.5,wet,100,5,200,10,135.65,51.9,75,3000,18.5,21.5,185.2,272.8,165.3,251.7,60,65,20,35,18,30,17.5,33.5,18,33,4,12,4,12,ENE,NE,NNE,W,85,96,84,79,450,31430
5,Kallakurichi,ponmani,clay,125,62.5,wet,100,5,200,10,135.65,51.9,75,3000,18.5,21.5,185.2,272.8,165.3,251.7,60,65,19,33,17,32,16.5,31.5,15.5,32.5,8,6,8,6,W,WNW,SE,S,88.5,95,81,84,500,30755
5,Sankarapuram,delux ponni,alluvial,125,62.5,wet,100,5,200,10,135.65,51.9,75,3000,18.1,21.9,185.6,272.4,166.1,250.9,60.2,64.8,20.5,32,17.5,28,18,34,16.5,35,10,12,10,12,SSE,W,SW,NW,72.7,91,83,81,400,30945
5,Chinnasalem,CO_43,clay,125,62.5,wet,100,5,200,10,135.65,51.9,75,3000,18.1,21.9,185.6,272.4,166.1,250.9,60.2,64.8,18,31,15.5,34,15,33,15,31.5,6,6,8,10,E,ENE,NE,NNW,78.6,80,92,88,450,31815
5,Cuddalore,ponmani,alluvial,125,62.5,wet,100,5,200,10,135.65,51.9,75,3000,19.6,20.4,187.2,270.8,167,250,61,64,18.5,34,16,30,15.5,31,16,33,4,10,8,10,SW,W,NNW,WSW,72,78,88,85,500,30460
5,Kurinjipadi,delux ponni,alluvial,125,62.5,wet,100,5,200,10,135.65,51.9,75,3000,19.6,20.4,187.2,270.8,167,250,61,64,19.5,34,18.5,35,17,32.5,16,30.5,10,4,10,6,NW,S,SE,SSE,64.6,85,84,87,400,30960
5,Panruti,CO_43,clay,125,62.5,wet,100,5,200,10,135.65,51.9,75,3000,18.5,21.5,185.2,272.8,165.3,251.7,60,65,20,35,18,30,17.5,33.5,18,33,4,12,4,12,ENE,NE,NNE,W,85,96,84,79,450,32020
5,Kallakurichi,delux ponni,alluvial,125,62.5,wet,100,5,200,10,135.65,51.9,75,3000,18.5,21.5,185.2,272.8,165.3,251.7,60,65,19,33,17,32,16.5,31.5,15.5,32.5,8,6,8,6,W,WNW,SE,S,88.5,95,81,84,400,32090
5,Sankarapuram,ponmani,alluvial,125,62.5,wet,100,5,200,10,135.65,51.9,75,3000,18.1,21.9,185.6,272.4,166.1,250.9,60.2,64.8,20.5,32,17.5,28,18,34,16.5,35,10,12,10,12,SSE,W,SW,NW,72.7,91,83,81,500,31780
5,Chinnasalem,ponmani,alluvial,125,62.5,wet,100,5,200,10,135.65,51.9,75,3000,18.1,21.9,185.6,272.4,166.1,250.9,60.2,64.8,18,31,15.5,34,15,33,15,31.5,6,6,8,10,E,ENE,NE,NNW,78.6,80,92,88,500,30795
5,Cuddalore,ponmani,alluvial,125,62.5,wet,100,5,200,10,135.65,51.9,75,3000,19.6,20.4,187.2,270.8,167,250,61,64,18.5,34,16,30,15.5,31,16,33,4,10,8,10,SW,W,NNW,WSW,72,78,88,85,500,31045
5,Kurinjipadi,ponmani,clay,125,62.5,wet,100,5,200,10,135.65,51.9,75,3000,19.6,20.4,187.2,270.8,167,250,61,64,19.5,34,18.5,35,17,32.5,16,30.5,10,4,10,6,NW,S,SE,SSE,64.6,85,84,87,500,30575
5,Panruti,CO_43,alluvial,125,62.5,wet,100,5,200,10,135.65,51.9,75,3000,18.5,21.5,185.2,272.8,165.3,251.7,60,65,20,35,18,30,17.5,33.5,18,33,4,12,4,12,ENE,NE,NNE,W,85,96,84,79,450,32155
5,Kallakurichi,ponmani,clay,125,62.5,wet,100,5,200,10,135.65,51.9,75,3000,18.5,21.5,185.2,272.8,165.3,251.7,60,65,19,33,17,32,16.5,31.5,15.5,32.5,8,6,8,6,W,WNW,SE,S,88.5,95,81,84,500,30355
5,Sankarapuram,ponmani,clay,125,62.5,wet,100,5,200,10,135.65,51.9,75,3000,18.1,21.9,185.6,272.4,166.1,250.9,60.2,64.8,20.5,32,17.5,28,18,34,16.5,35,10,12,10,12,SSE,W,SW,NW,72.7,91,83,81,500,31625
5,Chinnasalem,ponmani,alluvial,125,62.5,wet,100,5,200,10,135.65,51.9,75,3000,18.1,21.9,185.6,272.4,166.1,250.9,60.2,64.8,18,31,15.5,34,15,33,15,31.5,6,6,8,10,E,ENE,NE,NNW,78.6,80,92,88,500,32345
5,Cuddalore,delux ponni,clay,125,62.5,wet,100,5,200,10,135.65,51.9,75,3000,19.6,20.4,187.2,270.8,167,250,61,64,18.5,34,16,30,15.5,31,16,33,4,10,8,10,SW,W,NNW,WSW,72,78,88,85,400,31400
5,Kurinjipadi,delux ponni,clay,125,62.5,wet,100,5,200,10,135.65,51.9,75,3000,19.6,20.4,187.2,270.8,167,250,61,64,19.5,34,18.5,35,17,32.5,16,30.5,10,4,10,6,NW,S,SE,SSE,64.6,85,84,87,400,30540
5,Panruti,delux ponni,clay,125,62.5,wet,100,5,200,10,135.65,51.9,75,3000,18.5,21.5,185.2,272.8,165.3,251.7,60,65,20,35,18,30,17.5,33.5,18,33,4,12,4,12,ENE,NE,NNE,W,85,96,84,79,400,30905
5,Kallakurichi,ponmani,alluvial,125,62.5,wet,100,5,200,10,135.65,51.9,75,3000,18.5,21.5,185.2,272.8,165.3,251.7,60,65,19,33,17,32,16.5,31.5,15.5,32.5,8,6,8,6,W,WNW,SE,S,88.5,95,81,84,500,30805
5,Sankarapuram,delux ponni,alluvial,125,62.5,wet,100,5,200,10,135.65,51.9,75,3000,18.1,21.9,185.6,272.4,166.1,250.9,60.2,64.8,20.5,32,17.5,28,18,34,16.5,35,10,12,10,12,SSE,W,SW,NW,72.7,91,83,81,400,31535
5,Chinnasalem,CO_43,alluvial,125,62.5,wet,100,5,200,10,135.65,51.9,75,3000,18.1,21.9,185.6,272.4,166.1,250.9,60.2,64.8,18,31,15.5,34,15,33,15,31.5,6,6,8,10,E,ENE,NE,NNW,78.6,80,92,88,450,31555
5,Cuddalore,delux ponni,clay,125,62.5,dry,100,5,200,10,135.65,51.9,75,3000,19.6,20.4,187.2,270.8,167,250,61,64,18.5,34,16,30,15.5,31,16,33,4,10,8,10,SW,W,NNW,WSW,72,78,88,85,400,30545
5,Kurinjipadi,delux ponni,alluvial,125,62.5,dry,100,5,200,10,135.65,51.9,75,3000,19.6,20.4,187.2,270.8,167,250,61,64,19.5,34,18.5,35,17,32.5,16,30.5,10,4,10,6,NW,S,SE,SSE,64.6,85,84,87,400,31920
5,Panruti,CO_43,clay,125,62.5,dry,100,5,200,10,135.65,51.9,75,3000,18.5,21.5,185.2,272.8,165.3,251.7,60,65,20,35,18,30,17.5,33.5,18,33,4,12,4,12,ENE,NE,NNE,W,85,96,84,79,450,31035
5,Kallakurichi,ponmani,alluvial,125,62.5,dry,100,5,200,10,135.65,51.9,75,3000,18.5,21.5,185.2,272.8,165.3,251.7,60,65,19,33,17,32,16.5,31.5,15.5,32.5,8,6,8,6,W,WNW,SE,S,88.5,95,81,84,500,30805
5,Sankarapuram,delux ponni,alluvial,125,62.5,dry,100,5,200,10,135.65,51.9,75,3000,18.1,21.9,185.6,272.4,166.1,250.9,60.2,64.8,20.5,32,17.5,28,18,34,16.5,35,10,12,10,12,SSE,W,SW,NW,72.7,91,83,81,400,30285
5,Chinnasalem,CO_43,clay,125,62.5,dry,100,5,200,10,135.65,51.9,75,3000,18.1,21.9,185.6,272.4,166.1,250.9,60.2,64.8,18,31,15.5,34,15,33,15,31.5,6,6,8,10,E,ENE,NE,NNW,78.6,80,92,88,450,32050
5,Cuddalore,ponmani,clay,125,62.5,dry,100,5,200,10,135.65,51.9,75,3000,19.6,20.4,187.2,270.8,167,250,61,64,18.5,34,16,30,15.5,31,16,33,4,10,8,10,SW,W,NNW,WSW,72,78,88,85,500,30855
5,Kurinjipadi,delux ponni,alluvial,125,62.5,dry,100,5,200,10,135.65,51.9,75,3000,19.6,20.4,187.2,270.8,167,250,61,64,19.5,34,18.5,35,17,32.5,16,30.5,10,4,10,6,NW,S,SE,SSE,64.6,85,84,87,400,30250
5,Panruti,CO_43,clay,125,62.5,dry,100,5,200,10,135.65,51.9,75,3000,18.5,21.5,185.2,272.8,165.3,251.7,60,65,20,35,18,30,17.5,33.5,18,33,4,12,4,12,ENE,NE,NNE,W,85,96,84,79,450,30610
5,Kallakurichi,delux ponni,alluvial,125,62.5,dry,100,5,200,10,135.65,51.9,75,3000,18.5,21.5,185.2,272.8,165.3,251.7,60,65,19,33,17,32,16.5,31.5,15.5,32.5,8,6,8,6,W,WNW,SE,S,88.5,95,81,84,400,30075
5,Sankarapuram,ponmani,clay,125,62.5,dry,100,5,200,10,135.65,51.9,75,3000,18.1,21.9,185.6,272.4,166.1,250.9,60.2,64.8,20.5,32,17.5,28,18,34,16.5,35,10,12,10,12,SSE,W,SW,NW,72.7,91,83,81,500,31065
5,Chinnasalem,CO_43,clay,125,62.5,wet,100,5,200,10,135.65,51.9,75,3000,18.1,21.9,185.6,272.4,166.1,250.9,60.2,64.8,18,31,15.5,34,15,33,15,31.5,6,6,8,10,E,ENE,NE,NNW,78.6,80,92,88,450,31135
5,Cuddalore,ponmani,alluvial,125,62.5,wet,100,5,200,10,135.65,51.9,75,3000,19.6,20.4,187.2,270.8,167,250,61,64,18.5,34,16,30,15.5,31,16,33,4,10,8,10,SW,W,NNW,WSW,72,78,88,85,500,31810
5,Kurinjipadi,delux ponni,clay,125,62.5,wet,100,5,200,10,135.65,51.9,75,3000,19.6,20.4,187.2,270.8,167,250,61,64,19.5,34,18.5,35,17,32.5,16,30.5,10,4,10,6,NW,S,SE,SSE,64.6,85,84,87,400,30755
5,Panruti,CO_43,alluvial,125,62.5,wet,100,5,200,10,135.65,51.9,75,3000,18.5,21.5,185.2,272.8,165.3,251.7,60,65,20,35,18,30,17.5,33.5,18,33,4,12,4,12,ENE,NE,NNE,W,85,96,84,79,450,31815
5,Kallakurichi,ponmani,clay,125,62.5,wet,100,5,200,10,135.65,51.9,75,3000,18.5,21.5,185.2,272.8,165.3,251.7,60,65,19,33,17,32,16.5,31.5,15.5,32.5,8,6,8,6,W,WNW,SE,S,88.5,95,81,84,500,32090
5,Sankarapuram,delux ponni,alluvial,125,62.5,wet,100,5,200,10,135.65,51.9,75,3000,18.1,21.9,185.6,272.4,166.1,250.9,60.2,64.8,20.5,32,17.5,28,18,34,16.5,35,10,12,10,12,SSE,W,SW,NW,72.7,91,83,81,400,31045
5,Chinnasalem,CO_43,alluvial,125,62.5,wet,100,5,200,10,135.65,51.9,75,3000,18.1,21.9,185.6,272.4,166.1,250.9,60.2,64.8,18,31,15.5,34,15,33,15,31.5,6,6,8,10,E,ENE,NE,NNW,78.6,80,92,88,450,32155
5,Cuddalore,delux ponni,clay,125,62.5,wet,100,5,200,10,135.65,51.9,75,3000,19.6,20.4,187.2,270.8,167,250,61,64,18.5,34,16,30,15.5,31,16,33,4,10,8,10,SW,W,NNW,WSW,72,78,88,85,400,31400
5,Kurinjipadi,ponmani,alluvial,125,62.5,wet,100,5,200,10,135.65,51.9,75,3000,19.6,20.4,187.2,270.8,167,250,61,64,19.5,34,18.5,35,17,32.5,16,30.5,10,4,10,6,NW,S,SE,SSE,64.6,85,84,87,500,30805
5,Panruti,CO_43,clay,125,62.5,wet,100,5,200,10,135.65,51.9,75,3000,18.5,21.5,185.2,272.8,165.3,251.7,60,65,20,35,18,30,17.5,33.5,18,33,4,12,4,12,ENE,NE,NNE,W,85,96,84,79,450,31555
5,Kallakurichi,ponmani,alluvial,125,62.5,wet,100,5,200,10,135.65,51.9,75,3000,18.5,21.5,185.2,272.8,165.3,251.7,60,65,19,33,17,32,16.5,31.5,15.5,32.5,8,6,8,6,W,WNW,SE,S,88.5,95,81,84,500,30250
5,Sankarapuram,delux ponni,clay,125,62.5,wet,100,5,200,10,135.65,51.9,75,3000,18.1,21.9,185.6,272.4,166.1,250.9,60.2,64.8,20.5,32,17.5,28,18,34,16.5,35,10,12,10,12,SSE,W,SW,NW,72.7,91,83,81,400,30610
5,Chinnasalem,CO_43,alluvial,125,62.5,wet,100,5,200,10,135.65,51.9,75,3000,18.1,21.9,185.6,272.4,166.1,250.9,60.2,64.8,18,31,15.5,34,15,33,15,31.5,6,6,8,10,E,ENE,NE,NNW,78.6,80,92,88,450,30575
5,Cuddalore,ponmani,clay,125,62.5,dry,100,5,200,10,135.65,51.9,75,3000,19.6,20.4,187.2,270.8,167,250,61,64,18.5,34,16,30,15.5,31,16,33,4,10,8,10,SW,W,NNW,WSW,72,78,88,85,500,31605
5,Kurinjipadi,delux ponni,clay,125,62.5,dry,100,5,200,10,135.65,51.9,75,3000,19.6,20.4,187.2,270.8,167,250,61,64,19.5,34,18.5,35,17,32.5,16,30.5,10,4,10,6,NW,S,SE,SSE,64.6,85,84,87,400,31135
5,Panruti,CO_43,clay,125,62.5,dry,100,5,200,10,135.65,51.9,75,3000,18.5,21.5,185.2,272.8,165.3,251.7,60,65,20,35,18,30,17.5,33.5,18,33,4,12,4,12,ENE,NE,NNE,W,85,96,84,79,450,32080
5,Kallakurichi,delux ponni,clay,125,62.5,dry,100,5,200,10,135.65,51.9,75,3000,18.5,21.5,185.2,272.8,165.3,251.7,60,65,19,33,17,32,16.5,31.5,15.5,32.5,8,6,8,6,W,WNW,SE,S,88.5,95,81,84,400,30885
5,Sankarapuram,ponmani,alluvial,125,62.5,dry,100,5,200,10,135.65,51.9,75,3000,18.1,21.9,185.6,272.4,166.1,250.9,60.2,64.8,20.5,32,17.5,28,18,34,16.5,35,10,12,10,12,SSE,W,SW,NW,72.7,91,83,81,500,30945
5,Chinnasalem,ponmani,clay,125,62.5,dry,100,5,200,10,135.65,51.9,75,3000,18.1,21.9,185.6,272.4,166.1,250.9,60.2,64.8,18,31,15.5,34,15,33,15,31.5,6,6,8,10,E,ENE,NE,NNW,78.6,80,92,88,500,30460
5,Cuddalore,ponmani,clay,125,62.5,dry,100,5,200,10,135.65,51.9,75,3000,19.6,20.4,187.2,270.8,167,250,61,64,18.5,34,16,30,15.5,31,16,33,4,10,8,10,SW,W,NNW,WSW,72,78,88,85,500,31780
5,Kurinjipadi,ponmani,alluvial,125,62.5,dry,100,5,200,10,135.65,51.9,75,3000,19.6,20.4,187.2,270.8,167,250,61,64,19.5,34,18.5,35,17,32.5,16,30.5,10,4,10,6,NW,S,SE,SSE,64.6,85,84,87,500,30575
5,Panruti,CO_43,clay,125,62.5,dry,100,5,200,10,135.65,51.9,75,3000,18.5,21.5,185.2,272.8,165.3,251.7,60,65,20,35,18,30,17.5,33.5,18,33,4,12,4,12,ENE,NE,NNE,W,85,96,84,79,450,30355
5,Kallakurichi,ponmani,clay,125,62.5,wet,100,5,200,10,135.65,51.9,75,3000,18.5,21.5,185.2,272.8,165.3,251.7,60,65,19,33,17,32,16.5,31.5,15.5,32.5,8,6,8,6,W,WNW,SE,S,88.5,95,81,84,500,30540
5,Sankarapuram,ponmani,alluvial,125,62.5,wet,100,5,200,10,135.65,51.9,75,3000,18.1,21.9,185.6,272.4,166.1,250.9,60.2,64.8,20.5,32,17.5,28,18,34,16.5,35,10,12,10,12,SSE,W,SW,NW,72.7,91,83,81,500,31535
5,Chinnasalem,ponmani,clay,125,62.5,wet,100,5,200,10,135.65,51.9,75,3000,18.1,21.9,185.6,272.4,166.1,250.9,60.2,64.8,18,31,15.5,34,15,33,15,31.5,6,6,8,10,E,ENE,NE,NNW,78.6,80,92,88,500,30545
5,Cuddalore,delux ponni,clay,125,62.5,wet,100,5,200,10,135.65,51.9,75,3000,19.6,20.4,187.2,270.8,167,250,61,64,18.5,34,16,30,15.5,31,16,33,4,10,8,10,SW,W,NNW,WSW,72,78,88,85,400,31625
5,Kurinjipadi,delux ponni,clay,125,62.5,wet,100,5,200,10,135.65,51.9,75,3000,19.6,20.4,187.2,270.8,167,250,61,64,19.5,34,18.5,35,17,32.5,16,30.5,10,4,10,6,NW,S,SE,SSE,64.6,85,84,87,400,32345
5,Panruti,delux ponni,alluvial,125,62.5,wet,100,5,200,10,135.65,51.9,75,3000,18.5,21.5,185.2,272.8,165.3,251.7,60,65,20,35,18,30,17.5,33.5,18,33,4,12,4,12,ENE,NE,NNE,W,85,96,84,79,400,31400
5,Kallakurichi,ponmani,clay,125,62.5,wet,100,5,200,10,135.65,51.9,75,3000,18.5,21.5,185.2,272.8,165.3,251.7,60,65,19,33,17,32,16.5,31.5,15.5,32.5,8,6,8,6,W,WNW,SE,S,88.5,95,81,84,500,30905
5,Sankarapuram,delux ponni,clay,125,62.5,wet,100,5,200,10,135.65,51.9,75,3000,18.1,21.9,185.6,272.4,166.1,250.9,60.2,64.8,20.5,32,17.5,28,18,34,16.5,35,10,12,10,12,SSE,W,SW,NW,72.7,91,83,81,400,31535
5,Chinnasalem,CO_43,alluvial,125,62.5,wet,100,5,200,10,135.65,51.9,75,3000,18.1,21.9,185.6,272.4,166.1,250.9,60.2,64.8,18,31,15.5,34,15,33,15,31.5,6,6,8,10,E,ENE,NE,NNW,78.6,80,92,88,450,31555
5,Cuddalore,delux ponni,alluvial,125,62.5,wet,100,5,200,10,135.65,51.9,75,3000,19.6,20.4,187.2,270.8,167,250,61,64,18.5,34,16,30,15.5,31,16,33,4,10,8,10,SW,W,NNW,WSW,72,78,88,85,400,31035
5,Kurinjipadi,delux ponni,alluvial,125,62.5,dry,100,5,200,10,135.65,51.9,75,3000,19.6,20.4,187.2,270.8,167,250,61,64,19.5,34,18.5,35,17,32.5,16,30.5,10,4,10,6,NW,S,SE,SSE,64.6,85,84,87,400,32050
5,Panruti,CO_43,alluvial,125,62.5,dry,100,5,200,10,135.65,51.9,75,3000,18.5,21.5,185.2,272.8,165.3,251.7,60,65,20,35,18,30,17.5,33.5,18,33,4,12,4,12,ENE,NE,NNE,W,85,96,84,79,450,30250
5,Kallakurichi,ponmani,alluvial,125,62.5,dry,100,5,200,10,135.65,51.9,75,3000,18.5,21.5,185.2,272.8,165.3,251.7,60,65,19,33,17,32,16.5,31.5,15.5,32.5,8,6,8,6,W,WNW,SE,S,88.5,95,81,84,500,31135
5,Sankarapuram,delux ponni,alluvial,125,62.5,dry,100,5,200,10,135.65,51.9,75,3000,18.1,21.9,185.6,272.4,166.1,250.9,60.2,64.8,20.5,32,17.5,28,18,34,16.5,35,10,12,10,12,SSE,W,SW,NW,72.7,91,83,81,400,31815
5,Chinnasalem,CO_43,alluvial,125,62.5,dry,100,5,200,10,135.65,51.9,75,3000,18.1,21.9,185.6,272.4,166.1,250.9,60.2,64.8,18,31,15.5,34,15,33,15,31.5,6,6,8,10,E,ENE,NE,NNW,78.6,80,92,88,450,31045
5,Cuddalore,ponmani,clay,125,62.5,dry,100,5,200,10,135.65,51.9,75,3000,19.6,20.4,187.2,270.8,167,250,61,64,18.5,34,16,30,15.5,31,16,33,4,10,8,10,SW,W,NNW,WSW,72,78,88,85,500,31555
5,Kurinjipadi,delux ponni,clay,125,62.5,dry,100,5,200,10,135.65,51.9,75,3000,19.6,20.4,187.2,270.8,167,250,61,64,19.5,34,18.5,35,17,32.5,16,30.5,10,4,10,6,NW,S,SE,SSE,64.6,85,84,87,400,30575
5,Panruti,CO_43,clay,125,62.5,dry,100,5,200,10,135.65,51.9,75,3000,18.5,21.5,185.2,272.8,165.3,251.7,60,65,20,35,18,30,17.5,33.5,18,33,4,12,4,12,ENE,NE,NNE,W,85,96,84,79,450,31135
5,Kallakurichi,delux ponni,clay,125,62.5,dry,100,5,200,10,135.65,51.9,75,3000,18.5,21.5,185.2,272.8,165.3,251.7,60,65,19,33,17,32,16.5,31.5,15.5,32.5,8,6,8,6,W,WNW,SE,S,88.5,95,81,84,400,31625
5,Sankarapuram,ponmani,clay,125,62.5,dry,100,5,200,10,135.65,51.9,75,3000,18.1,21.9,185.6,272.4,166.1,250.9,60.2,64.8,20.5,32,17.5,28,18,34,16.5,35,10,12,10,12,SSE,W,SW,NW,72.7,91,83,81,500,32345
5,Chinnasalem,CO_43,clay,125,62.5,dry,100,5,200,10,135.65,51.9,75,3000,18.1,21.9,185.6,272.4,166.1,250.9,60.2,64.8,18,31,15.5,34,15,33,15,31.5,6,6,8,10,E,ENE,NE,NNW,78.6,80,92,88,450,31400
5,Cuddalore,ponmani,clay,125,62.5,wet,100,5,200,10,135.65,51.9,75,3000,19.6,20.4,187.2,270.8,167,250,61,64,18.5,34,16,30,15.5,31,16,33,4,10,8,10,SW,W,NNW,WSW,72,78,88,85,500,30905
5,Kurinjipadi,delux ponni,clay,125,62.5,wet,100,5,200,10,135.65,51.9,75,3000,19.6,20.4,187.2,270.8,167,250,61,64,19.5,34,18.5,35,17,32.5,16,30.5,10,4,10,6,NW,S,SE,SSE,64.6,85,84,87,400,31535
5,Panruti,CO_43,alluvial,125,62.5,wet,100,5,200,10,135.65,51.9,75,3000,18.5,21.5,185.2,272.8,165.3,251.7,60,65,20,35,18,30,17.5,33.5,18,33,4,12,4,12,ENE,NE,NNE,W,85,96,84,79,450,31555
5,Kallakurichi,ponmani,alluvial,125,62.5,wet,100,5,200,10,135.65,51.9,75,3000,18.5,21.5,185.2,272.8,165.3,251.7,60,65,19,33,17,32,16.5,31.5,15.5,32.5,8,6,8,6,W,WNW,SE,S,88.5,95,81,84,500,31035
5,Sankarapuram,delux ponni,alluvial,125,62.5,wet,100,5,200,10,135.65,51.9,75,3000,18.1,21.9,185.6,272.4,166.1,250.9,60.2,64.8,20.5,32,17.5,28,18,34,16.5,35,10,12,10,12,SSE,W,SW,NW,72.7,91,83,81,400,32050
5,Chinnasalem,CO_43,alluvial,125,62.5,wet,100,5,200,10,135.65,51.9,75,3000,18.1,21.9,185.6,272.4,166.1,250.9,60.2,64.8,18,31,15.5,34,15,33,15,31.5,6,6,8,10,E,ENE,NE,NNW,78.6,80,92,88,450,30250
5,Cuddalore,delux ponni,alluvial,125,62.5,wet,100,5,200,10,135.65,51.9,75,3000,19.6,20.4,187.2,270.8,167,250,61,64,18.5,34,16,30,15.5,31,16,33,4,10,8,10,SW,W,NNW,WSW,72,78,88,85,400,31135
5,Kurinjipadi,ponmani,alluvial,125,62.5,wet,100,5,200,10,135.65,51.9,75,3000,19.6,20.4,187.2,270.8,167,250,61,64,19.5,34,18.5,35,17,32.5,16,30.5,10,4,10,6,NW,S,SE,SSE,64.6,85,84,87,500,31815
5,Panruti,CO_43,alluvial,125,62.5,wet,100,5,200,10,135.65,51.9,75,3000,18.5,21.5,185.2,272.8,165.3,251.7,60,65,20,35,18,30,17.5,33.5,18,33,4,12,4,12,ENE,NE,NNE,W,85,96,84,79,450,31045
5,Kallakurichi,ponmani,alluvial,125,62.5,wet,100,5,200,10,135.65,51.9,75,3000,18.5,21.5,185.2,272.8,165.3,251.7,60,65,19,33,17,32,16.5,31.5,15.5,32.5,8,6,8,6,W,WNW,SE,S,88.5,95,81,84,500,31555
5,Sankarapuram,delux ponni,clay,125,62.5,wet,100,5,200,10,135.65,51.9,75,3000,18.1,21.9,185.6,272.4,166.1,250.9,60.2,64.8,20.5,32,17.5,28,18,34,16.5,35,10,12,10,12,SSE,W,SW,NW,72.7,91,83,81,400,30575
5,Chinnasalem,CO_43,clay,125,62.5,wet,100,5,200,10,135.65,51.9,75,3000,18.1,21.9,185.6,272.4,166.1,250.9,60.2,64.8,18,31,15.5,34,15,33,15,31.5,6,6,8,10,E,ENE,NE,NNW,78.6,80,92,88,450,31135
5,Cuddalore,ponmani,clay,125,62.5,dry,100,5,200,10,135.65,51.9,75,3000,19.6,20.4,187.2,270.8,167,250,61,64,18.5,34,16,30,15.5,31,16,33,4,10,8,10,SW,W,NNW,WSW,72,78,88,85,500,31625
5,Kurinjipadi,delux ponni,clay,125,62.5,dry,100,5,200,10,135.65,51.9,75,3000,19.6,20.4,187.2,270.8,167,250,61,64,19.5,34,18.5,35,17,32.5,16,30.5,10,4,10,6,NW,S,SE,SSE,64.6,85,84,87,400,32345
5,Panruti,CO_43,clay,125,62.5,dry,100,5,200,10,135.65,51.9,75,3000,18.5,21.5,185.2,272.8,165.3,251.7,60,65,20,35,18,30,17.5,33.5,18,33,4,12,4,12,ENE,NE,NNE,W,85,96,84,79,450,31400
5,Kallakurichi,delux ponni,clay,125,62.5,dry,100,5,200,10,135.65,51.9,75,3000,18.5,21.5,185.2,272.8,165.3,251.7,60,65,19,33,17,32,16.5,31.5,15.5,32.5,8,6,8,6,W,WNW,SE,S,88.5,95,81,84,400,30905
5,Sankarapuram,ponmani,clay,125,62.5,dry,100,5,200,10,135.65,51.9,75,3000,18.1,21.9,185.6,272.4,166.1,250.9,60.2,64.8,20.5,32,17.5,28,18,34,16.5,35,10,12,10,12,SSE,W,SW,NW,72.7,91,83,81,500,31535
5,Chinnasalem,ponmani,alluvial,125,62.5,dry,100,5,200,10,135.65,51.9,75,3000,18.1,21.9,185.6,272.4,166.1,250.9,60.2,64.8,18,31,15.5,34,15,33,15,31.5,6,6,8,10,E,ENE,NE,NNW,78.6,80,92,88,500,31555
5,Cuddalore,ponmani,clay,125,62.5,dry,100,5,200,10,135.65,51.9,75,3000,19.6,20.4,187.2,270.8,167,250,61,64,18.5,34,16,30,15.5,31,16,33,4,10,8,10,SW,W,NNW,WSW,72,78,88,85,500,31035
5,Kurinjipadi,ponmani,alluvial,125,62.5,dry,100,5,200,10,135.65,51.9,75,3000,19.6,20.4,187.2,270.8,167,250,61,64,19.5,34,18.5,35,17,32.5,16,30.5,10,4,10,6,NW,S,SE,SSE,64.6,85,84,87,500,32050
5,Panruti,CO_43,clay,125,62.5,dry,100,5,200,10,135.65,51.9,75,3000,18.5,21.5,185.2,272.8,165.3,251.7,60,65,20,35,18,30,17.5,33.5,18,33,4,12,4,12,ENE,NE,NNE,W,85,96,84,79,450,30250
5,Kallakurichi,ponmani,alluvial,125,62.5,dry,100,5,200,10,135.65,51.9,75,3000,18.5,21.5,185.2,272.8,165.3,251.7,60,65,19,33,17,32,16.5,31.5,15.5,32.5,8,6,8,6,W,WNW,SE,S,88.5,95,81,84,500,31135
5,Sankarapuram,ponmani,alluvial,125,62.5,wet,100,5,200,10,135.65,51.9,75,3000,18.1,21.9,185.6,272.4,166.1,250.9,60.2,64.8,20.5,32,17.5,28,18,34,16.5,35,10,12,10,12,SSE,W,SW,NW,72.7,91,83,81,500,31815
5,Chinnasalem,ponmani,clay,125,62.5,wet,100,5,200,10,135.65,51.9,75,3000,18.1,21.9,185.6,272.4,166.1,250.9,60.2,64.8,18,31,15.5,34,15,33,15,31.5,6,6,8,10,E,ENE,NE,NNW,78.6,80,92,88,500,31045
5,Cuddalore,delux ponni,alluvial,125,62.5,wet,100,5,200,10,135.65,51.9,75,3000,19.6,20.4,187.2,270.8,167,250,61,64,18.5,34,16,30,15.5,31,16,33,4,10,8,10,SW,W,NNW,WSW,72,78,88,85,400,31555
5,Kurinjipadi,delux ponni,clay,125,62.5,wet,100,5,200,10,135.65,51.9,75,3000,19.6,20.4,187.2,270.8,167,250,61,64,19.5,34,18.5,35,17,32.5,16,30.5,10,4,10,6,NW,S,SE,SSE,64.6,85,84,87,400,30575
5,Panruti,delux ponni,alluvial,125,62.5,wet,100,5,200,10,135.65,51.9,75,3000,18.5,21.5,185.2,272.8,165.3,251.7,60,65,20,35,18,30,17.5,33.5,18,33,4,12,4,12,ENE,NE,NNE,W,85,96,84,79,400,31135
5,Kallakurichi,ponmani,clay,125,62.5,wet,100,5,200,10,135.65,51.9,75,3000,18.5,21.5,185.2,272.8,165.3,251.7,60,65,19,33,17,32,16.5,31.5,15.5,32.5,8,6,8,6,W,WNW,SE,S,88.5,95,81,84,500,31625
5,Sankarapuram,delux ponni,alluvial,125,62.5,wet,100,5,200,10,135.65,51.9,75,3000,18.1,21.9,185.6,272.4,166.1,250.9,60.2,64.8,20.5,32,17.5,28,18,34,16.5,35,10,12,10,12,SSE,W,SW,NW,72.7,91,83,81,400,32345
5,Chinnasalem,CO_43,clay,125,62.5,wet,100,5,200,10,135.65,51.9,75,3000,18.1,21.9,185.6,272.4,166.1,250.9,60.2,64.8,18,31,15.5,34,15,33,15,31.5,6,6,8,10,E,ENE,NE,NNW,78.6,80,92,88,450,31400
5,Cuddalore,delux ponni,clay,125,62.5,wet,100,5,200,10,135.65,51.9,75,3000,19.6,20.4,187.2,270.8,167,250,61,64,18.5,34,16,30,15.5,31,16,33,4,10,8,10,SW,W,NNW,WSW,72,78,88,85,400,30905
5,Kurinjipadi,delux ponni,alluvial,125,62.5,wet,100,5,200,10,135.65,51.9,75,3000,19.6,20.4,187.2,270.8,167,250,61,64,19.5,34,18.5,35,17,32.5,16,30.5,10,4,10,6,NW,S,SE,SSE,64.6,85,84,87,400,31535
5,Panruti,CO_43,clay,125,62.5,wet,100,5,200,10,135.65,51.9,75,3000,18.5,21.5,185.2,272.8,165.3,251.7,60,65,20,35,18,30,17.5,33.5,18,33,4,12,4,12,ENE,NE,NNE,W,85,96,84,79,450,31555
5,Kallakurichi,ponmani,clay,125,62.5,wet,100,5,200,10,135.65,51.9,75,3000,18.5,21.5,185.2,272.8,165.3,251.7,60,65,19,33,17,32,16.5,31.5,15.5,32.5,8,6,8,6,W,WNW,SE,S,88.5,95,81,84,500,31035
5,Sankarapuram,delux ponni,alluvial,125,62.5,wet,100,5,200,10,135.65,51.9,75,3000,18.1,21.9,185.6,272.4,166.1,250.9,60.2,64.8,20.5,32,17.5,28,18,34,16.5,35,10,12,10,12,SSE,W,SW,NW,72.7,91,83,81,400,32050
5,Chinnasalem,CO_43,clay,125,62.5,wet,100,5,200,10,135.65,51.9,75,3000,18.1,21.9,185.6,272.4,166.1,250.9,60.2,64.8,18,31,15.5,34,15,33,15,31.5,6,6,8,10,E,ENE,NE,NNW,78.6,80,92,88,450,30250
5,Chinnasalem,ponmani,clay,125,62.5,wet,100,5,200,10,135.65,51.9,75,3000,18.1,21.9,185.6,272.4,166.1,250.9,60.2,64.8,18,31,15.5,34,15,33,15,31.5,6,6,8,10,E,ENE,NE,NNW,78.6,80,92,88,500,31135
5,Chinnasalem,delux ponni,clay,125,62.5,wet,100,5,200,10,135.65,51.9,75,3000,18.1,21.9,185.6,272.4,166.1,250.9,60.2,64.8,18,31,15.5,34,15,33,15,31.5,6,6,8,10,E,ENE,NE,NNW,78.6,80,92,88,400,31815
5,Chinnasalem,CO_43,clay,125,62.5,wet,100,5,200,10,135.65,51.9,75,3000,18.1,21.9,185.6,272.4,166.1,250.9,60.2,64.8,18,31,15.5,34,15,33,15,31.5,6,6,8,10,E,ENE,NE,NNW,78.6,80,92,88,450,31045
5,Chinnasalem,delux ponni,alluvial,125,62.5,wet,100,5,200,10,135.65,51.9,75,3000,18.1,21.9,185.6,272.4,166.1,250.9,60.2,64.8,18,31,15.5,34,15,33,15,31.5,6,6,8,10,E,ENE,NE,NNW,78.6,80,92,88,400,31555
5,Kallakurichi,ponmani,clay,125,62.5,wet,100,5,200,10,135.65,51.9,75,3000,18.5,21.5,185.2,272.8,165.3,251.7,60,65,19,33,17,32,16.5,31.5,15.5,32.5,8,6,8,6,W,WNW,SE,S,88.5,95,81,84,500,30575
5,Kallakurichi,CO_43,alluvial,125,62.5,wet,100,5,200,10,135.65,51.9,75,3000,18.5,21.5,185.2,272.8,165.3,251.7,60,65,19,33,17,32,16.5,31.5,15.5,32.5,8,6,8,6,W,WNW,SE,S,88.5,95,81,84,450,31135
5,Kallakurichi,ponmani,clay,125,62.5,wet,100,5,200,10,135.65,51.9,75,3000,18.5,21.5,185.2,272.8,165.3,251.7,60,65,19,33,17,32,16.5,31.5,15.5,32.5,8,6,8,6,W,WNW,SE,S,88.5,95,81,84,500,31625
5,Kallakurichi,delux ponni,clay,125,62.5,wet,100,5,200,10,135.65,51.9,75,3000,18.5,21.5,185.2,272.8,165.3,251.7,60,65,19,33,17,32,16.5,31.5,15.5,32.5,8,6,8,6,W,WNW,SE,S,88.5,95,81,84,400,32345
5,Panruti,CO_43,alluvial,125,62.5,wet,100,5,200,10,135.65,51.9,75,3000,18.5,21.5,185.2,272.8,165.3,251.7,60,65,20,35,18,30,17.5,33.5,18,33,4,12,4,12,ENE,NE,NNE,W,85,96,84,79,450,31400
5,Panruti,ponmani,clay,125,62.5,wet,100,5,200,10,135.65,51.9,75,3000,18.5,21.5,185.2,272.8,165.3,251.7,60,65,20,35,18,30,17.5,33.5,18,33,4,12,4,12,ENE,NE,NNE,W,85,96,84,79,500,30905
5,Panruti,delux ponni,alluvial,125,62.5,wet,100,5,200,10,135.65,51.9,75,3000,18.5,21.5,185.2,272.8,165.3,251.7,60,65,20,35,18,30,17.5,33.5,18,33,4,12,4,12,ENE,NE,NNE,W,85,96,84,79,400,31535
5,Panruti,CO_43,alluvial,125,62.5,wet,100,5,200,10,135.65,51.9,75,3000,18.5,21.5,185.2,272.8,165.3,251.7,60,65,20,35,18,30,17.5,33.5,18,33,4,12,4,12,ENE,NE,NNE,W,85,96,84,79,450,31555
5,Panruti,delux ponni,clay,125,62.5,wet,100,5,200,10,135.65,51.9,75,3000,18.5,21.5,185.2,272.8,165.3,251.7,60,65,20,35,18,30,17.5,33.5,18,33,4,12,4,12,ENE,NE,NNE,W,85,96,84,79,400,31035
5,Cuddalore,ponmani,alluvial,125,62.5,wet,100,5,200,10,135.65,51.9,75,3000,19.6,20.4,187.2,270.8,167,250,61,64,18.5,34,16,30,15.5,31,16,33,4,10,8,10,SW,W,NNW,WSW,72,78,88,85,500,32050
5,Cuddalore,CO_43,alluvial,125,62.5,wet,100,5,200,10,135.65,51.9,75,3000,19.6,20.4,187.2,270.8,167,250,61,64,18.5,34,16,30,15.5,31,16,33,4,10,8,10,SW,W,NNW,WSW,72,78,88,85,450,30250
5,Cuddalore,ponmani,alluvial,125,62.5,wet,100,5,200,10,135.65,51.9,75,3000,19.6,20.4,187.2,270.8,167,250,61,64,18.5,34,16,30,15.5,31,16,33,4,10,8,10,SW,W,NNW,WSW,72,78,88,85,500,31135
5,Cuddalore,delux ponni,alluvial,125,62.5,wet,100,5,200,10,135.65,51.9,75,3000,19.6,20.4,187.2,270.8,167,250,61,64,18.5,34,16,30,15.5,31,16,33,4,10,8,10,SW,W,NNW,WSW,72,78,88,85,400,31815
5,Cuddalore,CO_43,clay,125,62.5,wet,100,5,200,10,135.65,51.9,75,3000,19.6,20.4,187.2,270.8,167,250,61,64,18.5,34,16,30,15.5,31,16,33,4,10,8,10,SW,W,NNW,WSW,72,78,88,85,450,31045
5,Cuddalore,ponmani,alluvial,125,62.5,wet,100,5,200,10,135.65,51.9,75,3000,19.6,20.4,187.2,270.8,167,250,61,64,18.5,34,16,30,15.5,31,16,33,4,10,8,10,SW,W,NNW,WSW,72,78,88,85,500,31555
5,Cuddalore,delux ponni,clay,125,62.5,wet,100,5,200,10,135.65,51.9,75,3000,19.6,20.4,187.2,270.8,167,250,61,64,18.5,34,16,30,15.5,31,16,33,4,10,8,10,SW,W,NNW,WSW,72,78,88,85,400,30575
5,Kurinjipadi,CO_43,clay,125,62.5,wet,100,5,200,10,135.65,51.9,75,3000,19.6,20.4,187.2,270.8,167,250,61,64,19.5,34,18.5,35,17,32.5,16,30.5,10,4,10,6,NW,S,SE,SSE,64.6,85,84,87,450,31135
5,Kurinjipadi,delux ponni,alluvial,125,62.5,wet,100,5,200,10,135.65,51.9,75,3000,19.6,20.4,187.2,270.8,167,250,61,64,19.5,34,18.5,35,17,32.5,16,30.5,10,4,10,6,NW,S,SE,SSE,64.6,85,84,87,400,30100
5,Kurinjipadi,ponmani,clay,125,62.5,dry,100,5,200,10,135.65,51.9,75,3000,19.6,20.4,187.2,270.8,167,250,61,64,19.5,34,18.5,35,17,32.5,16,30.5,10,4,10,6,NW,S,SE,SSE,64.6,85,84,87,500,32085
5,Kurinjipadi,ponmani,clay,125,62.5,dry,100,5,200,10,135.65,51.9,75,3000,19.6,20.4,187.2,270.8,167,250,61,64,19.5,34,18.5,35,17,32.5,16,30.5,10,4,10,6,NW,S,SE,SSE,64.6,85,84,87,500,31980
5,Kurinjipadi,ponmani,clay,125,62.5,dry,100,5,200,10,135.65,51.9,75,3000,19.6,20.4,187.2,270.8,167,250,61,64,19.5,34,18.5,35,17,32.5,16,30.5,10,4,10,6,NW,S,SE,SSE,64.6,85,84,87,500,31555
5,Kurinjipadi,ponmani,alluvial,125,62.5,dry,100,5,200,10,135.65,51.9,75,3000,19.6,20.4,187.2,270.8,167,250,61,64,19.5,34,18.5,35,17,32.5,16,30.5,10,4,10,6,NW,S,SE,SSE,64.6,85,84,87,500,30405
5,Kurinjipadi,CO_43,alluvial,125,62.5,dry,100,5,200,10,135.65,51.9,75,3000,19.6,20.4,187.2,270.8,167,250,61,64,19.5,34,18.5,35,17,32.5,16,30.5,10,4,10,6,NW,S,SE,SSE,64.6,85,84,87,450,31420
5,Kurinjipadi,ponmani,alluvial,125,62.5,dry,100,5,200,10,135.65,51.9,75,3000,19.6,20.4,187.2,270.8,167,250,61,64,19.5,34,18.5,35,17,32.5,16,30.5,10,4,10,6,NW,S,SE,SSE,64.6,85,84,87,500,30965
5,Kurinjipadi,ponmani,clay,125,62.5,dry,100,5,200,10,135.65,51.9,75,3000,19.6,20.4,187.2,270.8,167,250,61,64,19.5,34,18.5,35,17,32.5,16,30.5,10,4,10,6,NW,S,SE,SSE,64.6,85,84,87,500,31140
5,Kurinjipadi,ponmani,alluvial,125,62.5,dry,100,5,200,10,135.65,51.9,75,3000,19.6,20.4,187.2,270.8,167,250,61,64,19.5,34,18.5,35,17,32.5,16,30.5,10,4,10,6,NW,S,SE,SSE,64.6,85,84,87,500,28615
5,Sankarapuram,delux ponni,clay,125,62.5,dry,100,5,200,10,135.65,51.9,75,3000,18.1,21.9,185.6,272.4,166.1,250.9,60.2,64.8,20.5,32,17.5,28,18,34,16.5,35,10,12,10,12,SSE,W,SW,NW,72.7,91,83,81,400,30250
5,Sankarapuram,delux ponni,alluvial,125,62.5,dry,100,5,200,10,135.65,51.9,75,3000,18.1,21.9,185.6,272.4,166.1,250.9,60.2,64.8,20.5,32,17.5,28,18,34,16.5,35,10,12,10,12,SSE,W,SW,NW,72.7,91,83,81,400,30610
5,Sankarapuram,delux ponni,alluvial,125,62.5,dry,100,5,200,10,135.65,51.9,75,3000,18.1,21.9,185.6,272.4,166.1,250.9,60.2,64.8,20.5,32,17.5,28,18,34,16.5,35,10,12,10,12,SSE,W,SW,NW,72.7,91,83,81,400,30575
5,Sankarapuram,ponmani,clay,125,62.5,wet,100,5,200,10,135.65,51.9,75,3000,18.1,21.9,185.6,272.4,166.1,250.9,60.2,64.8,20.5,32,17.5,28,18,34,16.5,35,10,12,10,12,SSE,W,SW,NW,72.7,91,83,81,500,30075
5,Sankarapuram,delux ponni,clay,125,62.5,wet,100,5,200,10,135.65,51.9,75,3000,18.1,21.9,185.6,272.4,166.1,250.9,60.2,64.8,20.5,32,17.5,28,18,34,16.5,35,10,12,10,12,SSE,W,SW,NW,72.7,91,83,81,400,31605
5,Sankarapuram,CO_43,alluvial,125,62.5,wet,100,5,200,10,135.65,51.9,75,3000,18.1,21.9,185.6,272.4,166.1,250.9,60.2,64.8,20.5,32,17.5,28,18,34,16.5,35,10,12,10,12,SSE,W,SW,NW,72.7,91,83,81,450,31065
5,Sankarapuram,delux ponni,clay,125,62.5,wet,100,5,200,10,135.65,51.9,75,3000,18.1,21.9,185.6,272.4,166.1,250.9,60.2,64.8,20.5,32,17.5,28,18,34,16.5,35,10,12,10,12,SSE,W,SW,NW,72.7,91,83,81,400,31135
5,Sankarapuram,delux ponni,alluvial,125,62.5,wet,100,5,200,10,135.65,51.9,75,3000,18.1,21.9,185.6,272.4,166.1,250.9,60.2,64.8,20.5,32,17.5,28,18,34,16.5,35,10,12,10,12,SSE,W,SW,NW,72.7,91,83,81,400,32080
5,Sankarapuram,CO_43,clay,125,62.5,wet,100,5,200,10,135.65,51.9,75,3000,18.1,21.9,185.6,272.4,166.1,250.9,60.2,64.8,20.5,32,17.5,28,18,34,16.5,35,10,12,10,12,SSE,W,SW,NW,72.7,91,83,81,450,31135
5,Sankarapuram,ponmani,clay,125,62.5,wet,100,5,200,10,135.65,51.9,75,3000,18.1,21.9,185.6,272.4,166.1,250.9,60.2,64.8,20.5,32,17.5,28,18,34,16.5,35,10,12,10,12,SSE,W,SW,NW,72.7,91,83,81,500,31810
5,Sankarapuram,delux ponni,alluvial,125,62.5,wet,100,5,200,10,135.65,51.9,75,3000,18.1,21.9,185.6,272.4,166.1,250.9,60.2,64.8,20.5,32,17.5,28,18,34,16.5,35,10,12,10,12,SSE,W,SW,NW,72.7,91,83,81,400,30885
5,Sankarapuram,CO_43,clay,125,62.5,wet,100,5,200,10,135.65,51.9,75,3000,18.1,21.9,185.6,272.4,166.1,250.9,60.2,64.8,20.5,32,17.5,28,18,34,16.5,35,10,12,10,12,SSE,W,SW,NW,72.7,91,83,81,450,31430
5,Sankarapuram,ponmani,alluvial,125,62.5,wet,100,5,200,10,135.65,51.9,75,3000,18.1,21.9,185.6,272.4,166.1,250.9,60.2,64.8,20.5,32,17.5,28,18,34,16.5,35,10,12,10,12,SSE,W,SW,NW,72.7,91,83,81,500,30755
5,Sankarapuram,delux ponni,clay,125,62.5,wet,100,5,200,10,135.65,51.9,75,3000,18.1,21.9,185.6,272.4,166.1,250.9,60.2,64.8,20.5,32,17.5,28,18,34,16.5,35,10,12,10,12,SSE,W,SW,NW,72.7,91,83,81,400,30945
5,Sankarapuram,CO_43,alluvial,125,62.5,wet,100,5,200,10,135.65,51.9,75,3000,18.1,21.9,185.6,272.4,166.1,250.9,60.2,64.8,20.5,32,17.5,28,18,34,16.5,35,10,12,10,12,SSE,W,SW,NW,72.7,91,83,81,450,31815
5,Sankarapuram,delux ponni,alluvial,125,62.5,wet,100,5,200,10,135.65,51.9,75,3000,18.1,21.9,185.6,272.4,166.1,250.9,60.2,64.8,20.5,32,17.5,28,18,34,16.5,35,10,12,10,12,SSE,W,SW,NW,72.7,91,83,81,400,30460
5,Sankarapuram,ponmani,clay,125,62.5,wet,100,5,200,10,135.65,51.9,75,3000,18.1,21.9,185.6,272.4,166.1,250.9,60.2,64.8,20.5,32,17.5,28,18,34,16.5,35,10,12,10,12,SSE,W,SW,NW,72.7,91,83,81,500,30960
5,Sankarapuram,CO_43,alluvial,125,62.5,wet,100,5,200,10,135.65,51.9,75,3000,18.1,21.9,185.6,272.4,166.1,250.9,60.2,64.8,20.5,32,17.5,28,18,34,16.5,35,10,12,10,12,SSE,W,SW,NW,72.7,91,83,81,450,32020
5,Sankarapuram,ponmani,clay,125,62.5,wet,100,5,200,10,135.65,51.9,75,3000,18.1,21.9,185.6,272.4,166.1,250.9,60.2,64.8,20.5,32,17.5,28,18,34,16.5,35,10,12,10,12,SSE,W,SW,NW,72.7,91,83,81,500,32090
5,Sankarapuram,delux ponni,alluvial,125,62.5,wet,100,5,200,10,135.65,51.9,75,3000,18.1,21.9,185.6,272.4,166.1,250.9,60.2,64.8,20.5,32,17.5,28,18,34,16.5,35,10,12,10,12,SSE,W,SW,NW,72.7,91,83,81,400,31780
5,Cuddalore,CO_43,clay,125,62.5,wet,100,5,200,10,135.65,51.9,75,3000,19.6,20.4,187.2,270.8,167,250,61,64,18.5,34,16,30,15.5,31,16,33,4,10,8,10,SW,W,NNW,WSW,72,78,88,85,450,30795
5,Kurinjipadi,ponmani,alluvial,125,62.5,wet,100,5,200,10,135.65,51.9,75,3000,19.6,20.4,187.2,270.8,167,250,61,64,19.5,34,18.5,35,17,32.5,16,30.5,10,4,10,6,NW,S,SE,SSE,64.6,85,84,87,500,31045
5,Panruti,delux ponni,clay,125,62.5,wet,100,5,200,10,135.65,51.9,75,3000,18.5,21.5,185.2,272.8,165.3,251.7,60,65,20,35,18,30,17.5,33.5,18,33,4,12,4,12,ENE,NE,NNE,W,85,96,84,79,400,30575
5,Kallakurichi,CO_43,clay,125,62.5,wet,100,5,200,10,135.65,51.9,75,3000,18.5,21.5,185.2,272.8,165.3,251.7,60,65,19,33,17,32,16.5,31.5,15.5,32.5,8,6,8,6,W,WNW,SE,S,88.5,95,81,84,450,32155
5,Sankarapuram,delux ponni,clay,125,62.5,wet,100,5,200,10,135.65,51.9,75,3000,18.1,21.9,185.6,272.4,166.1,250.9,60.2,64.8,20.5,32,17.5,28,18,34,16.5,35,10,12,10,12,SSE,W,SW,NW,72.7,91,83,81,400,30355
5,Chinnasalem,ponmani,clay,125,62.5,wet,100,5,200,10,135.65,51.9,75,3000,18.1,21.9,185.6,272.4,166.1,250.9,60.2,64.8,18,31,15.5,34,15,33,15,31.5,6,6,8,10,E,ENE,NE,NNW,78.6,80,92,88,500,31625
5,Cuddalore,CO_43,alluvial,125,62.5,wet,100,5,200,10,135.65,51.9,75,3000,19.6,20.4,187.2,270.8,167,250,61,64,18.5,34,16,30,15.5,31,16,33,4,10,8,10,SW,W,NNW,WSW,72,78,88,85,450,32345
5,Kurinjipadi,ponmani,clay,125,62.5,wet,100,5,200,10,135.65,51.9,75,3000,19.6,20.4,187.2,270.8,167,250,61,64,19.5,34,18.5,35,17,32.5,16,30.5,10,4,10,6,NW,S,SE,SSE,64.6,85,84,87,500,31400
5,Panruti,delux ponni,clay,125,62.5,wet,100,5,200,10,135.65,51.9,75,3000,18.5,21.5,185.2,272.8,165.3,251.7,60,65,20,35,18,30,17.5,33.5,18,33,4,12,4,12,ENE,NE,NNE,W,85,96,84,79,400,30540
5,Kallakurichi,CO_43,alluvial,125,62.5,wet,100,5,200,10,135.65,51.9,75,3000,18.5,21.5,185.2,272.8,165.3,251.7,60,65,19,33,17,32,16.5,31.5,15.5,32.5,8,6,8,6,W,WNW,SE,S,88.5,95,81,84,450,30905
5,Sankarapuram,ponmani,clay,125,62.5,wet,100,5,200,10,135.65,51.9,75,3000,18.1,21.9,185.6,272.4,166.1,250.9,60.2,64.8,20.5,32,17.5,28,18,34,16.5,35,10,12,10,12,SSE,W,SW,NW,72.7,91,83,81,500,30805
5,Chinnasalem,delux ponni,clay,125,62.5,wet,100,5,200,10,135.65,51.9,75,3000,18.1,21.9,185.6,272.4,166.1,250.9,60.2,64.8,18,31,15.5,34,15,33,15,31.5,6,6,8,10,E,ENE,NE,NNW,78.6,80,92,88,400,31535
5,Cuddalore,CO_43,alluvial,125,62.5,wet,100,5,200,10,135.65,51.9,75,3000,19.6,20.4,187.2,270.8,167,250,61,64,18.5,34,16,30,15.5,31,16,33,4,10,8,10,SW,W,NNW,WSW,72,78,88,85,450,31555
5,Kurinjipadi,delux ponni,clay,125,62.5,wet,100,5,200,10,135.65,51.9,75,3000,19.6,20.4,187.2,270.8,167,250,61,64,19.5,34,18.5,35,17,32.5,16,30.5,10,4,10,6,NW,S,SE,SSE,64.6,85,84,87,400,30545
5,Panruti,ponmani,clay,125,62.5,dry,100,5,200,10,135.65,51.9,75,3000,18.5,21.5,185.2,272.8,165.3,251.7,60,65,20,35,18,30,17.5,33.5,18,33,4,12,4,12,ENE,NE,NNE,W,85,96,84,79,500,31920
5,Kallakurichi,ponmani,clay,125,62.5,dry,100,5,200,10,135.65,51.9,75,3000,18.5,21.5,185.2,272.8,165.3,251.7,60,65,19,33,17,32,16.5,31.5,15.5,32.5,8,6,8,6,W,WNW,SE,S,88.5,95,81,84,500,31035
5,Sankarapuram,ponmani,alluvial,125,62.5,dry,100,5,200,10,135.65,51.9,75,3000,18.1,21.9,185.6,272.4,166.1,250.9,60.2,64.8,20.5,32,17.5,28,18,34,16.5,35,10,12,10,12,SSE,W,SW,NW,72.7,91,83,81,500,30805
5,Chinnasalem,ponmani,clay,125,62.5,dry,100,5,200,10,135.65,51.9,75,3000,18.1,21.9,185.6,272.4,166.1,250.9,60.2,64.8,18,31,15.5,34,15,33,15,31.5,6,6,8,10,E,ENE,NE,NNW,78.6,80,92,88,500,30285
5,Cuddalore,CO_43,clay,125,62.5,dry,100,5,200,10,135.65,51.9,75,3000,19.6,20.4,187.2,270.8,167,250,61,64,18.5,34,16,30,15.5,31,16,33,4,10,8,10,SW,W,NNW,WSW,72,78,88,85,450,32050
5,Kurinjipadi,ponmani,alluvial,125,62.5,dry,100,5,200,10,135.65,51.9,75,3000,19.6,20.4,187.2,270.8,167,250,61,64,19.5,34,18.5,35,17,32.5,16,30.5,10,4,10,6,NW,S,SE,SSE,64.6,85,84,87,500,30855
5,Panruti,ponmani,alluvial,125,62.5,dry,100,5,200,10,135.65,51.9,75,3000,18.5,21.5,185.2,272.8,165.3,251.7,60,65,20,35,18,30,17.5,33.5,18,33,4,12,4,12,ENE,NE,NNE,W,85,96,84,79,500,30250
5,Kallakurichi,ponmani,alluvial,125,62.5,dry,100,5,200,10,135.65,51.9,75,3000,18.5,21.5,185.2,272.8,165.3,251.7,60,65,19,33,17,32,16.5,31.5,15.5,32.5,8,6,8,6,W,WNW,SE,S,88.5,95,81,84,500,30610
5,Sankarapuram,delux ponni,alluvial,125,62.5,dry,100,5,200,10,135.65,51.9,75,3000,18.1,21.9,185.6,272.4,166.1,250.9,60.2,64.8,20.5,32,17.5,28,18,34,16.5,35,10,12,10,12,SSE,W,SW,NW,72.7,91,83,81,400,30075
5,Chinnasalem,delux ponni,alluvial,125,62.5,dry,100,5,200,10,135.65,51.9,75,3000,18.1,21.9,185.6,272.4,166.1,250.9,60.2,64.8,18,31,15.5,34,15,33,15,31.5,6,6,8,10,E,ENE,NE,NNW,78.6,80,92,88,400,31065
5,Cuddalore,delux ponni,alluvial,125,62.5,dry,100,5,200,10,135.65,51.9,75,3000,19.6,20.4,187.2,270.8,167,250,61,64,18.5,34,16,30,15.5,31,16,33,4,10,8,10,SW,W,NNW,WSW,72,78,88,85,400,31135
5,Kurinjipadi,ponmani,alluvial,125,62.5,dry,100,5,200,10,135.65,51.9,75,3000,19.6,20.4,187.2,270.8,167,250,61,64,19.5,34,18.5,35,17,32.5,16,30.5,10,4,10,6,NW,S,SE,SSE,64.6,85,84,87,500,31810
5,Panruti,delux ponni,clay,125,62.5,dry,100,5,200,10,135.65,51.9,75,3000,18.5,21.5,185.2,272.8,165.3,251.7,60,65,20,35,18,30,17.5,33.5,18,33,4,12,4,12,ENE,NE,NNE,W,85,96,84,79,400,30755
5,Kallakurichi,CO_43,clay,125,62.5,dry,100,5,200,10,135.65,51.9,75,3000,18.5,21.5,185.2,272.8,165.3,251.7,60,65,19,33,17,32,16.5,31.5,15.5,32.5,8,6,8,6,W,WNW,SE,S,88.5,95,81,84,450,31815
5,Sankarapuram,delux ponni,clay,125,62.5,dry,100,5,200,10,135.65,51.9,75,3000,18.1,21.9,185.6,272.4,166.1,250.9,60.2,64.8,20.5,32,17.5,28,18,34,16.5,35,10,12,10,12,SSE,W,SW,NW,72.7,91,83,81,400,32090
5,Chinnasalem,delux ponni,clay,125,62.5,dry,100,5,200,10,135.65,51.9,75,3000,18.1,21.9,185.6,272.4,166.1,250.9,60.2,64.8,18,31,15.5,34,15,33,15,31.5,6,6,8,10,E,ENE,NE,NNW,78.6,80,92,88,400,31045
5,Cuddalore,CO_43,clay,125,62.5,wet,100,5,200,10,135.65,51.9,75,3000,19.6,20.4,187.2,270.8,167,250,61,64,18.5,34,16,30,15.5,31,16,33,4,10,8,10,SW,W,NNW,WSW,72,78,88,85,450,32155
5,Kurinjipadi,ponmani,clay,125,62.5,wet,100,5,200,10,135.65,51.9,75,3000,19.6,20.4,187.2,270.8,167,250,61,64,19.5,34,18.5,35,17,32.5,16,30.5,10,4,10,6,NW,S,SE,SSE,64.6,85,84,87,500,31400
5,Panruti,delux ponni,clay,125,62.5,wet,100,5,200,10,135.65,51.9,75,3000,18.5,21.5,185.2,272.8,165.3,251.7,60,65,20,35,18,30,17.5,33.5,18,33,4,12,4,12,ENE,NE,NNE,W,85,96,84,79,400,30805
5,Kallakurichi,CO_43,clay,125,62.5,wet,100,5,200,10,135.65,51.9,75,3000,18.5,21.5,185.2,272.8,165.3,251.7,60,65,19,33,17,32,16.5,31.5,15.5,32.5,8,6,8,6,W,WNW,SE,S,88.5,95,81,84,450,31555
5,Sankarapuram,ponmani,alluvial,125,62.5,wet,100,5,200,10,135.65,51.9,75,3000,18.1,21.9,185.6,272.4,166.1,250.9,60.2,64.8,20.5,32,17.5,28,18,34,16.5,35,10,12,10,12,SSE,W,SW,NW,72.7,91,83,81,500,30250
5,Chinnasalem,delux ponni,alluvial,125,62.5,wet,100,5,200,10,135.65,51.9,75,3000,18.1,21.9,185.6,272.4,166.1,250.9,60.2,64.8,18,31,15.5,34,15,33,15,31.5,6,6,8,10,E,ENE,NE,NNW,78.6,80,92,88,400,30610
5,Cuddalore,CO_43,alluvial,125,62.5,wet,100,5,200,10,135.65,51.9,75,3000,19.6,20.4,187.2,270.8,167,250,61,64,18.5,34,16,30,15.5,31,16,33,4,10,8,10,SW,W,NNW,WSW,72,78,88,85,450,30575
5,Kurinjipadi,delux ponni,alluvial,125,62.5,wet,100,5,200,10,135.65,51.9,75,3000,19.6,20.4,187.2,270.8,167,250,61,64,19.5,34,18.5,35,17,32.5,16,30.5,10,4,10,6,NW,S,SE,SSE,64.6,85,84,87,400,31605
5,Panruti,ponmani,clay,125,62.5,dry,100,5,200,10,135.65,51.9,75,3000,18.5,21.5,185.2,272.8,165.3,251.7,60,65,20,35,18,30,17.5,33.5,18,33,4,12,4,12,ENE,NE,NNE,W,85,96,84,79,500,31135
5,Kallakurichi,CO_43,alluvial,125,62.5,dry,100,5,200,10,135.65,51.9,75,3000,18.5,21.5,185.2,272.8,165.3,251.7,60,65,19,33,17,32,16.5,31.5,15.5,32.5,8,6,8,6,W,WNW,SE,S,88.5,95,81,84,450,32080
5,Sankarapuram,ponmani,alluvial,125,62.5,dry,100,5,200,10,135.65,51.9,75,3000,18.1,21.9,185.6,272.4,166.1,250.9,60.2,64.8,20.5,32,17.5,28,18,34,16.5,35,10,12,10,12,SSE,W,SW,NW,72.7,91,83,81,500,30885
5,Chinnasalem,delux ponni,alluvial,125,62.5,dry,100,5,200,10,135.65,51.9,75,3000,18.1,21.9,185.6,272.4,166.1,250.9,60.2,64.8,18,31,15.5,34,15,33,15,31.5,6,6,8,10,E,ENE,NE,NNW,78.6,80,92,88,400,30945
5,Cuddalore,CO_43,clay,125,62.5,dry,100,5,200,10,135.65,51.9,75,3000,19.6,20.4,187.2,270.8,167,250,61,64,18.5,34,16,30,15.5,31,16,33,4,10,8,10,SW,W,NNW,WSW,72,78,88,85,450,30460
5,Kurinjipadi,ponmani,clay,125,62.5,dry,100,5,200,10,135.65,51.9,75,3000,19.6,20.4,187.2,270.8,167,250,61,64,19.5,34,18.5,35,17,32.5,16,30.5,10,4,10,6,NW,S,SE,SSE,64.6,85,84,87,500,31780
5,Panruti,delux ponni,clay,125,62.5,dry,100,5,200,10,135.65,51.9,75,3000,18.5,21.5,185.2,272.8,165.3,251.7,60,65,20,35,18,30,17.5,33.5,18,33,4,12,4,12,ENE,NE,NNE,W,85,96,84,79,400,30575
5,Kallakurichi,CO_43,clay,125,62.5,dry,100,5,200,10,135.65,51.9,75,3000,18.5,21.5,185.2,272.8,165.3,251.7,60,65,19,33,17,32,16.5,31.5,15.5,32.5,8,6,8,6,W,WNW,SE,S,88.5,95,81,84,450,30355
5,Sankarapuram,delux ponni,clay,125,62.5,dry,100,5,200,10,135.65,51.9,75,3000,18.1,21.9,185.6,272.4,166.1,250.9,60.2,64.8,20.5,32,17.5,28,18,34,16.5,35,10,12,10,12,SSE,W,SW,NW,72.7,91,83,81,400,30540
5,Chinnasalem,ponmani,clay,125,62.5,wet,100,5,200,10,135.65,51.9,75,3000,18.1,21.9,185.6,272.4,166.1,250.9,60.2,64.8,18,31,15.5,34,15,33,15,31.5,6,6,8,10,E,ENE,NE,NNW,78.6,80,92,88,500,31535
5,Cuddalore,CO_43,clay,125,62.5,wet,100,5,200,10,135.65,51.9,75,3000,19.6,20.4,187.2,270.8,167,250,61,64,18.5,34,16,30,15.5,31,16,33,4,10,8,10,SW,W,NNW,WSW,72,78,88,85,450,30545
5,Kurinjipadi,ponmani,alluvial,125,62.5,wet,100,5,200,10,135.65,51.9,75,3000,19.6,20.4,187.2,270.8,167,250,61,64,19.5,34,18.5,35,17,32.5,16,30.5,10,4,10,6,NW,S,SE,SSE,64.6,85,84,87,500,31625
5,Panruti,delux ponni,clay,125,62.5,wet,100,5,200,10,135.65,51.9,75,3000,18.5,21.5,185.2,272.8,165.3,251.7,60,65,20,35,18,30,17.5,33.5,18,33,4,12,4,12,ENE,NE,NNE,W,85,96,84,79,400,32345
5,Kallakurichi,CO_43,alluvial,125,62.5,wet,100,5,200,10,135.65,51.9,75,3000,18.5,21.5,185.2,272.8,165.3,251.7,60,65,19,33,17,32,16.5,31.5,15.5,32.5,8,6,8,6,W,WNW,SE,S,88.5,95,81,84,450,31400
5,Sankarapuram,ponmani,clay,125,62.5,wet,100,5,200,10,135.65,51.9,75,3000,18.1,21.9,185.6,272.4,166.1,250.9,60.2,64.8,20.5,32,17.5,28,18,34,16.5,35,10,12,10,12,SSE,W,SW,NW,72.7,91,83,81,500,30905
5,Chinnasalem,delux ponni,alluvial,125,62.5,wet,100,5,200,10,135.65,51.9,75,3000,18.1,21.9,185.6,272.4,166.1,250.9,60.2,64.8,18,31,15.5,34,15,33,15,31.5,6,6,8,10,E,ENE,NE,NNW,78.6,80,92,88,400,31535
5,Cuddalore,CO_43,alluvial,125,62.5,wet,100,5,200,10,135.65,51.9,75,3000,19.6,20.4,187.2,270.8,167,250,61,64,18.5,34,16,30,15.5,31,16,33,4,10,8,10,SW,W,NNW,WSW,72,78,88,85,450,31555
5,Kurinjipadi,delux ponni,clay,125,62.5,wet,100,5,200,10,135.65,51.9,75,3000,19.6,20.4,187.2,270.8,167,250,61,64,19.5,34,18.5,35,17,32.5,16,30.5,10,4,10,6,NW,S,SE,SSE,64.6,85,84,87,400,31035
5,Panruti,ponmani,alluvial,125,62.5,wet,100,5,200,10,135.65,51.9,75,3000,18.5,21.5,185.2,272.8,165.3,251.7,60,65,20,35,18,30,17.5,33.5,18,33,4,12,4,12,ENE,NE,NNE,W,85,96,84,79,500,32050
5,Kallakurichi,ponmani,clay,125,62.5,wet,100,5,200,10,135.65,51.9,75,3000,18.5,21.5,185.2,272.8,165.3,251.7,60,65,19,33,17,32,16.5,31.5,15.5,32.5,8,6,8,6,W,WNW,SE,S,88.5,95,81,84,500,30250
5,Sankarapuram,ponmani,alluvial,125,62.5,wet,100,5,200,10,135.65,51.9,75,3000,18.1,21.9,185.6,272.4,166.1,250.9,60.2,64.8,20.5,32,17.5,28,18,34,16.5,35,10,12,10,12,SSE,W,SW,NW,72.7,91,83,81,500,31135
5,Chinnasalem,ponmani,clay,125,62.5,wet,100,5,200,10,135.65,51.9,75,3000,18.1,21.9,185.6,272.4,166.1,250.9,60.2,64.8,18,31,15.5,34,15,33,15,31.5,6,6,8,10,E,ENE,NE,NNW,78.6,80,92,88,500,31815
5,Cuddalore,CO_43,alluvial,125,62.5,wet,100,5,200,10,135.65,51.9,75,3000,19.6,20.4,187.2,270.8,167,250,61,64,18.5,34,16,30,15.5,31,16,33,4,10,8,10,SW,W,NNW,WSW,72,78,88,85,450,31045
5,Kurinjipadi,ponmani,clay,125,62.5,wet,100,5,200,10,135.65,51.9,75,3000,19.6,20.4,187.2,270.8,167,250,61,64,19.5,34,18.5,35,17,32.5,16,30.5,10,4,10,6,NW,S,SE,SSE,64.6,85,84,87,500,31555
5,Panruti,ponmani,clay,125,62.5,wet,100,5,200,10,135.65,51.9,75,3000,18.5,21.5,185.2,272.8,165.3,251.7,60,65,20,35,18,30,17.5,33.5,18,33,4,12,4,12,ENE,NE,NNE,W,85,96,84,79,500,30575
5,Kallakurichi,ponmani,alluvial,125,62.5,wet,100,5,200,10,135.65,51.9,75,3000,18.5,21.5,185.2,272.8,165.3,251.7,60,65,19,33,17,32,16.5,31.5,15.5,32.5,8,6,8,6,W,WNW,SE,S,88.5,95,81,84,500,31135
5,Sankarapuram,delux ponni,clay,125,62.5,wet,100,5,200,10,135.65,51.9,75,3000,18.1,21.9,185.6,272.4,166.1,250.9,60.2,64.8,20.5,32,17.5,28,18,34,16.5,35,10,12,10,12,SSE,W,SW,NW,72.7,91,83,81,400,31625
5,Chinnasalem,delux ponni,clay,125,62.5,dry,100,5,200,10,135.65,51.9,75,3000,18.1,21.9,185.6,272.4,166.1,250.9,60.2,64.8,18,31,15.5,34,15,33,15,31.5,6,6,8,10,E,ENE,NE,NNW,78.6,80,92,88,400,32345
5,Cuddalore,delux ponni,alluvial,125,62.5,dry,100,5,200,10,135.65,51.9,75,3000,19.6,20.4,187.2,270.8,167,250,61,64,18.5,34,16,30,15.5,31,16,33,4,10,8,10,SW,W,NNW,WSW,72,78,88,85,400,31400
5,Kurinjipadi,ponmani,clay,125,62.5,dry,100,5,200,10,135.65,51.9,75,3000,19.6,20.4,187.2,270.8,167,250,61,64,19.5,34,18.5,35,17,32.5,16,30.5,10,4,10,6,NW,S,SE,SSE,64.6,85,84,87,500,30905
5,Panruti,delux ponni,clay,125,62.5,dry,100,5,200,10,135.65,51.9,75,3000,18.5,21.5,185.2,272.8,165.3,251.7,60,65,20,35,18,30,17.5,33.5,18,33,4,12,4,12,ENE,NE,NNE,W,85,96,84,79,400,31535
5,Kallakurichi,CO_43,clay,125,62.5,dry,100,5,200,10,135.65,51.9,75,3000,18.5,21.5,185.2,272.8,165.3,251.7,60,65,19,33,17,32,16.5,31.5,15.5,32.5,8,6,8,6,W,WNW,SE,S,88.5,95,81,84,450,31555
5,Sankarapuram,delux ponni,clay,125,62.5,dry,100,5,200,10,135.65,51.9,75,3000,18.1,21.9,185.6,272.4,166.1,250.9,60.2,64.8,20.5,32,17.5,28,18,34,16.5,35,10,12,10,12,SSE,W,SW,NW,72.7,91,83,81,400,31035
5,Chinnasalem,delux ponni,alluvial,125,62.5,dry,100,5,200,10,135.65,51.9,75,3000,18.1,21.9,185.6,272.4,166.1,250.9,60.2,64.8,18,31,15.5,34,15,33,15,31.5,6,6,8,10,E,ENE,NE,NNW,78.6,80,92,88,400,32050
5,Cuddalore,CO_43,clay,125,62.5,dry,100,5,200,10,135.65,51.9,75,3000,19.6,20.4,187.2,270.8,167,250,61,64,18.5,34,16,30,15.5,31,16,33,4,10,8,10,SW,W,NNW,WSW,72,78,88,85,450,30250
5,Kurinjipadi,ponmani,alluvial,125,62.5,dry,100,5,200,10,135.65,51.9,75,3000,19.6,20.4,187.2,270.8,167,250,61,64,19.5,34,18.5,35,17,32.5,16,30.5,10,4,10,6,NW,S,SE,SSE,64.6,85,84,87,500,31135
5,Panruti,delux ponni,clay,125,62.5,dry,100,5,200,10,135.65,51.9,75,3000,18.5,21.5,185.2,272.8,165.3,251.7,60,65,20,35,18,30,17.5,33.5,18,33,4,12,4,12,ENE,NE,NNE,W,85,96,84,79,400,31815
5,Kallakurichi,CO_43,clay,125,62.5,wet,100,5,200,10,135.65,51.9,75,3000,18.5,21.5,185.2,272.8,165.3,251.7,60,65,19,33,17,32,16.5,31.5,15.5,32.5,8,6,8,6,W,WNW,SE,S,88.5,95,81,84,450,31045
5,Sankarapuram,ponmani,alluvial,125,62.5,wet,100,5,200,10,135.65,51.9,75,3000,18.1,21.9,185.6,272.4,166.1,250.9,60.2,64.8,20.5,32,17.5,28,18,34,16.5,35,10,12,10,12,SSE,W,SW,NW,72.7,91,83,81,500,31555
5,Chinnasalem,delux ponni,clay,125,62.5,wet,100,5,200,10,135.65,51.9,75,3000,18.1,21.9,185.6,272.4,166.1,250.9,60.2,64.8,18,31,15.5,34,15,33,15,31.5,6,6,8,10,E,ENE,NE,NNW,78.6,80,92,88,400,30575
5,Cuddalore,CO_43,alluvial,125,62.5,wet,100,5,200,10,135.65,51.9,75,3000,19.6,20.4,187.2,270.8,167,250,61,64,18.5,34,16,30,15.5,31,16,33,4,10,8,10,SW,W,NNW,WSW,72,78,88,85,450,31135
5,Kurinjipadi,delux ponni,alluvial,125,62.5,wet,100,5,200,10,135.65,51.9,75,3000,19.6,20.4,187.2,270.8,167,250,61,64,19.5,34,18.5,35,17,32.5,16,30.5,10,4,10,6,NW,S,SE,SSE,64.6,85,84,87,400,31625
5,Panruti,ponmani,clay,125,62.5,wet,100,5,200,10,135.65,51.9,75,3000,18.5,21.5,185.2,272.8,165.3,251.7,60,65,20,35,18,30,17.5,33.5,18,33,4,12,4,12,ENE,NE,NNE,W,85,96,84,79,500,32345
5,Kallakurichi,CO_43,alluvial,125,62.5,wet,100,5,200,10,135.65,51.9,75,3000,18.5,21.5,185.2,272.8,165.3,251.7,60,65,19,33,17,32,16.5,31.5,15.5,32.5,8,6,8,6,W,WNW,SE,S,88.5,95,81,84,450,31400
5,Sankarapuram,ponmani,alluvial,125,62.5,wet,100,5,200,10,135.65,51.9,75,3000,18.1,21.9,185.6,272.4,166.1,250.9,60.2,64.8,20.5,32,17.5,28,18,34,16.5,35,10,12,10,12,SSE,W,SW,NW,72.7,91,83,81,500,30905
5,Chinnasalem,delux ponni,alluvial,125,62.5,wet,100,5,200,10,135.65,51.9,75,3000,18.1,21.9,185.6,272.4,166.1,250.9,60.2,64.8,18,31,15.5,34,15,33,15,31.5,6,6,8,10,E,ENE,NE,NNW,78.6,80,92,88,400,31535
5,Cuddalore,CO_43,alluvial,125,62.5,wet,100,5,200,10,135.65,51.9,75,3000,19.6,20.4,187.2,270.8,167,250,61,64,18.5,34,16,30,15.5,31,16,33,4,10,8,10,SW,W,NNW,WSW,72,78,88,85,450,31555
5,Kurinjipadi,ponmani,clay,125,62.5,wet,100,5,200,10,135.65,51.9,75,3000,19.6,20.4,187.2,270.8,167,250,61,64,19.5,34,18.5,35,17,32.5,16,30.5,10,4,10,6,NW,S,SE,SSE,64.6,85,84,87,500,31035
5,Panruti,delux ponni,alluvial,125,62.5,dry,100,5,200,10,135.65,51.9,75,3000,18.5,21.5,185.2,272.8,165.3,251.7,60,65,20,35,18,30,17.5,33.5,18,33,4,12,4,12,ENE,NE,NNE,W,85,96,84,79,400,32050
5,Kallakurichi,CO_43,clay,125,62.5,dry,100,5,200,10,135.65,51.9,75,3000,18.5,21.5,185.2,272.8,165.3,251.7,60,65,19,33,17,32,16.5,31.5,15.5,32.5,8,6,8,6,W,WNW,SE,S,88.5,95,81,84,450,30250
5,Sankarapuram,delux ponni,clay,125,62.5,dry,100,5,200,10,135.65,51.9,75,3000,18.1,21.9,185.6,272.4,166.1,250.9,60.2,64.8,20.5,32,17.5,28,18,34,16.5,35,10,12,10,12,SSE,W,SW,NW,72.7,91,83,81,400,31135
5,Chinnasalem,ponmani,alluvial,125,62.5,dry,100,5,200,10,135.65,51.9,75,3000,18.1,21.9,185.6,272.4,166.1,250.9,60.2,64.8,18,31,15.5,34,15,33,15,31.5,6,6,8,10,E,ENE,NE,NNW,78.6,80,92,88,500,31815
5,Cuddalore,CO_43,clay,125,62.5,dry,100,5,200,10,135.65,51.9,75,3000,19.6,20.4,187.2,270.8,167,250,61,64,18.5,34,16,30,15.5,31,16,33,4,10,8,10,SW,W,NNW,WSW,72,78,88,85,450,31045
5,Kurinjipadi,ponmani,clay,125,62.5,dry,100,5,200,10,135.65,51.9,75,3000,19.6,20.4,187.2,270.8,167,250,61,64,19.5,34,18.5,35,17,32.5,16,30.5,10,4,10,6,NW,S,SE,SSE,64.6,85,84,87,500,31555
5,Panruti,delux ponni,clay,125,62.5,dry,100,5,200,10,135.65,51.9,75,3000,18.5,21.5,185.2,272.8,165.3,251.7,60,65,20,35,18,30,17.5,33.5,18,33,4,12,4,12,ENE,NE,NNE,W,85,96,84,79,400,30575
5,Kallakurichi,CO_43,alluvial,125,62.5,dry,100,5,200,10,135.65,51.9,75,3000,18.5,21.5,185.2,272.8,165.3,251.7,60,65,19,33,17,32,16.5,31.5,15.5,32.5,8,6,8,6,W,WNW,SE,S,88.5,95,81,84,450,31135
5,Sankarapuram,ponmani,alluvial,125,62.5,dry,100,5,200,10,135.65,51.9,75,3000,18.1,21.9,185.6,272.4,166.1,250.9,60.2,64.8,20.5,32,17.5,28,18,34,16.5,35,10,12,10,12,SSE,W,SW,NW,72.7,91,83,81,500,31625
5,Chinnasalem,delux ponni,alluvial,125,62.5,dry,100,5,200,10,135.65,51.9,75,3000,18.1,21.9,185.6,272.4,166.1,250.9,60.2,64.8,18,31,15.5,34,15,33,15,31.5,6,6,8,10,E,ENE,NE,NNW,78.6,80,92,88,400,32345
5,Cuddalore,CO_43,clay,125,62.5,wet,100,5,200,10,135.65,51.9,75,3000,19.6,20.4,187.2,270.8,167,250,61,64,18.5,34,16,30,15.5,31,16,33,4,10,8,10,SW,W,NNW,WSW,72,78,88,85,450,31400
5,Kurinjipadi,delux ponni,alluvial,125,62.5,wet,100,5,200,10,135.65,51.9,75,3000,19.6,20.4,187.2,270.8,167,250,61,64,19.5,34,18.5,35,17,32.5,16,30.5,10,4,10,6,NW,S,SE,SSE,64.6,85,84,87,400,30905
5,Panruti,ponmani,clay,125,62.5,wet,100,5,200,10,135.65,51.9,75,3000,18.5,21.5,185.2,272.8,165.3,251.7,60,65,20,35,18,30,17.5,33.5,18,33,4,12,4,12,ENE,NE,NNE,W,85,96,84,79,500,31535
5,Kallakurichi,ponmani,alluvial,125,62.5,wet,100,5,200,10,135.65,51.9,75,3000,18.5,21.5,185.2,272.8,165.3,251.7,60,65,19,33,17,32,16.5,31.5,15.5,32.5,8,6,8,6,W,WNW,SE,S,88.5,95,81,84,500,31555
5,Sankarapuram,ponmani,alluvial,125,62.5,wet,100,5,200,10,135.65,51.9,75,3000,18.1,21.9,185.6,272.4,166.1,250.9,60.2,64.8,20.5,32,17.5,28,18,34,16.5,35,10,12,10,12,SSE,W,SW,NW,72.7,91,83,81,500,31035
5,Chinnasalem,ponmani,clay,125,62.5,wet,100,5,200,10,135.65,51.9,75,3000,18.1,21.9,185.6,272.4,166.1,250.9,60.2,64.8,18,31,15.5,34,15,33,15,31.5,6,6,8,10,E,ENE,NE,NNW,78.6,80,92,88,500,32050
5,Cuddalore,CO_43,clay,125,62.5,wet,100,5,200,10,135.65,51.9,75,3000,19.6,20.4,187.2,270.8,167,250,61,64,18.5,34,16,30,15.5,31,16,33,4,10,8,10,SW,W,NNW,WSW,72,78,88,85,450,30250
5,Kurinjipadi,ponmani,alluvial,125,62.5,wet,100,5,200,10,135.65,51.9,75,3000,19.6,20.4,187.2,270.8,167,250,61,64,19.5,34,18.5,35,17,32.5,16,30.5,10,4,10,6,NW,S,SE,SSE,64.6,85,84,87,500,31135
5,Panruti,ponmani,clay,125,62.5,wet,100,5,200,10,135.65,51.9,75,3000,18.5,21.5,185.2,272.8,165.3,251.7,60,65,20,35,18,30,17.5,33.5,18,33,4,12,4,12,ENE,NE,NNE,W,85,96,84,79,500,31815
5,Kallakurichi,ponmani,alluvial,125,62.5,wet,100,5,200,10,135.65,51.9,75,3000,18.5,21.5,185.2,272.8,165.3,251.7,60,65,19,33,17,32,16.5,31.5,15.5,32.5,8,6,8,6,W,WNW,SE,S,88.5,95,81,84,500,31045
5,Sankarapuram,delux ponni,clay,125,62.5,wet,100,5,200,10,135.65,51.9,75,3000,18.1,21.9,185.6,272.4,166.1,250.9,60.2,64.8,20.5,32,17.5,28,18,34,16.5,35,10,12,10,12,SSE,W,SW,NW,72.7,91,83,81,400,31555
5,Chinnasalem,delux ponni,clay,125,62.5,wet,100,5,200,10,135.65,51.9,75,3000,18.1,21.9,185.6,272.4,166.1,250.9,60.2,64.8,18,31,15.5,34,15,33,15,31.5,6,6,8,10,E,ENE,NE,NNW,78.6,80,92,88,400,30575
5,Cuddalore,delux ponni,alluvial,125,62.5,wet,100,5,200,10,135.65,51.9,75,3000,19.6,20.4,187.2,270.8,167,250,61,64,18.5,34,16,30,15.5,31,16,33,4,10,8,10,SW,W,NNW,WSW,72,78,88,85,400,31135
5,Kurinjipadi,ponmani,clay,125,62.5,dry,100,5,200,10,135.65,51.9,75,3000,19.6,20.4,187.2,270.8,167,250,61,64,19.5,34,18.5,35,17,32.5,16,30.5,10,4,10,6,NW,S,SE,SSE,64.6,85,84,87,500,31625
5,Panruti,delux ponni,alluvial,125,62.5,dry,100,5,200,10,135.65,51.9,75,3000,18.5,21.5,185.2,272.8,165.3,251.7,60,65,20,35,18,30,17.5,33.5,18,33,4,12,4,12,ENE,NE,NNE,W,85,96,84,79,400,32345
5,Kallakurichi,CO_43,clay,125,62.5,dry,100,5,200,10,135.65,51.9,75,3000,18.5,21.5,185.2,272.8,165.3,251.7,60,65,19,33,17,32,16.5,31.5,15.5,32.5,8,6,8,6,W,WNW,SE,S,88.5,95,81,84,450,31400
5,Sankarapuram,delux ponni,alluvial,125,62.5,dry,100,5,200,10,135.65,51.9,75,3000,18.1,21.9,185.6,272.4,166.1,250.9,60.2,64.8,20.5,32,17.5,28,18,34,16.5,35,10,12,10,12,SSE,W,SW,NW,72.7,91,83,81,400,30905
5,Chinnasalem,delux ponni,alluvial,125,62.5,dry,100,5,200,10,135.65,51.9,75,3000,18.1,21.9,185.6,272.4,166.1,250.9,60.2,64.8,18,31,15.5,34,15,33,15,31.5,6,6,8,10,E,ENE,NE,NNW,78.6,80,92,88,400,31535
5,Cuddalore,CO_43,clay,125,62.5,dry,100,5,200,10,135.65,51.9,75,3000,19.6,20.4,187.2,270.8,167,250,61,64,18.5,34,16,30,15.5,31,16,33,4,10,8,10,SW,W,NNW,WSW,72,78,88,85,450,31555
5,Kurinjipadi,ponmani,alluvial,125,62.5,dry,100,5,200,10,135.65,51.9,75,3000,19.6,20.4,187.2,270.8,167,250,61,64,19.5,34,18.5,35,17,32.5,16,30.5,10,4,10,6,NW,S,SE,SSE,64.6,85,84,87,500,31035
5,Panruti,delux ponni,clay,125,62.5,dry,100,5,200,10,135.65,51.9,75,3000,18.5,21.5,185.2,272.8,165.3,251.7,60,65,20,35,18,30,17.5,33.5,18,33,4,12,4,12,ENE,NE,NNE,W,85,96,84,79,400,32050
5,Kallakurichi,CO_43,alluvial,125,62.5,dry,100,5,200,10,135.65,51.9,75,3000,18.5,21.5,185.2,272.8,165.3,251.7,60,65,19,33,17,32,16.5,31.5,15.5,32.5,8,6,8,6,W,WNW,SE,S,88.5,95,81,84,450,30250
5,Sankarapuram,ponmani,clay,125,62.5,dry,100,5,200,10,135.65,51.9,75,3000,18.1,21.9,185.6,272.4,166.1,250.9,60.2,64.8,20.5,32,17.5,28,18,34,16.5,35,10,12,10,12,SSE,W,SW,NW,72.7,91,83,81,500,31135
5,Chinnasalem,delux ponni,alluvial,125,62.5,dry,100,5,200,10,135.65,51.9,75,3000,18.1,21.9,185.6,272.4,166.1,250.9,60.2,64.8,18,31,15.5,34,15,33,15,31.5,6,6,8,10,E,ENE,NE,NNW,78.6,80,92,88,400,31815
5,Cuddalore,CO_43,clay,125,62.5,wet,100,5,200,10,135.65,51.9,75,3000,19.6,20.4,187.2,270.8,167,250,61,64,18.5,34,16,30,15.5,31,16,33,4,10,8,10,SW,W,NNW,WSW,72,78,88,85,450,31045
5,Kurinjipadi,delux ponni,clay,125,62.5,wet,100,5,200,10,135.65,51.9,75,3000,19.6,20.4,187.2,270.8,167,250,61,64,19.5,34,18.5,35,17,32.5,16,30.5,10,4,10,6,NW,S,SE,SSE,64.6,85,84,87,400,31555
5,Panruti,ponmani,clay,125,62.5,wet,100,5,200,10,135.65,51.9,75,3000,18.5,21.5,185.2,272.8,165.3,251.7,60,65,20,35,18,30,17.5,33.5,18,33,4,12,4,12,ENE,NE,NNE,W,85,96,84,79,500,30575
5,Kallakurichi,CO_43,clay,125,62.5,wet,100,5,200,10,135.65,51.9,75,3000,18.5,21.5,185.2,272.8,165.3,251.7,60,65,19,33,17,32,16.5,31.5,15.5,32.5,8,6,8,6,W,WNW,SE,S,88.5,95,81,84,450,31135
5,Sankarapuram,ponmani,alluvial,125,62.5,wet,100,5,200,10,135.65,51.9,75,3000,18.1,21.9,185.6,272.4,166.1,250.9,60.2,64.8,20.5,32,17.5,28,18,34,16.5,35,10,12,10,12,SSE,W,SW,NW,72.7,91,83,81,500,30100
5,Chinnasalem,delux ponni,clay,125,62.5,wet,100,5,200,10,135.65,51.9,75,3000,18.1,21.9,185.6,272.4,166.1,250.9,60.2,64.8,18,31,15.5,34,15,33,15,31.5,6,6,8,10,E,ENE,NE,NNW,78.6,80,92,88,400,32085
5,Cuddalore,CO_43,clay,125,62.5,wet,100,5,200,10,135.65,51.9,75,3000,19.6,20.4,187.2,270.8,167,250,61,64,18.5,34,16,30,15.5,31,16,33,4,10,8,10,SW,W,NNW,WSW,72,78,88,85,450,31980
5,Kurinjipadi,ponmani,alluvial,125,62.5,wet,100,5,200,10,135.65,51.9,75,3000,19.6,20.4,187.2,270.8,167,250,61,64,19.5,34,18.5,35,17,32.5,16,30.5,10,4,10,6,NW,S,SE,SSE,64.6,85,84,87,500,31555
5,Panruti,delux ponni,clay,125,62.5,wet,100,5,200,10,135.65,51.9,75,3000,18.5,21.5,185.2,272.8,165.3,251.7,60,65,20,35,18,30,17.5,33.5,18,33,4,12,4,12,ENE,NE,NNE,W,85,96,84,79,400,30405
5,Kallakurichi,CO_43,clay,125,62.5,wet,100,5,200,10,135.65,51.9,75,3000,18.5,21.5,185.2,272.8,165.3,251.7,60,65,19,33,17,32,16.5,31.5,15.5,32.5,8,6,8,6,W,WNW,SE,S,88.5,95,81,84,450,31420
5,Sankarapuram,delux ponni,alluvial,125,62.5,wet,100,5,200,10,135.65,51.9,75,3000,18.1,21.9,185.6,272.4,166.1,250.9,60.2,64.8,20.5,32,17.5,28,18,34,16.5,35,10,12,10,12,SSE,W,SW,NW,72.7,91,83,81,400,30965
5,Chinnasalem,ponmani,clay,125,62.5,wet,100,5,200,10,135.65,51.9,75,3000,18.1,21.9,185.6,272.4,166.1,250.9,60.2,64.8,18,31,15.5,34,15,33,15,31.5,6,6,8,10,E,ENE,NE,NNW,78.6,80,92,88,500,31140
5,Cuddalore,CO_43,clay,125,62.5,wet,100,5,200,10,135.65,51.9,75,3000,19.6,20.4,187.2,270.8,167,250,61,64,18.5,34,16,30,15.5,31,16,33,4,10,8,10,SW,W,NNW,WSW,72,78,88,85,450,29190
5,Kurinjipadi,ponmani,clay,125,62.5,wet,100,5,200,10,135.65,51.9,75,3000,19.6,20.4,187.2,270.8,167,250,61,64,19.5,34,18.5,35,17,32.5,16,30.5,10,4,10,6,NW,S,SE,SSE,64.6,85,84,87,500,29510
5,Panruti,delux ponni,alluvial,125,62.5,dry,100,5,200,10,135.65,51.9,75,3000,18.5,21.5,185.2,272.8,165.3,251.7,60,65,20,35,18,30,17.5,33.5,18,33,4,12,4,12,ENE,NE,NNE,W,85,96,84,79,400,30250
5,Kallakurichi,CO_43,clay,125,62.5,dry,100,5,200,10,135.65,51.9,75,3000,18.5,21.5,185.2,272.8,165.3,251.7,60,65,19,33,17,32,16.5,31.5,15.5,32.5,8,6,8,6,W,WNW,SE,S,88.5,95,81,84,450,30610
5,Sankarapuram,ponmani,clay,125,62.5,dry,100,5,200,10,135.65,51.9,75,3000,18.1,21.9,185.6,272.4,166.1,250.9,60.2,64.8,20.5,32,17.5,28,18,34,16.5,35,10,12,10,12,SSE,W,SW,NW,72.7,91,83,81,500,30575
5,Chinnasalem,delux ponni,alluvial,125,62.5,dry,100,5,200,10,135.65,51.9,75,3000,18.1,21.9,185.6,272.4,166.1,250.9,60.2,64.8,18,31,15.5,34,15,33,15,31.5,6,6,8,10,E,ENE,NE,NNW,78.6,80,92,88,400,30075
5,Cuddalore,CO_43,alluvial,125,62.5,dry,100,5,200,10,135.65,51.9,75,3000,19.6,20.4,187.2,270.8,167,250,61,64,18.5,34,16,30,15.5,31,16,33,4,10,8,10,SW,W,NNW,WSW,72,78,88,85,450,31605
5,Kurinjipadi,delux ponni,alluvial,125,62.5,dry,100,5,200,10,135.65,51.9,75,3000,19.6,20.4,187.2,270.8,167,250,61,64,19.5,34,18.5,35,17,32.5,16,30.5,10,4,10,6,NW,S,SE,SSE,64.6,85,84,87,400,31065
5,Panruti,ponmani,alluvial,125,62.5,dry,100,5,200,10,135.65,51.9,75,3000,18.5,21.5,185.2,272.8,165.3,251.7,60,65,20,35,18,30,17.5,33.5,18,33,4,12,4,12,ENE,NE,NNE,W,85,96,84,79,500,31135
5,Kallakurichi,ponmani,alluvial,125,62.5,dry,100,5,200,10,135.65,51.9,75,3000,18.5,21.5,185.2,272.8,165.3,251.7,60,65,19,33,17,32,16.5,31.5,15.5,32.5,8,6,8,6,W,WNW,SE,S,88.5,95,81,84,500,32080
5,Sankarapuram,ponmani,alluvial,125,62.5,dry,100,5,200,10,135.65,51.9,75,3000,18.1,21.9,185.6,272.4,166.1,250.9,60.2,64.8,20.5,32,17.5,28,18,34,16.5,35,10,12,10,12,SSE,W,SW,NW,72.7,91,83,81,500,31135
5,Chinnasalem,ponmani,alluvial,125,62.5,dry,100,5,200,10,135.65,51.9,75,3000,18.1,21.9,185.6,272.4,166.1,250.9,60.2,64.8,18,31,15.5,34,15,33,15,31.5,6,6,8,10,E,ENE,NE,NNW,78.6,80,92,88,500,31810
5,Cuddalore,CO_43,clay,125,62.5,dry,100,5,200,10,135.65,51.9,75,3000,19.6,20.4,187.2,270.8,167,250,61,64,18.5,34,16,30,15.5,31,16,33,4,10,8,10,SW,W,NNW,WSW,72,78,88,85,450,30885
5,Kurinjipadi,ponmani,clay,125,62.5,dry,100,5,200,10,135.65,51.9,75,3000,19.6,20.4,187.2,270.8,167,250,61,64,19.5,34,18.5,35,17,32.5,16,30.5,10,4,10,6,NW,S,SE,SSE,64.6,85,84,87,500,31430
5,Panruti,ponmani,clay,125,62.5,dry,100,5,200,10,135.65,51.9,75,3000,18.5,21.5,185.2,272.8,165.3,251.7,60,65,20,35,18,30,17.5,33.5,18,33,4,12,4,12,ENE,NE,NNE,W,85,96,84,79,500,30755
5,Kallakurichi,ponmani,clay,125,62.5,dry,100,5,200,10,135.65,51.9,75,3000,18.5,21.5,185.2,272.8,165.3,251.7,60,65,19,33,17,32,16.5,31.5,15.5,32.5,8,6,8,6,W,WNW,SE,S,88.5,95,81,84,500,30945
5,Sankarapuram,delux ponni,clay,125,62.5,dry,100,5,200,10,135.65,51.9,75,3000,18.1,21.9,185.6,272.4,166.1,250.9,60.2,64.8,20.5,32,17.5,28,18,34,16.5,35,10,12,10,12,SSE,W,SW,NW,72.7,91,83,81,400,31815
5,Chinnasalem,delux ponni,clay,125,62.5,dry,100,5,200,10,135.65,51.9,75,3000,18.1,21.9,185.6,272.4,166.1,250.9,60.2,64.8,18,31,15.5,34,15,33,15,31.5,6,6,8,10,E,ENE,NE,NNW,78.6,80,92,88,400,30460
5,Chinnasalem,delux ponni,clay,125,62.5,dry,100,5,200,10,135.65,51.9,75,3000,18.1,21.9,185.6,272.4,166.1,250.9,60.2,64.8,18,31,15.5,34,15,33,15,31.5,6,6,8,10,E,ENE,NE,NNW,78.6,80,92,88,400,30960
5,Chinnasalem,ponmani,clay,125,62.5,dry,100,5,200,10,135.65,51.9,75,3000,18.1,21.9,185.6,272.4,166.1,250.9,60.2,64.8,18,31,15.5,34,15,33,15,31.5,6,6,8,10,E,ENE,NE,NNW,78.6,80,92,88,500,32020
5,Chinnasalem,delux ponni,alluvial,125,62.5,dry,100,5,200,10,135.65,51.9,75,3000,18.1,21.9,185.6,272.4,166.1,250.9,60.2,64.8,18,31,15.5,34,15,33,15,31.5,6,6,8,10,E,ENE,NE,NNW,78.6,80,92,88,400,32090
5,Chinnasalem,CO_43,alluvial,125,62.5,dry,100,5,200,10,135.65,51.9,75,3000,18.1,21.9,185.6,272.4,166.1,250.9,60.2,64.8,18,31,15.5,34,15,33,15,31.5,6,6,8,10,E,ENE,NE,NNW,78.6,80,92,88,450,31780
5,Kallakurichi,delux ponni,alluvial,125,62.5,dry,100,5,200,10,135.65,51.9,75,3000,18.5,21.5,185.2,272.8,165.3,251.7,60,65,19,33,17,32,16.5,31.5,15.5,32.5,8,6,8,6,W,WNW,SE,S,88.5,95,81,84,400,30795
5,Kallakurichi,delux ponni,alluvial,125,62.5,dry,100,5,200,10,135.65,51.9,75,3000,18.5,21.5,185.2,272.8,165.3,251.7,60,65,19,33,17,32,16.5,31.5,15.5,32.5,8,6,8,6,W,WNW,SE,S,88.5,95,81,84,400,31045
5,Kallakurichi,CO_43,alluvial,125,62.5,dry,100,5,200,10,135.65,51.9,75,3000,18.5,21.5,185.2,272.8,165.3,251.7,60,65,19,33,17,32,16.5,31.5,15.5,32.5,8,6,8,6,W,WNW,SE,S,88.5,95,81,84,450,30575
5,Kallakurichi,ponmani,alluvial,125,62.5,dry,100,5,200,10,135.65,51.9,75,3000,18.5,21.5,185.2,272.8,165.3,251.7,60,65,19,33,17,32,16.5,31.5,15.5,32.5,8,6,8,6,W,WNW,SE,S,88.5,95,81,84,500,32155
5,Panruti,delux ponni,alluvial,125,62.5,dry,100,5,200,10,135.65,51.9,75,3000,18.5,21.5,185.2,272.8,165.3,251.7,60,65,20,35,18,30,17.5,33.5,18,33,4,12,4,12,ENE,NE,NNE,W,85,96,84,79,400,30355
5,Panruti,CO_43,alluvial,125,62.5,dry,100,5,200,10,135.65,51.9,75,3000,18.5,21.5,185.2,272.8,165.3,251.7,60,65,20,35,18,30,17.5,33.5,18,33,4,12,4,12,ENE,NE,NNE,W,85,96,84,79,450,31625
5,Panruti,ponmani,clay,125,62.5,dry,100,5,200,10,135.65,51.9,75,3000,18.5,21.5,185.2,272.8,165.3,251.7,60,65,20,35,18,30,17.5,33.5,18,33,4,12,4,12,ENE,NE,NNE,W,85,96,84,79,500,32345
5,Panruti,delux ponni,clay,125,62.5,dry,100,5,200,10,135.65,51.9,75,3000,18.5,21.5,185.2,272.8,165.3,251.7,60,65,20,35,18,30,17.5,33.5,18,33,4,12,4,12,ENE,NE,NNE,W,85,96,84,79,400,31400
5,Panruti,CO_43,clay,125,62.5,dry,100,5,200,10,135.65,51.9,75,3000,18.5,21.5,185.2,272.8,165.3,251.7,60,65,20,35,18,30,17.5,33.5,18,33,4,12,4,12,ENE,NE,NNE,W,85,96,84,79,450,30540
5,Cuddalore,delux ponni,clay,125,62.5,dry,100,5,200,10,135.65,51.9,75,3000,19.6,20.4,187.2,270.8,167,250,61,64,18.5,34,16,30,15.5,31,16,33,4,10,8,10,SW,W,NNW,WSW,72,78,88,85,400,30905
5,Cuddalore,ponmani,clay,125,62.5,dry,100,5,200,10,135.65,51.9,75,3000,19.6,20.4,187.2,270.8,167,250,61,64,18.5,34,16,30,15.5,31,16,33,4,10,8,10,SW,W,NNW,WSW,72,78,88,85,500,30805
5,Cuddalore,CO_43,clay,125,62.5,dry,100,5,200,10,135.65,51.9,75,3000,19.6,20.4,187.2,270.8,167,250,61,64,18.5,34,16,30,15.5,31,16,33,4,10,8,10,SW,W,NNW,WSW,72,78,88,85,450,31535
5,Cuddalore,ponmani,clay,125,62.5,dry,100,5,200,10,135.65,51.9,75,3000,19.6,20.4,187.2,270.8,167,250,61,64,18.5,34,16,30,15.5,31,16,33,4,10,8,10,SW,W,NNW,WSW,72,78,88,85,500,31555
5,Cuddalore,delux ponni,alluvial,125,62.5,dry,100,5,200,10,135.65,51.9,75,3000,19.6,20.4,187.2,270.8,167,250,61,64,18.5,34,16,30,15.5,31,16,33,4,10,8,10,SW,W,NNW,WSW,72,78,88,85,400,30545
5,Cuddalore,CO_43,clay,125,62.5,dry,100,5,200,10,135.65,51.9,75,3000,19.6,20.4,187.2,270.8,167,250,61,64,18.5,34,16,30,15.5,31,16,33,4,10,8,10,SW,W,NNW,WSW,72,78,88,85,450,31920
5,Cuddalore,ponmani,alluvial,125,62.5,dry,100,5,200,10,135.65,51.9,75,3000,19.6,20.4,187.2,270.8,167,250,61,64,18.5,34,16,30,15.5,31,16,33,4,10,8,10,SW,W,NNW,WSW,72,78,88,85,500,31035
5,Kurinjipadi,delux ponni,clay,125,62.5,dry,100,5,200,10,135.65,51.9,75,3000,19.6,20.4,187.2,270.8,167,250,61,64,19.5,34,18.5,35,17,32.5,16,30.5,10,4,10,6,NW,S,SE,SSE,64.6,85,84,87,400,30805
5,Kurinjipadi,CO_43,alluvial,125,62.5,dry,100,5,200,10,135.65,51.9,75,3000,19.6,20.4,187.2,270.8,167,250,61,64,19.5,34,18.5,35,17,32.5,16,30.5,10,4,10,6,NW,S,SE,SSE,64.6,85,84,87,450,30285
5,Kurinjipadi,delux ponni,alluvial,125,62.5,dry,100,5,200,10,135.65,51.9,75,3000,19.6,20.4,187.2,270.8,167,250,61,64,19.5,34,18.5,35,17,32.5,16,30.5,10,4,10,6,NW,S,SE,SSE,64.6,85,84,87,400,32050
5,Kurinjipadi,ponmani,clay,125,62.5,dry,100,5,200,10,135.65,51.9,75,3000,19.6,20.4,187.2,270.8,167,250,61,64,19.5,34,18.5,35,17,32.5,16,30.5,10,4,10,6,NW,S,SE,SSE,64.6,85,84,87,500,30855
5,Kurinjipadi,CO_43,alluvial,125,62.5,dry,100,5,200,10,135.65,51.9,75,3000,19.6,20.4,187.2,270.8,167,250,61,64,19.5,34,18.5,35,17,32.5,16,30.5,10,4,10,6,NW,S,SE,SSE,64.6,85,84,87,450,30250
5,Kurinjipadi,ponmani,clay,125,62.5,dry,100,5,200,10,135.65,51.9,75,3000,19.6,20.4,187.2,270.8,167,250,61,64,19.5,34,18.5,35,17,32.5,16,30.5,10,4,10,6,NW,S,SE,SSE,64.6,85,84,87,500,30610
5,Kurinjipadi,delux ponni,alluvial,125,62.5,dry,100,5,200,10,135.65,51.9,75,3000,19.6,20.4,187.2,270.8,167,250,61,64,19.5,34,18.5,35,17,32.5,16,30.5,10,4,10,6,NW,S,SE,SSE,64.6,85,84,87,400,30075
5,Kurinjipadi,CO_43,clay,125,62.5,dry,100,5,200,10,135.65,51.9,75,3000,19.6,20.4,187.2,270.8,167,250,61,64,19.5,34,18.5,35,17,32.5,16,30.5,10,4,10,6,NW,S,SE,SSE,64.6,85,84,87,450,31065
5,Kurinjipadi,ponmani,alluvial,125,62.5,dry,100,5,200,10,135.65,51.9,75,3000,19.6,20.4,187.2,270.8,167,250,61,64,19.5,34,18.5,35,17,32.5,16,30.5,10,4,10,6,NW,S,SE,SSE,64.6,85,84,87,500,31135
5,Kurinjipadi,delux ponni,clay,125,62.5,dry,100,5,200,10,135.65,51.9,75,3000,19.6,20.4,187.2,270.8,167,250,61,64,19.5,34,18.5,35,17,32.5,16,30.5,10,4,10,6,NW,S,SE,SSE,64.6,85,84,87,400,31810
5,Sankarapuram,CO_43,clay,125,62.5,wet,100,5,200,10,135.65,51.9,75,3000,18.1,21.9,185.6,272.4,166.1,250.9,60.2,64.8,20.5,32,17.5,28,18,34,16.5,35,10,12,10,12,SSE,W,SW,NW,72.7,91,83,81,450,30755
5,Sankarapuram,delux ponni,alluvial,125,62.5,wet,100,5,200,10,135.65,51.9,75,3000,18.1,21.9,185.6,272.4,166.1,250.9,60.2,64.8,20.5,32,17.5,28,18,34,16.5,35,10,12,10,12,SSE,W,SW,NW,72.7,91,83,81,400,31815
5,Sankarapuram,ponmani,clay,125,62.5,wet,100,5,200,10,135.65,51.9,75,3000,18.1,21.9,185.6,272.4,166.1,250.9,60.2,64.8,20.5,32,17.5,28,18,34,16.5,35,10,12,10,12,SSE,W,SW,NW,72.7,91,83,81,500,32090
5,Sankarapuram,ponmani,clay,125,62.5,wet,100,5,200,10,135.65,51.9,75,3000,18.1,21.9,185.6,272.4,166.1,250.9,60.2,64.8,20.5,32,17.5,28,18,34,16.5,35,10,12,10,12,SSE,W,SW,NW,72.7,91,83,81,500,31045
5,Sankarapuram,ponmani,alluvial,125,62.5,wet,100,5,200,10,135.65,51.9,75,3000,18.1,21.9,185.6,272.4,166.1,250.9,60.2,64.8,20.5,32,17.5,28,18,34,16.5,35,10,12,10,12,SSE,W,SW,NW,72.7,91,83,81,500,32155
5,Sankarapuram,ponmani,clay,125,62.5,wet,100,5,200,10,135.65,51.9,75,3000,18.1,21.9,185.6,272.4,166.1,250.9,60.2,64.8,20.5,32,17.5,28,18,34,16.5,35,10,12,10,12,SSE,W,SW,NW,72.7,91,83,81,500,31400
5,Sankarapuram,CO_43,clay,125,62.5,wet,100,5,200,10,135.65,51.9,75,3000,18.1,21.9,185.6,272.4,166.1,250.9,60.2,64.8,20.5,32,17.5,28,18,34,16.5,35,10,12,10,12,SSE,W,SW,NW,72.7,91,83,81,450,30805
5,Sankarapuram,ponmani,clay,125,62.5,wet,100,5,200,10,135.65,51.9,75,3000,18.1,21.9,185.6,272.4,166.1,250.9,60.2,64.8,20.5,32,17.5,28,18,34,16.5,35,10,12,10,12,SSE,W,SW,NW,72.7,91,83,81,500,31555
5,Sankarapuram,ponmani,clay,125,62.5,wet,100,5,200,10,135.65,51.9,75,3000,18.1,21.9,185.6,272.4,166.1,250.9,60.2,64.8,20.5,32,17.5,28,18,34,16.5,35,10,12,10,12,SSE,W,SW,NW,72.7,91,83,81,500,30250
5,Sankarapuram,ponmani,alluvial,125,62.5,wet,100,5,200,10,135.65,51.9,75,3000,18.1,21.9,185.6,272.4,166.1,250.9,60.2,64.8,20.5,32,17.5,28,18,34,16.5,35,10,12,10,12,SSE,W,SW,NW,72.7,91,83,81,500,30610
5,Sankarapuram,delux ponni,clay,125,62.5,wet,100,5,200,10,135.65,51.9,75,3000,18.1,21.9,185.6,272.4,166.1,250.9,60.2,64.8,20.5,32,17.5,28,18,34,16.5,35,10,12,10,12,SSE,W,SW,NW,72.7,91,83,81,400,30575
5,Sankarapuram,delux ponni,alluvial,125,62.5,wet,100,5,200,10,135.65,51.9,75,3000,18.1,21.9,185.6,272.4,166.1,250.9,60.2,64.8,20.5,32,17.5,28,18,34,16.5,35,10,12,10,12,SSE,W,SW,NW,72.7,91,83,81,400,31605
5,Sankarapuram,delux ponni,clay,125,62.5,dry,100,5,200,10,135.65,51.9,75,3000,18.1,21.9,185.6,272.4,166.1,250.9,60.2,64.8,20.5,32,17.5,28,18,34,16.5,35,10,12,10,12,SSE,W,SW,NW,72.7,91,83,81,400,31135
5,Sankarapuram,ponmani,clay,125,62.5,dry,100,5,200,10,135.65,51.9,75,3000,18.1,21.9,185.6,272.4,166.1,250.9,60.2,64.8,20.5,32,17.5,28,18,34,16.5,35,10,12,10,12,SSE,W,SW,NW,72.7,91,83,81,500,32080
5,Sankarapuram,delux ponni,alluvial,125,62.5,dry,100,5,200,10,135.65,51.9,75,3000,18.1,21.9,185.6,272.4,166.1,250.9,60.2,64.8,20.5,32,17.5,28,18,34,16.5,35,10,12,10,12,SSE,W,SW,NW,72.7,91,83,81,400,30885
5,Sankarapuram,CO_43,clay,125,62.5,dry,100,5,200,10,135.65,51.9,75,3000,18.1,21.9,185.6,272.4,166.1,250.9,60.2,64.8,20.5,32,17.5,28,18,34,16.5,35,10,12,10,12,SSE,W,SW,NW,72.7,91,83,81,450,30945
5,Sankarapuram,delux ponni,alluvial,125,62.5,dry,100,5,200,10,135.65,51.9,75,3000,18.1,21.9,185.6,272.4,166.1,250.9,60.2,64.8,20.5,32,17.5,28,18,34,16.5,35,10,12,10,12,SSE,W,SW,NW,72.7,91,83,81,400,30460
5,Sankarapuram,delux ponni,alluvial,125,62.5,dry,100,5,200,10,135.65,51.9,75,3000,18.1,21.9,185.6,272.4,166.1,250.9,60.2,64.8,20.5,32,17.5,28,18,34,16.5,35,10,12,10,12,SSE,W,SW,NW,72.7,91,83,81,400,31780
5,Sankarapuram,CO_43,clay,125,62.5,dry,100,5,200,10,135.65,51.9,75,3000,18.1,21.9,185.6,272.4,166.1,250.9,60.2,64.8,20.5,32,17.5,28,18,34,16.5,35,10,12,10,12,SSE,W,SW,NW,72.7,91,83,81,450,30575
5,Sankarapuram,ponmani,alluvial,125,62.5,dry,100,5,200,10,135.65,51.9,75,3000,18.1,21.9,185.6,272.4,166.1,250.9,60.2,64.8,20.5,32,17.5,28,18,34,16.5,35,10,12,10,12,SSE,W,SW,NW,72.7,91,83,81,500,30355
5,Cuddalore,delux ponni,alluvial,125,62.5,dry,100,5,200,10,135.65,51.9,75,3000,19.6,20.4,187.2,270.8,167,250,61,64,18.5,34,16,30,15.5,31,16,33,4,10,8,10,SW,W,NNW,WSW,72,78,88,85,400,30540
5,Kurinjipadi,CO_43,alluvial,125,62.5,dry,100,5,200,10,135.65,51.9,75,3000,19.6,20.4,187.2,270.8,167,250,61,64,19.5,34,18.5,35,17,32.5,16,30.5,10,4,10,6,NW,S,SE,SSE,64.6,85,84,87,450,31535
5,Panruti,ponmani,alluvial,125,62.5,dry,100,5,200,10,135.65,51.9,75,3000,18.5,21.5,185.2,272.8,165.3,251.7,60,65,20,35,18,30,17.5,33.5,18,33,4,12,4,12,ENE,NE,NNE,W,85,96,84,79,500,30545
5,Kallakurichi,delux ponni,clay,125,62.5,wet,100,5,200,10,135.65,51.9,75,3000,18.5,21.5,185.2,272.8,165.3,251.7,60,65,19,33,17,32,16.5,31.5,15.5,32.5,8,6,8,6,W,WNW,SE,S,88.5,95,81,84,400,31625
5,Sankarapuram,CO_43,alluvial,125,62.5,wet,100,5,200,10,135.65,51.9,75,3000,18.1,21.9,185.6,272.4,166.1,250.9,60.2,64.8,20.5,32,17.5,28,18,34,16.5,35,10,12,10,12,SSE,W,SW,NW,72.7,91,83,81,450,32345
5,Chinnasalem,delux ponni,clay,125,62.5,wet,100,5,200,10,135.65,51.9,75,3000,18.1,21.9,185.6,272.4,166.1,250.9,60.2,64.8,18,31,15.5,34,15,33,15,31.5,6,6,8,10,E,ENE,NE,NNW,78.6,80,92,88,400,31400
5,Cuddalore,ponmani,clay,125,62.5,wet,100,5,200,10,135.65,51.9,75,3000,19.6,20.4,187.2,270.8,167,250,61,64,18.5,34,16,30,15.5,31,16,33,4,10,8,10,SW,W,NNW,WSW,72,78,88,85,500,30905
5,Kurinjipadi,CO_43,alluvial,125,62.5,wet,100,5,200,10,135.65,51.9,75,3000,19.6,20.4,187.2,270.8,167,250,61,64,19.5,34,18.5,35,17,32.5,16,30.5,10,4,10,6,NW,S,SE,SSE,64.6,85,84,87,450,31535
5,Panruti,ponmani,clay,125,62.5,wet,100,5,200,10,135.65,51.9,75,3000,18.5,21.5,185.2,272.8,165.3,251.7,60,65,20,35,18,30,17.5,33.5,18,33,4,12,4,12,ENE,NE,NNE,W,85,96,84,79,500,31555
5,Kallakurichi,delux ponni,clay,125,62.5,wet,100,5,200,10,135.65,51.9,75,3000,18.5,21.5,185.2,272.8,165.3,251.7,60,65,19,33,17,32,16.5,31.5,15.5,32.5,8,6,8,6,W,WNW,SE,S,88.5,95,81,84,400,31035
5,Sankarapuram,CO_43,clay,125,62.5,wet,100,5,200,10,135.65,51.9,75,3000,18.1,21.9,185.6,272.4,166.1,250.9,60.2,64.8,20.5,32,17.5,28,18,34,16.5,35,10,12,10,12,SSE,W,SW,NW,72.7,91,83,81,450,32050
5,Chinnasalem,ponmani,alluvial,125,62.5,wet,100,5,200,10,135.65,51.9,75,3000,18.1,21.9,185.6,272.4,166.1,250.9,60.2,64.8,18,31,15.5,34,15,33,15,31.5,6,6,8,10,E,ENE,NE,NNW,78.6,80,92,88,500,30250
5,Cuddalore,delux ponni,alluvial,125,62.5,wet,100,5,200,10,135.65,51.9,75,3000,19.6,20.4,187.2,270.8,167,250,61,64,18.5,34,16,30,15.5,31,16,33,4,10,8,10,SW,W,NNW,WSW,72,78,88,85,400,31135
5,Kurinjipadi,CO_43,alluvial,125,62.5,wet,100,5,200,10,135.65,51.9,75,3000,19.6,20.4,187.2,270.8,167,250,61,64,19.5,34,18.5,35,17,32.5,16,30.5,10,4,10,6,NW,S,SE,SSE,64.6,85,84,87,450,31815
5,Panruti,delux ponni,clay,125,62.5,wet,100,5,200,10,135.65,51.9,75,3000,18.5,21.5,185.2,272.8,165.3,251.7,60,65,20,35,18,30,17.5,33.5,18,33,4,12,4,12,ENE,NE,NNE,W,85,96,84,79,400,31045
5,Kallakurichi,ponmani,alluvial,125,62.5,dry,100,5,200,10,135.65,51.9,75,3000,18.5,21.5,185.2,272.8,165.3,251.7,60,65,19,33,17,32,16.5,31.5,15.5,32.5,8,6,8,6,W,WNW,SE,S,88.5,95,81,84,500,31555
5,Sankarapuram,CO_43,clay,125,62.5,dry,100,5,200,10,135.65,51.9,75,3000,18.1,21.9,185.6,272.4,166.1,250.9,60.2,64.8,20.5,32,17.5,28,18,34,16.5,35,10,12,10,12,SSE,W,SW,NW,72.7,91,83,81,450,30575
5,Chinnasalem,ponmani,alluvial,125,62.5,dry,100,5,200,10,135.65,51.9,75,3000,18.1,21.9,185.6,272.4,166.1,250.9,60.2,64.8,18,31,15.5,34,15,33,15,31.5,6,6,8,10,E,ENE,NE,NNW,78.6,80,92,88,500,31135
5,Cuddalore,delux ponni,alluvial,125,62.5,dry,100,5,200,10,135.65,51.9,75,3000,19.6,20.4,187.2,270.8,167,250,61,64,18.5,34,16,30,15.5,31,16,33,4,10,8,10,SW,W,NNW,WSW,72,78,88,85,400,31625
5,Kurinjipadi,CO_43,clay,125,62.5,dry,100,5,200,10,135.65,51.9,75,3000,19.6,20.4,187.2,270.8,167,250,61,64,19.5,34,18.5,35,17,32.5,16,30.5,10,4,10,6,NW,S,SE,SSE,64.6,85,84,87,450,32345
5,Panruti,ponmani,clay,125,62.5,dry,100,5,200,10,135.65,51.9,75,3000,18.5,21.5,185.2,272.8,165.3,251.7,60,65,20,35,18,30,17.5,33.5,18,33,4,12,4,12,ENE,NE,NNE,W,85,96,84,79,500,31400
5,Kallakurichi,delux ponni,alluvial,125,62.5,dry,100,5,200,10,135.65,51.9,75,3000,18.5,21.5,185.2,272.8,165.3,251.7,60,65,19,33,17,32,16.5,31.5,15.5,32.5,8,6,8,6,W,WNW,SE,S,88.5,95,81,84,400,30905
5,Sankarapuram,CO_43,clay,125,62.5,dry,100,5,200,10,135.65,51.9,75,3000,18.1,21.9,185.6,272.4,166.1,250.9,60.2,64.8,20.5,32,17.5,28,18,34,16.5,35,10,12,10,12,SSE,W,SW,NW,72.7,91,83,81,450,31535
5,Chinnasalem,delux ponni,alluvial,125,62.5,dry,100,5,200,10,135.65,51.9,75,3000,18.1,21.9,185.6,272.4,166.1,250.9,60.2,64.8,18,31,15.5,34,15,33,15,31.5,6,6,8,10,E,ENE,NE,NNW,78.6,80,92,88,400,31555
5,Cuddalore,ponmani,clay,125,62.5,dry,100,5,200,10,135.65,51.9,75,3000,19.6,20.4,187.2,270.8,167,250,61,64,18.5,34,16,30,15.5,31,16,33,4,10,8,10,SW,W,NNW,WSW,72,78,88,85,500,31035
5,Kurinjipadi,ponmani,clay,125,62.5,dry,100,5,200,10,135.65,51.9,75,3000,19.6,20.4,187.2,270.8,167,250,61,64,19.5,34,18.5,35,17,32.5,16,30.5,10,4,10,6,NW,S,SE,SSE,64.6,85,84,87,500,32050
5,Panruti,ponmani,alluvial,125,62.5,dry,100,5,200,10,135.65,51.9,75,3000,18.5,21.5,185.2,272.8,165.3,251.7,60,65,20,35,18,30,17.5,33.5,18,33,4,12,4,12,ENE,NE,NNE,W,85,96,84,79,500,30250
5,Kallakurichi,ponmani,clay,125,62.5,dry,100,5,200,10,135.65,51.9,75,3000,18.5,21.5,185.2,272.8,165.3,251.7,60,65,19,33,17,32,16.5,31.5,15.5,32.5,8,6,8,6,W,WNW,SE,S,88.5,95,81,84,500,31135
5,Sankarapuram,CO_43,alluvial,125,62.5,dry,100,5,200,10,135.65,51.9,75,3000,18.1,21.9,185.6,272.4,166.1,250.9,60.2,64.8,20.5,32,17.5,28,18,34,16.5,35,10,12,10,12,SSE,W,SW,NW,72.7,91,83,81,450,31815
5,Chinnasalem,ponmani,clay,125,62.5,dry,100,5,200,10,135.65,51.9,75,3000,18.1,21.9,185.6,272.4,166.1,250.9,60.2,64.8,18,31,15.5,34,15,33,15,31.5,6,6,8,10,E,ENE,NE,NNW,78.6,80,92,88,500,31045
5,Cuddalore,ponmani,alluvial,125,62.5,dry,100,5,200,10,135.65,51.9,75,3000,19.6,20.4,187.2,270.8,167,250,61,64,18.5,34,16,30,15.5,31,16,33,4,10,8,10,SW,W,NNW,WSW,72,78,88,85,500,31555
5,Kurinjipadi,ponmani,alluvial,125,62.5,dry,100,5,200,10,135.65,51.9,75,3000,19.6,20.4,187.2,270.8,167,250,61,64,19.5,34,18.5,35,17,32.5,16,30.5,10,4,10,6,NW,S,SE,SSE,64.6,85,84,87,500,30575
5,Panruti,delux ponni,clay,125,62.5,dry,100,5,200,10,135.65,51.9,75,3000,18.5,21.5,185.2,272.8,165.3,251.7,60,65,20,35,18,30,17.5,33.5,18,33,4,12,4,12,ENE,NE,NNE,W,85,96,84,79,400,31135
5,Kallakurichi,delux ponni,alluvial,125,62.5,dry,100,5,200,10,135.65,51.9,75,3000,18.5,21.5,185.2,272.8,165.3,251.7,60,65,19,33,17,32,16.5,31.5,15.5,32.5,8,6,8,6,W,WNW,SE,S,88.5,95,81,84,400,31625
5,Sankarapuram,delux ponni,clay,125,62.5,dry,100,5,200,10,135.65,51.9,75,3000,18.1,21.9,185.6,272.4,166.1,250.9,60.2,64.8,20.5,32,17.5,28,18,34,16.5,35,10,12,10,12,SSE,W,SW,NW,72.7,91,83,81,400,32345
5,Chinnasalem,ponmani,alluvial,125,62.5,dry,100,5,200,10,135.65,51.9,75,3000,18.1,21.9,185.6,272.4,166.1,250.9,60.2,64.8,18,31,15.5,34,15,33,15,31.5,6,6,8,10,E,ENE,NE,NNW,78.6,80,92,88,500,31400
5,Cuddalore,delux ponni,clay,125,62.5,dry,100,5,200,10,135.65,51.9,75,3000,19.6,20.4,187.2,270.8,167,250,61,64,18.5,34,16,30,15.5,31,16,33,4,10,8,10,SW,W,NNW,WSW,72,78,88,85,400,30905
5,Kurinjipadi,CO_43,alluvial,125,62.5,dry,100,5,200,10,135.65,51.9,75,3000,19.6,20.4,187.2,270.8,167,250,61,64,19.5,34,18.5,35,17,32.5,16,30.5,10,4,10,6,NW,S,SE,SSE,64.6,85,84,87,450,31535
5,Panruti,delux ponni,clay,125,62.5,dry,100,5,200,10,135.65,51.9,75,3000,18.5,21.5,185.2,272.8,165.3,251.7,60,65,20,35,18,30,17.5,33.5,18,33,4,12,4,12,ENE,NE,NNE,W,85,96,84,79,400,31555
5,Kallakurichi,delux ponni,clay,125,62.5,dry,100,5,200,10,135.65,51.9,75,3000,18.5,21.5,185.2,272.8,165.3,251.7,60,65,19,33,17,32,16.5,31.5,15.5,32.5,8,6,8,6,W,WNW,SE,S,88.5,95,81,84,400,31035
5,Sankarapuram,CO_43,clay,125,62.5,dry,100,5,200,10,135.65,51.9,75,3000,18.1,21.9,185.6,272.4,166.1,250.9,60.2,64.8,20.5,32,17.5,28,18,34,16.5,35,10,12,10,12,SSE,W,SW,NW,72.7,91,83,81,450,32050
5,Chinnasalem,ponmani,clay,125,62.5,dry,100,5,200,10,135.65,51.9,75,3000,18.1,21.9,185.6,272.4,166.1,250.9,60.2,64.8,18,31,15.5,34,15,33,15,31.5,6,6,8,10,E,ENE,NE,NNW,78.6,80,92,88,500,30250
5,Cuddalore,delux ponni,alluvial,125,62.5,dry,100,5,200,10,135.65,51.9,75,3000,19.6,20.4,187.2,270.8,167,250,61,64,18.5,34,16,30,15.5,31,16,33,4,10,8,10,SW,W,NNW,WSW,72,78,88,85,400,31135
5,Kurinjipadi,CO_43,clay,125,62.5,dry,100,5,200,10,135.65,51.9,75,3000,19.6,20.4,187.2,270.8,167,250,61,64,19.5,34,18.5,35,17,32.5,16,30.5,10,4,10,6,NW,S,SE,SSE,64.6,85,84,87,450,31815
5,Panruti,ponmani,clay,125,62.5,wet,100,5,200,10,135.65,51.9,75,3000,18.5,21.5,185.2,272.8,165.3,251.7,60,65,20,35,18,30,17.5,33.5,18,33,4,12,4,12,ENE,NE,NNE,W,85,96,84,79,500,31045
5,Kallakurichi,delux ponni,alluvial,125,62.5,wet,100,5,200,10,135.65,51.9,75,3000,18.5,21.5,185.2,272.8,165.3,251.7,60,65,19,33,17,32,16.5,31.5,15.5,32.5,8,6,8,6,W,WNW,SE,S,88.5,95,81,84,400,31555
5,Sankarapuram,CO_43,clay,125,62.5,wet,100,5,200,10,135.65,51.9,75,3000,18.1,21.9,185.6,272.4,166.1,250.9,60.2,64.8,20.5,32,17.5,28,18,34,16.5,35,10,12,10,12,SSE,W,SW,NW,72.7,91,83,81,450,30575
5,Chinnasalem,delux ponni,clay,125,62.5,wet,100,5,200,10,135.65,51.9,75,3000,18.1,21.9,185.6,272.4,166.1,250.9,60.2,64.8,18,31,15.5,34,15,33,15,31.5,6,6,8,10,E,ENE,NE,NNW,78.6,80,92,88,400,31135
5,Cuddalore,ponmani,alluvial,125,62.5,wet,100,5,200,10,135.65,51.9,75,3000,19.6,20.4,187.2,270.8,167,250,61,64,18.5,34,16,30,15.5,31,16,33,4,10,8,10,SW,W,NNW,WSW,72,78,88,85,500,31625
5,Kurinjipadi,CO_43,clay,125,62.5,wet,100,5,200,10,135.65,51.9,75,3000,19.6,20.4,187.2,270.8,167,250,61,64,19.5,34,18.5,35,17,32.5,16,30.5,10,4,10,6,NW,S,SE,SSE,64.6,85,84,87,450,32345
5,Panruti,ponmani,clay,125,62.5,wet,100,5,200,10,135.65,51.9,75,3000,18.5,21.5,185.2,272.8,165.3,251.7,60,65,20,35,18,30,17.5,33.5,18,33,4,12,4,12,ENE,NE,NNE,W,85,96,84,79,500,31400
5,Kallakurichi,delux ponni,clay,125,62.5,wet,100,5,200,10,135.65,51.9,75,3000,18.5,21.5,185.2,272.8,165.3,251.7,60,65,19,33,17,32,16.5,31.5,15.5,32.5,8,6,8,6,W,WNW,SE,S,88.5,95,81,84,400,30905
5,Sankarapuram,CO_43,alluvial,125,62.5,wet,100,5,200,10,135.65,51.9,75,3000,18.1,21.9,185.6,272.4,166.1,250.9,60.2,64.8,20.5,32,17.5,28,18,34,16.5,35,10,12,10,12,SSE,W,SW,NW,72.7,91,83,81,450,31535
5,Chinnasalem,ponmani,clay,125,62.5,wet,100,5,200,10,135.65,51.9,75,3000,18.1,21.9,185.6,272.4,166.1,250.9,60.2,64.8,18,31,15.5,34,15,33,15,31.5,6,6,8,10,E,ENE,NE,NNW,78.6,80,92,88,500,31555
5,Cuddalore,delux ponni,clay,125,62.5,wet,100,5,200,10,135.65,51.9,75,3000,19.6,20.4,187.2,270.8,167,250,61,64,18.5,34,16,30,15.5,31,16,33,4,10,8,10,SW,W,NNW,WSW,72,78,88,85,400,31035
5,Kurinjipadi,CO_43,alluvial,125,62.5,wet,100,5,200,10,135.65,51.9,75,3000,19.6,20.4,187.2,270.8,167,250,61,64,19.5,34,18.5,35,17,32.5,16,30.5,10,4,10,6,NW,S,SE,SSE,64.6,85,84,87,450,32050
5,Panruti,delux ponni,alluvial,125,62.5,wet,100,5,200,10,135.65,51.9,75,3000,18.5,21.5,185.2,272.8,165.3,251.7,60,65,20,35,18,30,17.5,33.5,18,33,4,12,4,12,ENE,NE,NNE,W,85,96,84,79,400,30250
5,Kallakurichi,ponmani,alluvial,125,62.5,dry,100,5,200,10,135.65,51.9,75,3000,18.5,21.5,185.2,272.8,165.3,251.7,60,65,19,33,17,32,16.5,31.5,15.5,32.5,8,6,8,6,W,WNW,SE,S,88.5,95,81,84,500,31135
5,Sankarapuram,CO_43,alluvial,125,62.5,dry,100,5,200,10,135.65,51.9,75,3000,18.1,21.9,185.6,272.4,166.1,250.9,60.2,64.8,20.5,32,17.5,28,18,34,16.5,35,10,12,10,12,SSE,W,SW,NW,72.7,91,83,81,450,31815
5,Chinnasalem,ponmani,alluvial,125,62.5,dry,100,5,200,10,135.65,51.9,75,3000,18.1,21.9,185.6,272.4,166.1,250.9,60.2,64.8,18,31,15.5,34,15,33,15,31.5,6,6,8,10,E,ENE,NE,NNW,78.6,80,92,88,500,31045
5,Cuddalore,delux ponni,alluvial,125,62.5,dry,100,5,200,10,135.65,51.9,75,3000,19.6,20.4,187.2,270.8,167,250,61,64,18.5,34,16,30,15.5,31,16,33,4,10,8,10,SW,W,NNW,WSW,72,78,88,85,400,31555
5,Kurinjipadi,CO_43,alluvial,125,62.5,dry,100,5,200,10,135.65,51.9,75,3000,19.6,20.4,187.2,270.8,167,250,61,64,19.5,34,18.5,35,17,32.5,16,30.5,10,4,10,6,NW,S,SE,SSE,64.6,85,84,87,450,30575
5,Panruti,ponmani,clay,125,62.5,dry,100,5,200,10,135.65,51.9,75,3000,18.5,21.5,185.2,272.8,165.3,251.7,60,65,20,35,18,30,17.5,33.5,18,33,4,12,4,12,ENE,NE,NNE,W,85,96,84,79,500,31135
5,Kallakurichi,delux ponni,clay,125,62.5,dry,100,5,200,10,135.65,51.9,75,3000,18.5,21.5,185.2,272.8,165.3,251.7,60,65,19,33,17,32,16.5,31.5,15.5,32.5,8,6,8,6,W,WNW,SE,S,88.5,95,81,84,400,31625
5,Sankarapuram,CO_43,clay,125,62.5,dry,100,5,200,10,135.65,51.9,75,3000,18.1,21.9,185.6,272.4,166.1,250.9,60.2,64.8,20.5,32,17.5,28,18,34,16.5,35,10,12,10,12,SSE,W,SW,NW,72.7,91,83,81,450,32345
5,Chinnasalem,delux ponni,clay,125,62.5,dry,100,5,200,10,135.65,51.9,75,3000,18.1,21.9,185.6,272.4,166.1,250.9,60.2,64.8,18,31,15.5,34,15,33,15,31.5,6,6,8,10,E,ENE,NE,NNW,78.6,80,92,88,400,31400
5,Cuddalore,ponmani,clay,125,62.5,dry,100,5,200,10,135.65,51.9,75,3000,19.6,20.4,187.2,270.8,167,250,61,64,18.5,34,16,30,15.5,31,16,33,4,10,8,10,SW,W,NNW,WSW,72,78,88,85,500,30905
5,Kurinjipadi,ponmani,clay,125,62.5,dry,100,5,200,10,135.65,51.9,75,3000,19.6,20.4,187.2,270.8,167,250,61,64,19.5,34,18.5,35,17,32.5,16,30.5,10,4,10,6,NW,S,SE,SSE,64.6,85,84,87,500,31535
5,Panruti,ponmani,clay,125,62.5,dry,100,5,200,10,135.65,51.9,75,3000,18.5,21.5,185.2,272.8,165.3,251.7,60,65,20,35,18,30,17.5,33.5,18,33,4,12,4,12,ENE,NE,NNE,W,85,96,84,79,500,31555
5,Kallakurichi,ponmani,clay,125,62.5,dry,100,5,200,10,135.65,51.9,75,3000,18.5,21.5,185.2,272.8,165.3,251.7,60,65,19,33,17,32,16.5,31.5,15.5,32.5,8,6,8,6,W,WNW,SE,S,88.5,95,81,84,500,31035
5,Sankarapuram,CO_43,alluvial,125,62.5,dry,100,5,200,10,135.65,51.9,75,3000,18.1,21.9,185.6,272.4,166.1,250.9,60.2,64.8,20.5,32,17.5,28,18,34,16.5,35,10,12,10,12,SSE,W,SW,NW,72.7,91,83,81,450,32050
5,Chinnasalem,ponmani,alluvial,125,62.5,dry,100,5,200,10,135.65,51.9,75,3000,18.1,21.9,185.6,272.4,166.1,250.9,60.2,64.8,18,31,15.5,34,15,33,15,31.5,6,6,8,10,E,ENE,NE,NNW,78.6,80,92,88,500,30250
5,Cuddalore,ponmani,alluvial,125,62.5,dry,100,5,200,10,135.65,51.9,75,3000,19.6,20.4,187.2,270.8,167,250,61,64,18.5,34,16,30,15.5,31,16,33,4,10,8,10,SW,W,NNW,WSW,72,78,88,85,500,31135
5,Kurinjipadi,ponmani,alluvial,125,62.5,dry,100,5,200,10,135.65,51.9,75,3000,19.6,20.4,187.2,270.8,167,250,61,64,19.5,34,18.5,35,17,32.5,16,30.5,10,4,10,6,NW,S,SE,SSE,64.6,85,84,87,500,31815
5,Panruti,delux ponni,alluvial,125,62.5,dry,100,5,200,10,135.65,51.9,75,3000,18.5,21.5,185.2,272.8,165.3,251.7,60,65,20,35,18,30,17.5,33.5,18,33,4,12,4,12,ENE,NE,NNE,W,85,96,84,79,400,31045
5,Kallakurichi,delux ponni,alluvial,125,62.5,dry,100,5,200,10,135.65,51.9,75,3000,18.5,21.5,185.2,272.8,165.3,251.7,60,65,19,33,17,32,16.5,31.5,15.5,32.5,8,6,8,6,W,WNW,SE,S,88.5,95,81,84,400,31555
5,Sankarapuram,delux ponni,alluvial,125,62.5,dry,100,5,200,10,135.65,51.9,75,3000,18.1,21.9,185.6,272.4,166.1,250.9,60.2,64.8,20.5,32,17.5,28,18,34,16.5,35,10,12,10,12,SSE,W,SW,NW,72.7,91,83,81,400,30575
5,Chinnasalem,ponmani,alluvial,125,62.5,dry,100,5,200,10,135.65,51.9,75,3000,18.1,21.9,185.6,272.4,166.1,250.9,60.2,64.8,18,31,15.5,34,15,33,15,31.5,6,6,8,10,E,ENE,NE,NNW,78.6,80,92,88,500,31135
5,Cuddalore,delux ponni,clay,125,62.5,dry,100,5,200,10,135.65,51.9,75,3000,19.6,20.4,187.2,270.8,167,250,61,64,18.5,34,16,30,15.5,31,16,33,4,10,8,10,SW,W,NNW,WSW,72,78,88,85,400,30100
5,Kurinjipadi,CO_43,clay,125,62.5,dry,100,5,200,10,135.65,51.9,75,3000,19.6,20.4,187.2,270.8,167,250,61,64,19.5,34,18.5,35,17,32.5,16,30.5,10,4,10,6,NW,S,SE,SSE,64.6,85,84,87,450,32085
5,Panruti,delux ponni,clay,125,62.5,dry,100,5,200,10,135.65,51.9,75,3000,18.5,21.5,185.2,272.8,165.3,251.7,60,65,20,35,18,30,17.5,33.5,18,33,4,12,4,12,ENE,NE,NNE,W,85,96,84,79,400,31980
5,Kallakurichi,delux ponni,clay,125,62.5,wet,100,5,200,10,135.65,51.9,75,3000,18.5,21.5,185.2,272.8,165.3,251.7,60,65,19,33,17,32,16.5,31.5,15.5,32.5,8,6,8,6,W,WNW,SE,S,88.5,95,81,84,400,31555
5,Sankarapuram,CO_43,clay,125,62.5,dry,100,5,200,10,135.65,51.9,75,3000,18.1,21.9,185.6,272.4,166.1,250.9,60.2,64.8,20.5,32,17.5,28,18,34,16.5,35,10,12,10,12,SSE,W,SW,NW,72.7,91,83,81,450,30405
5,Chinnasalem,ponmani,clay,125,62.5,wet,100,5,200,10,135.65,51.9,75,3000,18.1,21.9,185.6,272.4,166.1,250.9,60.2,64.8,18,31,15.5,34,15,33,15,31.5,6,6,8,10,E,ENE,NE,NNW,78.6,80,92,88,500,31420
5,Cuddalore,delux ponni,clay,125,62.5,dry,100,5,200,10,135.65,51.9,75,3000,19.6,20.4,187.2,270.8,167,250,61,64,18.5,34,16,30,15.5,31,16,33,4,10,8,10,SW,W,NNW,WSW,72,78,88,85,400,30965
5,Kurinjipadi,CO_43,alluvial,125,62.5,wet,100,5,200,10,135.65,51.9,75,3000,19.6,20.4,187.2,270.8,167,250,61,64,19.5,34,18.5,35,17,32.5,16,30.5,10,4,10,6,NW,S,SE,SSE,64.6,85,84,87,450,31140
5,Panruti,ponmani,clay,125,62.5,wet,100,5,200,10,135.65,51.9,75,3000,18.5,21.5,185.2,272.8,165.3,251.7,60,65,20,35,18,30,17.5,33.5,18,33,4,12,4,12,ENE,NE,NNE,W,85,96,84,79,500,27600
5,Kallakurichi,delux ponni,alluvial,125,62.5,dry,100,5,200,10,135.65,51.9,75,3000,18.5,21.5,185.2,272.8,165.3,251.7,60,65,19,33,17,32,16.5,31.5,15.5,32.5,8,6,8,6,W,WNW,SE,S,88.5,95,81,84,400,30250
5,Sankarapuram,CO_43,clay,125,62.5,dry,100,5,200,10,135.65,51.9,75,3000,18.1,21.9,185.6,272.4,166.1,250.9,60.2,64.8,20.5,32,17.5,28,18,34,16.5,35,10,12,10,12,SSE,W,SW,NW,72.7,91,83,81,450,30610
5,Chinnasalem,delux ponni,alluvial,125,62.5,dry,100,5,200,10,135.65,51.9,75,3000,18.1,21.9,185.6,272.4,166.1,250.9,60.2,64.8,18,31,15.5,34,15,33,15,31.5,6,6,8,10,E,ENE,NE,NNW,78.6,80,92,88,400,30575
5,Cuddalore,ponmani,alluvial,125,62.5,wet,100,5,200,10,135.65,51.9,75,3000,19.6,20.4,187.2,270.8,167,250,61,64,18.5,34,16,30,15.5,31,16,33,4,10,8,10,SW,W,NNW,WSW,72,78,88,85,500,30075
5,Kurinjipadi,CO_43,clay,125,62.5,wet,100,5,200,10,135.65,51.9,75,3000,19.6,20.4,187.2,270.8,167,250,61,64,19.5,34,18.5,35,17,32.5,16,30.5,10,4,10,6,NW,S,SE,SSE,64.6,85,84,87,450,31605
5,Panruti,ponmani,alluvial,125,62.5,wet,100,5,200,10,135.65,51.9,75,3000,18.5,21.5,185.2,272.8,165.3,251.7,60,65,20,35,18,30,17.5,33.5,18,33,4,12,4,12,ENE,NE,NNE,W,85,96,84,79,500,31065
5,Kallakurichi,delux ponni,clay,125,62.5,wet,100,5,200,10,135.65,51.9,75,3000,18.5,21.5,185.2,272.8,165.3,251.7,60,65,19,33,17,32,16.5,31.5,15.5,32.5,8,6,8,6,W,WNW,SE,S,88.5,95,81,84,400,31135
5,Sankarapuram,CO_43,alluvial,125,62.5,wet,100,5,200,10,135.65,51.9,75,3000,18.1,21.9,185.6,272.4,166.1,250.9,60.2,64.8,20.5,32,17.5,28,18,34,16.5,35,10,12,10,12,SSE,W,SW,NW,72.7,91,83,81,450,32080
5,Chinnasalem,ponmani,clay,125,62.5,wet,100,5,200,10,135.65,51.9,75,3000,18.1,21.9,185.6,272.4,166.1,250.9,60.2,64.8,18,31,15.5,34,15,33,15,31.5,6,6,8,10,E,ENE,NE,NNW,78.6,80,92,88,500,31135
5,Cuddalore,delux ponni,alluvial,125,62.5,dry,100,5,200,10,135.65,51.9,75,3000,19.6,20.4,187.2,270.8,167,250,61,64,18.5,34,16,30,15.5,31,16,33,4,10,8,10,SW,W,NNW,WSW,72,78,88,85,400,31810
5,Kurinjipadi,CO_43,clay,125,62.5,dry,100,5,200,10,135.65,51.9,75,3000,19.6,20.4,187.2,270.8,167,250,61,64,19.5,34,18.5,35,17,32.5,16,30.5,10,4,10,6,NW,S,SE,SSE,64.6,85,84,87,450,30885
5,Panruti,delux ponni,clay,125,62.5,dry,100,5,200,10,135.65,51.9,75,3000,18.5,21.5,185.2,272.8,165.3,251.7,60,65,20,35,18,30,17.5,33.5,18,33,4,12,4,12,ENE,NE,NNE,W,85,96,84,79,400,31430
5,Kallakurichi,ponmani,alluvial,125,62.5,dry,100,5,200,10,135.65,51.9,75,3000,18.5,21.5,185.2,272.8,165.3,251.7,60,65,19,33,17,32,16.5,31.5,15.5,32.5,8,6,8,6,W,WNW,SE,S,88.5,95,81,84,500,30755
5,Sankarapuram,CO_43,clay,125,62.5,dry,100,5,200,10,135.65,51.9,75,3000,18.1,21.9,185.6,272.4,166.1,250.9,60.2,64.8,20.5,32,17.5,28,18,34,16.5,35,10,12,10,12,SSE,W,SW,NW,72.7,91,83,81,450,30945
5,Chinnasalem,ponmani,clay,125,62.5,dry,100,5,200,10,135.65,51.9,75,3000,18.1,21.9,185.6,272.4,166.1,250.9,60.2,64.8,18,31,15.5,34,15,33,15,31.5,6,6,8,10,E,ENE,NE,NNW,78.6,80,92,88,500,31815
5,Cuddalore,delux ponni,alluvial,125,62.5,dry,100,5,200,10,135.65,51.9,75,3000,19.6,20.4,187.2,270.8,167,250,61,64,18.5,34,16,30,15.5,31,16,33,4,10,8,10,SW,W,NNW,WSW,72,78,88,85,400,30460
5,Kurinjipadi,CO_43,clay,125,62.5,dry,100,5,200,10,135.65,51.9,75,3000,19.6,20.4,187.2,270.8,167,250,61,64,19.5,34,18.5,35,17,32.5,16,30.5,10,4,10,6,NW,S,SE,SSE,64.6,85,84,87,450,30960
5,Panruti,ponmani,clay,125,62.5,dry,100,5,200,10,135.65,51.9,75,3000,18.5,21.5,185.2,272.8,165.3,251.7,60,65,20,35,18,30,17.5,33.5,18,33,4,12,4,12,ENE,NE,NNE,W,85,96,84,79,500,32020
5,Kallakurichi,delux ponni,clay,125,62.5,dry,100,5,200,10,135.65,51.9,75,3000,18.5,21.5,185.2,272.8,165.3,251.7,60,65,19,33,17,32,16.5,31.5,15.5,32.5,8,6,8,6,W,WNW,SE,S,88.5,95,81,84,400,32090
5,Sankarapuram,CO_43,clay,125,62.5,dry,100,5,200,10,135.65,51.9,75,3000,18.1,21.9,185.6,272.4,166.1,250.9,60.2,64.8,20.5,32,17.5,28,18,34,16.5,35,10,12,10,12,SSE,W,SW,NW,72.7,91,83,81,450,31780
5,Chinnasalem,delux ponni,alluvial,125,62.5,dry,100,5,200,10,135.65,51.9,75,3000,18.1,21.9,185.6,272.4,166.1,250.9,60.2,64.8,18,31,15.5,34,15,33,15,31.5,6,6,8,10,E,ENE,NE,NNW,78.6,80,92,88,400,30795
5,Cuddalore,ponmani,clay,125,62.5,dry,100,5,200,10,135.65,51.9,75,3000,19.6,20.4,187.2,270.8,167,250,61,64,18.5,34,16,30,15.5,31,16,33,4,10,8,10,SW,W,NNW,WSW,72,78,88,85,500,31045
5,Kurinjipadi,ponmani,alluvial,125,62.5,dry,100,5,200,10,135.65,51.9,75,3000,19.6,20.4,187.2,270.8,167,250,61,64,19.5,34,18.5,35,17,32.5,16,30.5,10,4,10,6,NW,S,SE,SSE,64.6,85,84,87,500,30575
5,Panruti,ponmani,clay,125,62.5,dry,100,5,200,10,135.65,51.9,75,3000,18.5,21.5,185.2,272.8,165.3,251.7,60,65,20,35,18,30,17.5,33.5,18,33,4,12,4,12,ENE,NE,NNE,W,85,96,84,79,500,32155
5,Kallakurichi,ponmani,clay,125,62.5,dry,100,5,200,10,135.65,51.9,75,3000,18.5,21.5,185.2,272.8,165.3,251.7,60,65,19,33,17,32,16.5,31.5,15.5,32.5,8,6,8,6,W,WNW,SE,S,88.5,95,81,84,500,30355
5,Sankarapuram,CO_43,alluvial,125,62.5,dry,100,5,200,10,135.65,51.9,75,3000,18.1,21.9,185.6,272.4,166.1,250.9,60.2,64.8,20.5,32,17.5,28,18,34,16.5,35,10,12,10,12,SSE,W,SW,NW,72.7,91,83,81,450,31625
5,Chinnasalem,ponmani,clay,125,62.5,dry,100,5,200,10,135.65,51.9,75,3000,18.1,21.9,185.6,272.4,166.1,250.9,60.2,64.8,18,31,15.5,34,15,33,15,31.5,6,6,8,10,E,ENE,NE,NNW,78.6,80,92,88,500,32345
5,Cuddalore,ponmani,alluvial,125,62.5,dry,100,5,200,10,135.65,51.9,75,3000,19.6,20.4,187.2,270.8,167,250,61,64,18.5,34,16,30,15.5,31,16,33,4,10,8,10,SW,W,NNW,WSW,72,78,88,85,500,31400
5,Kurinjipadi,ponmani,alluvial,125,62.5,dry,100,5,200,10,135.65,51.9,75,3000,19.6,20.4,187.2,270.8,167,250,61,64,19.5,34,18.5,35,17,32.5,16,30.5,10,4,10,6,NW,S,SE,SSE,64.6,85,84,87,500,30540
5,Panruti,delux ponni,clay,125,62.5,dry,100,5,200,10,135.65,51.9,75,3000,18.5,21.5,185.2,272.8,165.3,251.7,60,65,20,35,18,30,17.5,33.5,18,33,4,12,4,12,ENE,NE,NNE,W,85,96,84,79,400,30905
5,Kallakurichi,delux ponni,alluvial,125,62.5,dry,100,5,200,10,135.65,51.9,75,3000,18.5,21.5,185.2,272.8,165.3,251.7,60,65,19,33,17,32,16.5,31.5,15.5,32.5,8,6,8,6,W,WNW,SE,S,88.5,95,81,84,400,30805
5,Sankarapuram,delux ponni,alluvial,125,62.5,dry,100,5,200,10,135.65,51.9,75,3000,18.1,21.9,185.6,272.4,166.1,250.9,60.2,64.8,20.5,32,17.5,28,18,34,16.5,35,10,12,10,12,SSE,W,SW,NW,72.7,91,83,81,400,31535
5,Chinnasalem,ponmani,alluvial,125,62.5,dry,100,5,200,10,135.65,51.9,75,3000,18.1,21.9,185.6,272.4,166.1,250.9,60.2,64.8,18,31,15.5,34,15,33,15,31.5,6,6,8,10,E,ENE,NE,NNW,78.6,80,92,88,500,31555
5,Cuddalore,delux ponni,alluvial,125,62.5,dry,100,5,200,10,135.65,51.9,75,3000,19.6,20.4,187.2,270.8,167,250,61,64,18.5,34,16,30,15.5,31,16,33,4,10,8,10,SW,W,NNW,WSW,72,78,88,85,400,30545
5,Kurinjipadi,CO_43,clay,125,62.5,dry,100,5,200,10,135.65,51.9,75,3000,19.6,20.4,187.2,270.8,167,250,61,64,19.5,34,18.5,35,17,32.5,16,30.5,10,4,10,6,NW,S,SE,SSE,64.6,85,84,87,450,31920
5,Panruti,delux ponni,alluvial,125,62.5,dry,100,5,200,10,135.65,51.9,75,3000,18.5,21.5,185.2,272.8,165.3,251.7,60,65,20,35,18,30,17.5,33.5,18,33,4,12,4,12,ENE,NE,NNE,W,85,96,84,79,400,31035
5,Kallakurichi,delux ponni,clay,125,62.5,wet,100,5,200,10,135.65,51.9,75,3000,18.5,21.5,185.2,272.8,165.3,251.7,60,65,19,33,17,32,16.5,31.5,15.5,32.5,8,6,8,6,W,WNW,SE,S,88.5,95,81,84,400,30805
5,Sankarapuram,CO_43,clay,125,62.5,wet,100,5,200,10,135.65,51.9,75,3000,18.1,21.9,185.6,272.4,166.1,250.9,60.2,64.8,20.5,32,17.5,28,18,34,16.5,35,10,12,10,12,SSE,W,SW,NW,72.7,91,83,81,450,30285
5,Chinnasalem,ponmani,alluvial,125,62.5,wet,100,5,200,10,135.65,51.9,75,3000,18.1,21.9,185.6,272.4,166.1,250.9,60.2,64.8,18,31,15.5,34,15,33,15,31.5,6,6,8,10,E,ENE,NE,NNW,78.6,80,92,88,500,32050
5,Cuddalore,delux ponni,clay,125,62.5,wet,100,5,200,10,135.65,51.9,75,3000,19.6,20.4,187.2,270.8,167,250,61,64,18.5,34,16,30,15.5,31,16,33,4,10,8,10,SW,W,NNW,WSW,72,78,88,85,400,30855
5,Kurinjipadi,CO_43,clay,125,62.5,wet,100,5,200,10,135.65,51.9,75,3000,19.6,20.4,187.2,270.8,167,250,61,64,19.5,34,18.5,35,17,32.5,16,30.5,10,4,10,6,NW,S,SE,SSE,64.6,85,84,87,450,30250
5,Panruti,ponmani,clay,125,62.5,wet,100,5,200,10,135.65,51.9,75,3000,18.5,21.5,185.2,272.8,165.3,251.7,60,65,20,35,18,30,17.5,33.5,18,33,4,12,4,12,ENE,NE,NNE,W,85,96,84,79,500,30610
5,Kallakurichi,delux ponni,alluvial,125,62.5,wet,100,5,200,10,135.65,51.9,75,3000,18.5,21.5,185.2,272.8,165.3,251.7,60,65,19,33,17,32,16.5,31.5,15.5,32.5,8,6,8,6,W,WNW,SE,S,88.5,95,81,84,400,30075
5,Sankarapuram,CO_43,alluvial,125,62.5,wet,100,5,200,10,135.65,51.9,75,3000,18.1,21.9,185.6,272.4,166.1,250.9,60.2,64.8,20.5,32,17.5,28,18,34,16.5,35,10,12,10,12,SSE,W,SW,NW,72.7,91,83,81,450,31065
5,Chinnasalem,delux ponni,alluvial,125,62.5,wet,100,5,200,10,135.65,51.9,75,3000,18.1,21.9,185.6,272.4,166.1,250.9,60.2,64.8,18,31,15.5,34,15,33,15,31.5,6,6,8,10,E,ENE,NE,NNW,78.6,80,92,88,400,31135
5,Cuddalore,ponmani,clay,125,62.5,wet,100,5,200,10,135.65,51.9,75,3000,19.6,20.4,187.2,270.8,167,250,61,64,18.5,34,16,30,15.5,31,16,33,4,10,8,10,SW,W,NNW,WSW,72,78,88,85,500,31810
5,Kurinjipadi,CO_43,alluvial,125,62.5,wet,100,5,200,10,135.65,51.9,75,3000,19.6,20.4,187.2,270.8,167,250,61,64,19.5,34,18.5,35,17,32.5,16,30.5,10,4,10,6,NW,S,SE,SSE,64.6,85,84,87,450,30755
5,Panruti,ponmani,clay,125,62.5,wet,100,5,200,10,135.65,51.9,75,3000,18.5,21.5,185.2,272.8,165.3,251.7,60,65,20,35,18,30,17.5,33.5,18,33,4,12,4,12,ENE,NE,NNE,W,85,96,84,79,500,31815
5,Kallakurichi,delux ponni,alluvial,125,62.5,dry,100,5,200,10,135.65,51.9,75,3000,18.5,21.5,185.2,272.8,165.3,251.7,60,65,19,33,17,32,16.5,31.5,15.5,32.5,8,6,8,6,W,WNW,SE,S,88.5,95,81,84,400,32090
5,Sankarapuram,CO_43,alluvial,125,62.5,dry,100,5,200,10,135.65,51.9,75,3000,18.1,21.9,185.6,272.4,166.1,250.9,60.2,64.8,20.5,32,17.5,28,18,34,16.5,35,10,12,10,12,SSE,W,SW,NW,72.7,91,83,81,450,31045
5,Chinnasalem,ponmani,clay,125,62.5,dry,100,5,200,10,135.65,51.9,75,3000,18.1,21.9,185.6,272.4,166.1,250.9,60.2,64.8,18,31,15.5,34,15,33,15,31.5,6,6,8,10,E,ENE,NE,NNW,78.6,80,92,88,500,32155
5,Cuddalore,delux ponni,clay,125,62.5,dry,100,5,200,10,135.65,51.9,75,3000,19.6,20.4,187.2,270.8,167,250,61,64,18.5,34,16,30,15.5,31,16,33,4,10,8,10,SW,W,NNW,WSW,72,78,88,85,400,31400
5,Kurinjipadi,CO_43,alluvial,125,62.5,dry,100,5,200,10,135.65,51.9,75,3000,19.6,20.4,187.2,270.8,167,250,61,64,19.5,34,18.5,35,17,32.5,16,30.5,10,4,10,6,NW,S,SE,SSE,64.6,85,84,87,450,30805
5,Panruti,delux ponni,clay,125,62.5,dry,100,5,200,10,135.65,51.9,75,3000,18.5,21.5,185.2,272.8,165.3,251.7,60,65,20,35,18,30,17.5,33.5,18,33,4,12,4,12,ENE,NE,NNE,W,85,96,84,79,400,31555
5,Kallakurichi,ponmani,alluvial,125,62.5,dry,100,5,200,10,135.65,51.9,75,3000,18.5,21.5,185.2,272.8,165.3,251.7,60,65,19,33,17,32,16.5,31.5,15.5,32.5,8,6,8,6,W,WNW,SE,S,88.5,95,81,84,500,30250
5,Sankarapuram,CO_43,clay,125,62.5,dry,100,5,200,10,135.65,51.9,75,3000,18.1,21.9,185.6,272.4,166.1,250.9,60.2,64.8,20.5,32,17.5,28,18,34,16.5,35,10,12,10,12,SSE,W,SW,NW,72.7,91,83,81,450,30610
5,Chinnasalem,ponmani,clay,125,62.5,wet,100,5,200,10,135.65,51.9,75,3000,18.1,21.9,185.6,272.4,166.1,250.9,60.2,64.8,18,31,15.5,34,15,33,15,31.5,6,6,8,10,E,ENE,NE,NNW,78.6,80,92,88,500,30575
5,Cuddalore,delux ponni,alluvial,125,62.5,wet,100,5,200,10,135.65,51.9,75,3000,19.6,20.4,187.2,270.8,167,250,61,64,18.5,34,16,30,15.5,31,16,33,4,10,8,10,SW,W,NNW,WSW,72,78,88,85,400,31605
5,Kurinjipadi,CO_43,clay,125,62.5,wet,100,5,200,10,135.65,51.9,75,3000,19.6,20.4,187.2,270.8,167,250,61,64,19.5,34,18.5,35,17,32.5,16,30.5,10,4,10,6,NW,S,SE,SSE,64.6,85,84,87,450,31135
5,Panruti,ponmani,alluvial,125,62.5,wet,100,5,200,10,135.65,51.9,75,3000,18.5,21.5,185.2,272.8,165.3,251.7,60,65,20,35,18,30,17.5,33.5,18,33,4,12,4,12,ENE,NE,NNE,W,85,96,84,79,500,32080
5,Kallakurichi,delux ponni,clay,125,62.5,wet,100,5,200,10,135.65,51.9,75,3000,18.5,21.5,185.2,272.8,165.3,251.7,60,65,19,33,17,32,16.5,31.5,15.5,32.5,8,6,8,6,W,WNW,SE,S,88.5,95,81,84,400,30885
5,Sankarapuram,CO_43,alluvial,125,62.5,wet,100,5,200,10,135.65,51.9,75,3000,18.1,21.9,185.6,272.4,166.1,250.9,60.2,64.8,20.5,32,17.5,28,18,34,16.5,35,10,12,10,12,SSE,W,SW,NW,72.7,91,83,81,450,30945
5,Chinnasalem,delux ponni,alluvial,125,62.5,wet,100,5,200,10,135.65,51.9,75,3000,18.1,21.9,185.6,272.4,166.1,250.9,60.2,64.8,18,31,15.5,34,15,33,15,31.5,6,6,8,10,E,ENE,NE,NNW,78.6,80,92,88,400,30460
5,Chinnasalem,ponmani,clay,125,62.5,dry,100,5,200,10,135.65,51.9,75,3000,18.1,21.9,185.6,272.4,166.1,250.9,60.2,64.8,18,31,15.5,34,15,33,15,31.5,6,6,8,10,E,ENE,NE,NNW,78.6,80,92,88,500,31780
5,Chinnasalem,ponmani,alluvial,125,62.5,dry,100,5,200,10,135.65,51.9,75,3000,18.1,21.9,185.6,272.4,166.1,250.9,60.2,64.8,18,31,15.5,34,15,33,15,31.5,6,6,8,10,E,ENE,NE,NNW,78.6,80,92,88,500,30575
5,Chinnasalem,ponmani,clay,125,62.5,dry,100,5,200,10,135.65,51.9,75,3000,18.1,21.9,185.6,272.4,166.1,250.9,60.2,64.8,18,31,15.5,34,15,33,15,31.5,6,6,8,10,E,ENE,NE,NNW,78.6,80,92,88,500,30355
5,Chinnasalem,ponmani,alluvial,125,62.5,dry,100,5,200,10,135.65,51.9,75,3000,18.1,21.9,185.6,272.4,166.1,250.9,60.2,64.8,18,31,15.5,34,15,33,15,31.5,6,6,8,10,E,ENE,NE,NNW,78.6,80,92,88,500,30540
5,Kallakurichi,CO_43,clay,125,62.5,dry,100,5,200,10,135.65,51.9,75,3000,18.5,21.5,185.2,272.8,165.3,251.7,60,65,19,33,17,32,16.5,31.5,15.5,32.5,8,6,8,6,W,WNW,SE,S,88.5,95,81,84,450,31535
5,Kallakurichi,ponmani,alluvial,125,62.5,dry,100,5,200,10,135.65,51.9,75,3000,18.5,21.5,185.2,272.8,165.3,251.7,60,65,19,33,17,32,16.5,31.5,15.5,32.5,8,6,8,6,W,WNW,SE,S,88.5,95,81,84,500,30545
5,Kallakurichi,ponmani,clay,125,62.5,dry,100,5,200,10,135.65,51.9,75,3000,18.5,21.5,185.2,272.8,165.3,251.7,60,65,19,33,17,32,16.5,31.5,15.5,32.5,8,6,8,6,W,WNW,SE,S,88.5,95,81,84,500,31625
5,Kallakurichi,ponmani,clay,125,62.5,dry,100,5,200,10,135.65,51.9,75,3000,18.5,21.5,185.2,272.8,165.3,251.7,60,65,19,33,17,32,16.5,31.5,15.5,32.5,8,6,8,6,W,WNW,SE,S,88.5,95,81,84,500,32345
5,Panruti,delux ponni,clay,125,62.5,wet,100,5,200,10,135.65,51.9,75,3000,18.5,21.5,185.2,272.8,165.3,251.7,60,65,20,35,18,30,17.5,33.5,18,33,4,12,4,12,ENE,NE,NNE,W,85,96,84,79,400,31400
5,Panruti,delux ponni,clay,125,62.5,wet,100,5,200,10,135.65,51.9,75,3000,18.5,21.5,185.2,272.8,165.3,251.7,60,65,20,35,18,30,17.5,33.5,18,33,4,12,4,12,ENE,NE,NNE,W,85,96,84,79,400,30905
5,Panruti,delux ponni,alluvial,125,62.5,wet,100,5,200,10,135.65,51.9,75,3000,18.5,21.5,185.2,272.8,165.3,251.7,60,65,20,35,18,30,17.5,33.5,18,33,4,12,4,12,ENE,NE,NNE,W,85,96,84,79,400,31535
5,Panruti,ponmani,clay,125,62.5,wet,100,5,200,10,135.65,51.9,75,3000,18.5,21.5,185.2,272.8,165.3,251.7,60,65,20,35,18,30,17.5,33.5,18,33,4,12,4,12,ENE,NE,NNE,W,85,96,84,79,500,31555
5,Panruti,delux ponni,clay,125,62.5,wet,100,5,200,10,135.65,51.9,75,3000,18.5,21.5,185.2,272.8,165.3,251.7,60,65,20,35,18,30,17.5,33.5,18,33,4,12,4,12,ENE,NE,NNE,W,85,96,84,79,400,31035
5,Cuddalore,CO_43,alluvial,125,62.5,wet,100,5,200,10,135.65,51.9,75,3000,19.6,20.4,187.2,270.8,167,250,61,64,18.5,34,16,30,15.5,31,16,33,4,10,8,10,SW,W,NNW,WSW,72,78,88,85,450,32050
5,Cuddalore,delux ponni,clay,125,62.5,wet,100,5,200,10,135.65,51.9,75,3000,19.6,20.4,187.2,270.8,167,250,61,64,18.5,34,16,30,15.5,31,16,33,4,10,8,10,SW,W,NNW,WSW,72,78,88,85,400,30250
5,Cuddalore,delux ponni,clay,125,62.5,wet,100,5,200,10,135.65,51.9,75,3000,19.6,20.4,187.2,270.8,167,250,61,64,18.5,34,16,30,15.5,31,16,33,4,10,8,10,SW,W,NNW,WSW,72,78,88,85,400,31135
5,Cuddalore,CO_43,alluvial,125,62.5,wet,100,5,200,10,135.65,51.9,75,3000,19.6,20.4,187.2,270.8,167,250,61,64,18.5,34,16,30,15.5,31,16,33,4,10,8,10,SW,W,NNW,WSW,72,78,88,85,450,31815
5,Cuddalore,ponmani,clay,125,62.5,wet,100,5,200,10,135.65,51.9,75,3000,19.6,20.4,187.2,270.8,167,250,61,64,18.5,34,16,30,15.5,31,16,33,4,10,8,10,SW,W,NNW,WSW,72,78,88,85,500,31045
5,Cuddalore,delux ponni,clay,125,62.5,wet,100,5,200,10,135.65,51.9,75,3000,19.6,20.4,187.2,270.8,167,250,61,64,18.5,34,16,30,15.5,31,16,33,4,10,8,10,SW,W,NNW,WSW,72,78,88,85,400,31555
5,Cuddalore,CO_43,clay,125,62.5,wet,100,5,200,10,135.65,51.9,75,3000,19.6,20.4,187.2,270.8,167,250,61,64,18.5,34,16,30,15.5,31,16,33,4,10,8,10,SW,W,NNW,WSW,72,78,88,85,450,30575
5,Kurinjipadi,ponmani,alluvial,125,62.5,dry,100,5,200,10,135.65,51.9,75,3000,19.6,20.4,187.2,270.8,167,250,61,64,19.5,34,18.5,35,17,32.5,16,30.5,10,4,10,6,NW,S,SE,SSE,64.6,85,84,87,500,31135
5,Kurinjipadi,delux ponni,clay,125,62.5,dry,100,5,200,10,135.65,51.9,75,3000,19.6,20.4,187.2,270.8,167,250,61,64,19.5,34,18.5,35,17,32.5,16,30.5,10,4,10,6,NW,S,SE,SSE,64.6,85,84,87,400,31625
5,Kurinjipadi,CO_43,clay,125,62.5,dry,100,5,200,10,135.65,51.9,75,3000,19.6,20.4,187.2,270.8,167,250,61,64,19.5,34,18.5,35,17,32.5,16,30.5,10,4,10,6,NW,S,SE,SSE,64.6,85,84,87,450,32345
5,Kurinjipadi,delux ponni,alluvial,125,62.5,dry,100,5,200,10,135.65,51.9,75,3000,19.6,20.4,187.2,270.8,167,250,61,64,19.5,34,18.5,35,17,32.5,16,30.5,10,4,10,6,NW,S,SE,SSE,64.6,85,84,87,400,31400
5,Kurinjipadi,ponmani,alluvial,125,62.5,dry,100,5,200,10,135.65,51.9,75,3000,19.6,20.4,187.2,270.8,167,250,61,64,19.5,34,18.5,35,17,32.5,16,30.5,10,4,10,6,NW,S,SE,SSE,64.6,85,84,87,500,30905
5,Kurinjipadi,CO_43,alluvial,125,62.5,dry,100,5,200,10,135.65,51.9,75,3000,19.6,20.4,187.2,270.8,167,250,61,64,19.5,34,18.5,35,17,32.5,16,30.5,10,4,10,6,NW,S,SE,SSE,64.6,85,84,87,450,31535
5,Kurinjipadi,ponmani,alluvial,125,62.5,dry,100,5,200,10,135.65,51.9,75,3000,19.6,20.4,187.2,270.8,167,250,61,64,19.5,34,18.5,35,17,32.5,16,30.5,10,4,10,6,NW,S,SE,SSE,64.6,85,84,87,500,31555
5,Kurinjipadi,delux ponni,alluvial,125,62.5,wet,100,5,200,10,135.65,51.9,75,3000,19.6,20.4,187.2,270.8,167,250,61,64,19.5,34,18.5,35,17,32.5,16,30.5,10,4,10,6,NW,S,SE,SSE,64.6,85,84,87,400,31035
5,Kurinjipadi,CO_43,alluvial,125,62.5,wet,100,5,200,10,135.65,51.9,75,3000,19.6,20.4,187.2,270.8,167,250,61,64,19.5,34,18.5,35,17,32.5,16,30.5,10,4,10,6,NW,S,SE,SSE,64.6,85,84,87,450,32050
5,Kurinjipadi,ponmani,alluvial,125,62.5,wet,100,5,200,10,135.65,51.9,75,3000,19.6,20.4,187.2,270.8,167,250,61,64,19.5,34,18.5,35,17,32.5,16,30.5,10,4,10,6,NW,S,SE,SSE,64.6,85,84,87,500,30250
5,Sankarapuram,delux ponni,clay,125,62.5,wet,100,5,200,10,135.65,51.9,75,3000,18.1,21.9,185.6,272.4,166.1,250.9,60.2,64.8,20.5,32,17.5,28,18,34,16.5,35,10,12,10,12,SSE,W,SW,NW,72.7,91,83,81,400,31135
5,Sankarapuram,CO_43,clay,125,62.5,wet,100,5,200,10,135.65,51.9,75,3000,18.1,21.9,185.6,272.4,166.1,250.9,60.2,64.8,20.5,32,17.5,28,18,34,16.5,35,10,12,10,12,SSE,W,SW,NW,72.7,91,83,81,450,31815
5,Sankarapuram,delux ponni,clay,125,62.5,wet,100,5,200,10,135.65,51.9,75,3000,18.1,21.9,185.6,272.4,166.1,250.9,60.2,64.8,20.5,32,17.5,28,18,34,16.5,35,10,12,10,12,SSE,W,SW,NW,72.7,91,83,81,400,31045
5,Sankarapuram,ponmani,clay,125,62.5,dry,100,5,200,10,135.65,51.9,75,3000,18.1,21.9,185.6,272.4,166.1,250.9,60.2,64.8,20.5,32,17.5,28,18,34,16.5,35,10,12,10,12,SSE,W,SW,NW,72.7,91,83,81,500,31555
5,Sankarapuram,CO_43,clay,125,62.5,dry,100,5,200,10,135.65,51.9,75,3000,18.1,21.9,185.6,272.4,166.1,250.9,60.2,64.8,20.5,32,17.5,28,18,34,16.5,35,10,12,10,12,SSE,W,SW,NW,72.7,91,83,81,450,30575
5,Sankarapuram,ponmani,clay,125,62.5,dry,100,5,200,10,135.65,51.9,75,3000,18.1,21.9,185.6,272.4,166.1,250.9,60.2,64.8,20.5,32,17.5,28,18,34,16.5,35,10,12,10,12,SSE,W,SW,NW,72.7,91,83,81,500,31135
5,Sankarapuram,delux ponni,clay,125,62.5,dry,100,5,200,10,135.65,51.9,75,3000,18.1,21.9,185.6,272.4,166.1,250.9,60.2,64.8,20.5,32,17.5,28,18,34,16.5,35,10,12,10,12,SSE,W,SW,NW,72.7,91,83,81,400,31625
5,Sankarapuram,CO_43,clay,125,62.5,dry,100,5,200,10,135.65,51.9,75,3000,18.1,21.9,185.6,272.4,166.1,250.9,60.2,64.8,20.5,32,17.5,28,18,34,16.5,35,10,12,10,12,SSE,W,SW,NW,72.7,91,83,81,450,32345
5,Sankarapuram,ponmani,alluvial,125,62.5,wet,100,5,200,10,135.65,51.9,75,3000,18.1,21.9,185.6,272.4,166.1,250.9,60.2,64.8,20.5,32,17.5,28,18,34,16.5,35,10,12,10,12,SSE,W,SW,NW,72.7,91,83,81,500,31400
5,Sankarapuram,delux ponni,alluvial,125,62.5,wet,100,5,200,10,135.65,51.9,75,3000,18.1,21.9,185.6,272.4,166.1,250.9,60.2,64.8,20.5,32,17.5,28,18,34,16.5,35,10,12,10,12,SSE,W,SW,NW,72.7,91,83,81,400,30905
5,Sankarapuram,CO_43,alluvial,125,62.5,wet,100,5,200,10,135.65,51.9,75,3000,18.1,21.9,185.6,272.4,166.1,250.9,60.2,64.8,20.5,32,17.5,28,18,34,16.5,35,10,12,10,12,SSE,W,SW,NW,72.7,91,83,81,450,31535
5,Sankarapuram,delux ponni,alluvial,125,62.5,wet,100,5,200,10,135.65,51.9,75,3000,18.1,21.9,185.6,272.4,166.1,250.9,60.2,64.8,20.5,32,17.5,28,18,34,16.5,35,10,12,10,12,SSE,W,SW,NW,72.7,91,83,81,400,31555
5,Sankarapuram,ponmani,clay,125,62.5,wet,100,5,200,10,135.65,51.9,75,3000,18.1,21.9,185.6,272.4,166.1,250.9,60.2,64.8,20.5,32,17.5,28,18,34,16.5,35,10,12,10,12,SSE,W,SW,NW,72.7,91,83,81,500,31035
5,Sankarapuram,ponmani,alluvial,125,62.5,dry,100,5,200,10,135.65,51.9,75,3000,18.1,21.9,185.6,272.4,166.1,250.9,60.2,64.8,20.5,32,17.5,28,18,34,16.5,35,10,12,10,12,SSE,W,SW,NW,72.7,91,83,81,500,32050
5,Sankarapuram,ponmani,alluvial,125,62.5,dry,100,5,200,10,135.65,51.9,75,3000,18.1,21.9,185.6,272.4,166.1,250.9,60.2,64.8,20.5,32,17.5,28,18,34,16.5,35,10,12,10,12,SSE,W,SW,NW,72.7,91,83,81,500,30250
5,Sankarapuram,ponmani,alluvial,125,62.5,dry,100,5,200,10,135.65,51.9,75,3000,18.1,21.9,185.6,272.4,166.1,250.9,60.2,64.8,20.5,32,17.5,28,18,34,16.5,35,10,12,10,12,SSE,W,SW,NW,72.7,91,83,81,500,31135
5,Sankarapuram,CO_43,clay,125,62.5,dry,100,5,200,10,135.65,51.9,75,3000,18.1,21.9,185.6,272.4,166.1,250.9,60.2,64.8,20.5,32,17.5,28,18,34,16.5,35,10,12,10,12,SSE,W,SW,NW,72.7,91,83,81,450,31815
5,Sankarapuram,ponmani,clay,125,62.5,dry,100,5,200,10,135.65,51.9,75,3000,18.1,21.9,185.6,272.4,166.1,250.9,60.2,64.8,20.5,32,17.5,28,18,34,16.5,35,10,12,10,12,SSE,W,SW,NW,72.7,91,83,81,500,31045
5,Sankarapuram,ponmani,clay,125,62.5,dry,100,5,200,10,135.65,51.9,75,3000,18.1,21.9,185.6,272.4,166.1,250.9,60.2,64.8,20.5,32,17.5,28,18,34,16.5,35,10,12,10,12,SSE,W,SW,NW,72.7,91,83,81,500,31555
5,Sankarapuram,ponmani,clay,125,62.5,dry,100,5,200,10,135.65,51.9,75,3000,18.1,21.9,185.6,272.4,166.1,250.9,60.2,64.8,20.5,32,17.5,28,18,34,16.5,35,10,12,10,12,SSE,W,SW,NW,72.7,91,83,81,500,30575
